-- MySQL dump 10.13  Distrib 5.7.27, for Linux (x86_64)
--
-- Host: localhost    Database: amazon
-- ------------------------------------------------------
-- Server version	5.7.27-0ubuntu0.18.04.1

/*!40101 SET @OLD_CHARACTER_SET_CLIENT=@@CHARACTER_SET_CLIENT */;
/*!40101 SET @OLD_CHARACTER_SET_RESULTS=@@CHARACTER_SET_RESULTS */;
/*!40101 SET @OLD_COLLATION_CONNECTION=@@COLLATION_CONNECTION */;
/*!40101 SET NAMES utf8 */;
/*!40103 SET @OLD_TIME_ZONE=@@TIME_ZONE */;
/*!40103 SET TIME_ZONE='+00:00' */;
/*!40014 SET @OLD_UNIQUE_CHECKS=@@UNIQUE_CHECKS, UNIQUE_CHECKS=0 */;
/*!40014 SET @OLD_FOREIGN_KEY_CHECKS=@@FOREIGN_KEY_CHECKS, FOREIGN_KEY_CHECKS=0 */;
/*!40101 SET @OLD_SQL_MODE=@@SQL_MODE, SQL_MODE='NO_AUTO_VALUE_ON_ZERO' */;
/*!40111 SET @OLD_SQL_NOTES=@@SQL_NOTES, SQL_NOTES=0 */;

--
-- Table structure for table `authors`
--

DROP TABLE IF EXISTS `authors`;
/*!40101 SET @saved_cs_client     = @@character_set_client */;
/*!40101 SET character_set_client = utf8 */;
CREATE TABLE `authors` (
  `id` bigint(20) unsigned NOT NULL AUTO_INCREMENT,
  `name` varchar(255) NOT NULL COMMENT 'Название',
  `description` text COMMENT 'Описание',
  `url` varchar(255) NOT NULL COMMENT 'УРЛ страницы автора, типа pushkin',
  `photo` varchar(255) DEFAULT '/img/default_author.png' COMMENT 'Картинка для автора. Если не указана, ставим заглушку',
  PRIMARY KEY (`id`),
  UNIQUE KEY `id` (`id`),
  UNIQUE KEY `url` (`url`),
  KEY `authors_name_idx` (`name`),
  KEY `authors_url_idx` (`url`)
) ENGINE=InnoDB AUTO_INCREMENT=21 DEFAULT CHARSET=latin1 COMMENT='Авторы';
/*!40101 SET character_set_client = @saved_cs_client */;

--
-- Dumping data for table `authors`
--

LOCK TABLES `authors` WRITE;
/*!40000 ALTER TABLE `authors` DISABLE KEYS */;
INSERT INTO `authors` VALUES (1,'voluptate velit','ex ea commodo consequat. Duis aute i','nisi ut aliqui','quis nostrud '),(2,'aute irure ','nostrud exercitation ullamco laboris nis','deserun','reprehenderi'),(3,'magna aliqua. U','ullamco laboris nisi ut aliquip ex ea commodo consequat. Duis aute i','ut aliquip ','qui offic'),(4,'adipiscing eli','velit esse cillum dolore eu fugiat nulla pariatur. Excepteur sint occaecat cupidatat non proi','pariatur.','magna a'),(5,'sed do eiusm','id est laborum.Lorem ipsum dolor sit amet, consectetur adipiscing elit, sed do eiusmod tempor','eu fugi','ut labore e'),(6,'Excepteur sint','commodo consequat. Duis ','amet, con','reprehend'),(7,'dolore magna al','ut aliquip ex ea commodo consequat. Duis aute irure dolor in reprehenderit in volup','laboris ni','culpa q'),(8,'non proident, s','magna aliqua. Ut enim','voluptate vel','est laborum'),(9,'elit, sed do ','nulla pariatur. Excepteur sint occaecat cupidatat no','dolore e','amet, c'),(10,'sunt in cul','sunt in culpa qui offi','ullamco labo','ut enim ad min'),(11,'Ut enim ad','consequat. Duis aute irure dolor in reprehenderit in voluptate velit esse cillum dolore ','exercitati','adipiscing '),(12,'sit amet, c','velit esse cillum dolore eu fugiat nulla pariatur. Exc','ut labore e','quis nost'),(13,'laborum.Lorem','proident, sunt in culpa qui officia deserunt m','ut enim a','duis aute irur'),(14,'laboris ni','est laborum.Lorem ipsum dolor sit amet, consectet','laboris nisi ut','ut enim ad m'),(15,'nostrud exe','non proident, sunt in culpa qui officia deserunt mollit anim id est laborum.Lorem ipsum dolor s','lorem ip','laborum.lore'),(16,'aliquip ex ','nisi ut aliquip ex ea commodo consequ','ut enim ','commodo conseq'),(17,'sunt in culpa ','ullamco laboris nisi ut aliquip ex ea commodo consequat. Duis aute irure dolor in reprehenderit ','ea comm','duis aute'),(18,'elit, sed do ','esse cillum dolore eu fugiat nulla pariatur. Excepteur sint occaecat cupidata','incididu','tempor i'),(19,'consectetur adi','ex ea commodo consequat. Dui','ad minim venia','quis nostrud '),(20,'ut aliquip','ullamco laboris nisi ut aliqu','in voluptat','dolor in repreh');
/*!40000 ALTER TABLE `authors` ENABLE KEYS */;
UNLOCK TABLES;

--
-- Table structure for table `brands`
--

DROP TABLE IF EXISTS `brands`;
/*!40101 SET @saved_cs_client     = @@character_set_client */;
/*!40101 SET character_set_client = utf8 */;
CREATE TABLE `brands` (
  `id` mediumint(8) unsigned NOT NULL AUTO_INCREMENT,
  `name` varchar(255) NOT NULL COMMENT 'Название',
  `description` text COMMENT 'Описание',
  `url` varchar(255) NOT NULL COMMENT 'УРЛ бренда, типа philips',
  `photo` varchar(255) DEFAULT '/img/default_brand.png' COMMENT 'Картинка для бренда. Если не указана, ставим заглушку',
  PRIMARY KEY (`id`),
  UNIQUE KEY `id` (`id`),
  UNIQUE KEY `url` (`url`)
) ENGINE=InnoDB AUTO_INCREMENT=21 DEFAULT CHARSET=latin1 COMMENT='Бренды товаров';
/*!40101 SET character_set_client = @saved_cs_client */;

--
-- Dumping data for table `brands`
--

LOCK TABLES `brands` WRITE;
/*!40000 ALTER TABLE `brands` DISABLE KEYS */;
INSERT INTO `brands` VALUES (1,'EU FUGIAT ','id est laborum.Lorem ipsum dolor sit amet, consectetur adipiscing elit, sed do eiusmod tempor','in voluptate ','in reprehen'),(2,'DOLOR','incididunt ut labore et dolore magna aliqua. Ut enim ad minim veniam, quis nost','um.lorem','ut aliqu'),(3,'TEMPOR','esse cillum dolore eu fugiat nulla pariatur. Excepteur sint occaecat cupidatat non proiden','ullamco laboris','cillum dolore'),(4,'VEN','anim id est laborum.Lorem','sed do eiusm','officia'),(5,'DUIS AUT','elit, sed do eiusmod tempor incididunt ut labore et dolore magna ','ea commodo c','cupidata'),(6,'ANIM ID ','veniam, quis nostrud exercitation ul','adipiscing ','officia d'),(7,'OCCAE','elit, sed do eiusmod tempor incididunt ut','cupidatat non ','dolor si'),(8,'ELIT, ','non proident, sunt in culpa qui officia dese','ipsum d','proident, s'),(9,'EU FUGIAT NULLA','pariatur. Excepteur sint occaecat cupidatat non proident, sunt in culpa qui officia deserunt mollit ','elit, sed','sit amet,'),(10,'IN VO','dolore eu fugiat nulla pariatur. Excepteur sint occaec','sit amet, ','consequa'),(11,'IRURE DOLOR IN','nisi ut aliquip ex ea commodo consequat. Duis aute irure dolor i','duis aute ','exercitati'),(12,'LABORIS','laboris nisi ut aliquip ex ea commodo consequat. Duis aute irure dolor i','deserunt moll','est labo'),(13,'NON PROIDENT, S','adipiscing elit, sed do ei','rum.lorem ipsum','sunt in '),(14,'LABORE ET D','sed do eiusmod tempor i','nostrud exer','exercitation ul'),(15,'ESSE CILLUM D','dolore eu fugiat nulla pariatur. Excepteur sint occaec','quis nost','ut labo'),(16,'EXERCIT','cupidatat non proident, sunt in culpa qui officia deserunt mollit anim id est la','esse cil','velit esse c'),(17,'ALIQUA','tempor incididunt ut labore et dolore magna','proiden','adipisci'),(18,'IN CULPA Q','consectetur adipiscing elit, sed do eiusmod tempor incididunt ut labore ','eu fugi','in culpa qui of'),(19,'ADIPISCI','dolor in reprehenderit in voluptate velit esse cillum dolore eu fugiat nulla pariatur. Excep','consequat. duis','do eiusm'),(20,'DOLORE EU','ea commodo consequat. Duis aute irure dolor in reprehenderit in voluptate velit esse cillum dolore','veniam, ','cupidatat');
/*!40000 ALTER TABLE `brands` ENABLE KEYS */;
UNLOCK TABLES;

--
-- Table structure for table `catalogs`
--

DROP TABLE IF EXISTS `catalogs`;
/*!40101 SET @saved_cs_client     = @@character_set_client */;
/*!40101 SET character_set_client = utf8 */;
CREATE TABLE `catalogs` (
  `id` mediumint(8) unsigned NOT NULL AUTO_INCREMENT,
  `name` varchar(255) NOT NULL COMMENT 'Название',
  `description` text COMMENT 'Описание',
  `url` varchar(255) NOT NULL COMMENT 'УРЛ раздела, типа clothes',
  `photo` varchar(255) DEFAULT '/img/default_catalog.png' COMMENT 'Картинка для раздела. Если не указана, ставим заглушку',
  `sort_id` mediumint(8) unsigned NOT NULL DEFAULT '0' COMMENT 'Поле, по которому категории будем сортировать при выводе.',
  PRIMARY KEY (`id`),
  UNIQUE KEY `id` (`id`),
  UNIQUE KEY `url` (`url`),
  KEY `catalogs_name_idx` (`name`),
  KEY `catalogs_url_idx` (`url`)
) ENGINE=InnoDB AUTO_INCREMENT=21 DEFAULT CHARSET=latin1 COMMENT='Разделы интернет-магазина';
/*!40101 SET character_set_client = @saved_cs_client */;

--
-- Dumping data for table `catalogs`
--

LOCK TABLES `catalogs` WRITE;
/*!40000 ALTER TABLE `catalogs` DISABLE KEYS */;
INSERT INTO `catalogs` VALUES (1,'Main','','main','/img/default_catalog.png',1),(2,'Pet Supplies','pariatur. Excepteur sint occaecat cu','ut labor','consequat',2),(3,'Computers','nisi ut aliquip ex ea commodo consequat. Duis aute irure dolor in re','anim ','sit amet, c',3),(4,'Electronics','nostrud exercitation ullamco laboris nisi ut aliquip ex ea commodo consequat. Duis aute iru','ex ea commo','ut aliq',5),(5,'Baby','laboris nisi ut aliquip ex ea commodo consequat. Duis aute irure dolor in reprehenderit in volupta','labor','duis aute i',4),(6,'Arts & Crafts','dolor in reprehenderit in voluptate velit esse cillum dolore eu fugiat nulla pariatur. Excepteur si','officia dese','quis nostrud',6),(7,'Accessories & Supplies','consequat. Duis aute irure dolor in reprehenderit in voluptate velit esse cillum dolore eu fugia','mollit anim id ','aliqua. ut ',7),(8,'Camera & Photo','in culpa qui officia deserunt mollit anim id est laborum.Lorem ipsum dolor sit amet, consectetur adi','consec','in culp',8),(9,'Dogs','nulla pariatur. Excepteur sint occaecat cupida','commo','sint occae',9),(10,'Cats','sunt in culpa qui officia','nisi ut aliqu','labore et dol',10),(11,'Birds','consectetur adipiscing elit, sed do eiusmod','in culpa qui o','quis nostrud ',11),(12,'Baby Care','ullamco laboris nisi ut aliquip ex ea commodo consequ','duis aute ','voluptate veli',12),(13,'Baby Stationery','exercitation ullamco laboris nisi ut aliquip ex ea commodo consequat. Duis a','reprehen','in culpa',13),(14,'Food','velit esse cillum dolore eu fugiat nulla pariatur. Excepteur sint occaecat cupidatat non proident, s','eu fugiat ','voluptate v',14),(15,'Treats','velit esse cillum dolore eu fugiat ','occaecat cupi','elit, se',15),(16,'Apparel & Accessories','id est laborum.Lorem ipsum dolor sit amet, consectetur adipiscing elit, sed do eiusmod','nisi u','in volupta',16),(17,'Backpacks','Duis aute irure dolor in','nulla p','ex ea commodo',17),(18,'Bandanas','ad minim veniam, quis nostrud exercitation ullamco laboris nisi u','officia des','elit, sed do e',18),(19,'Boots & Paw Protectors','esse cillum dolore eu fugiat nulla pariatur. Excepteur sint occaecat cupidatat','ad mi','deserunt mo',19),(20,'Boots','laboris nisi ut aliquip ex ea commodo consequat. Duis aute irure dolor in reprehender','nisi ut aliq','ullamco labori',20);
/*!40000 ALTER TABLE `catalogs` ENABLE KEYS */;
UNLOCK TABLES;
/*!50003 SET @saved_cs_client      = @@character_set_client */ ;
/*!50003 SET @saved_cs_results     = @@character_set_results */ ;
/*!50003 SET @saved_col_connection = @@collation_connection */ ;
/*!50003 SET character_set_client  = utf8 */ ;
/*!50003 SET character_set_results = utf8 */ ;
/*!50003 SET collation_connection  = utf8_general_ci */ ;
/*!50003 SET @saved_sql_mode       = @@sql_mode */ ;
/*!50003 SET sql_mode              = 'ONLY_FULL_GROUP_BY,STRICT_TRANS_TABLES,NO_ZERO_IN_DATE,NO_ZERO_DATE,ERROR_FOR_DIVISION_BY_ZERO,NO_ENGINE_SUBSTITUTION' */ ;
DELIMITER ;;
/*!50003 CREATE*/ /*!50017 DEFINER=`roost`@`localhost`*/ /*!50003 TRIGGER catalogs_photo_default BEFORE UPDATE ON catalogs
FOR EACH ROW
BEGIN
  SET NEW.photo = COALESCE(NEW.photo, '/img/default_catalog.png');
END */;;
DELIMITER ;
/*!50003 SET sql_mode              = @saved_sql_mode */ ;
/*!50003 SET character_set_client  = @saved_cs_client */ ;
/*!50003 SET character_set_results = @saved_cs_results */ ;
/*!50003 SET collation_connection  = @saved_col_connection */ ;

--
-- Table structure for table `catalogs_links`
--

DROP TABLE IF EXISTS `catalogs_links`;
/*!40101 SET @saved_cs_client     = @@character_set_client */;
/*!40101 SET character_set_client = utf8 */;
CREATE TABLE `catalogs_links` (
  `parent_id` mediumint(8) unsigned NOT NULL DEFAULT '1' COMMENT 'id родительского раздела из таблицы catalogs. У главных разделов будет 1, т.е. в таблице catalogs под 1 будет псевдо раздел Главная',
  `daughter_id` mediumint(8) unsigned NOT NULL COMMENT 'id подраздела',
  PRIMARY KEY (`parent_id`,`daughter_id`),
  UNIQUE KEY `daughter_id` (`daughter_id`),
  CONSTRAINT `catalogs_links_daughter_id_fk` FOREIGN KEY (`daughter_id`) REFERENCES `catalogs` (`id`),
  CONSTRAINT `catalogs_links_parent_id_fk` FOREIGN KEY (`parent_id`) REFERENCES `catalogs` (`id`)
) ENGINE=InnoDB DEFAULT CHARSET=latin1 COMMENT='Связи между разделами (какой раздел в какой раздел входит)';
/*!40101 SET character_set_client = @saved_cs_client */;

--
-- Dumping data for table `catalogs_links`
--

LOCK TABLES `catalogs_links` WRITE;
/*!40000 ALTER TABLE `catalogs_links` DISABLE KEYS */;
INSERT INTO `catalogs_links` VALUES (1,2),(1,3),(1,4),(1,5),(1,6),(4,7),(4,8),(2,9),(2,10),(2,11),(5,12),(5,13),(9,14),(9,15),(9,16),(16,17),(16,18),(16,19),(19,20);
/*!40000 ALTER TABLE `catalogs_links` ENABLE KEYS */;
UNLOCK TABLES;

--
-- Table structure for table `delyvery_prices`
--

DROP TABLE IF EXISTS `delyvery_prices`;
/*!40101 SET @saved_cs_client     = @@character_set_client */;
/*!40101 SET character_set_client = utf8 */;
CREATE TABLE `delyvery_prices` (
  `delyvery_type_id` tinyint(3) unsigned NOT NULL COMMENT 'id типа доставки',
  `region_id` bigint(20) unsigned NOT NULL COMMENT 'id региона',
  `shop_id` mediumint(8) unsigned NOT NULL COMMENT 'id продавца - владельца склада',
  `price` int(10) unsigned NOT NULL COMMENT 'Цена доставки',
  PRIMARY KEY (`delyvery_type_id`,`region_id`,`shop_id`),
  KEY `delyvery_prices_region_id_fk` (`region_id`),
  KEY `delyvery_prices_shop_id_fk` (`shop_id`),
  CONSTRAINT `delyvery_prices_delyvery_type_id_fk` FOREIGN KEY (`delyvery_type_id`) REFERENCES `delyvery_types` (`id`),
  CONSTRAINT `delyvery_prices_region_id_fk` FOREIGN KEY (`region_id`) REFERENCES `regions` (`id`),
  CONSTRAINT `delyvery_prices_shop_id_fk` FOREIGN KEY (`shop_id`) REFERENCES `shops` (`id`)
) ENGINE=InnoDB DEFAULT CHARSET=latin1 COMMENT='Стоимость доставки по типам доставки и региона';
/*!40101 SET character_set_client = @saved_cs_client */;

--
-- Dumping data for table `delyvery_prices`
--

LOCK TABLES `delyvery_prices` WRITE;
/*!40000 ALTER TABLE `delyvery_prices` DISABLE KEYS */;
INSERT INTO `delyvery_prices` VALUES (1,2,1,10),(1,3,1,12),(1,4,2,14),(2,2,1,15),(2,3,1,17),(2,3,3,22),(2,6,4,21);
/*!40000 ALTER TABLE `delyvery_prices` ENABLE KEYS */;
UNLOCK TABLES;

--
-- Table structure for table `delyvery_types`
--

DROP TABLE IF EXISTS `delyvery_types`;
/*!40101 SET @saved_cs_client     = @@character_set_client */;
/*!40101 SET character_set_client = utf8 */;
CREATE TABLE `delyvery_types` (
  `id` tinyint(3) unsigned NOT NULL AUTO_INCREMENT COMMENT 'id типа доставки',
  `name` varchar(255) NOT NULL COMMENT 'Название',
  `desription` text COMMENT 'Описание',
  PRIMARY KEY (`id`),
  UNIQUE KEY `id` (`id`)
) ENGINE=InnoDB AUTO_INCREMENT=3 DEFAULT CHARSET=latin1 COMMENT='Варианты доставки от Амазона';
/*!40101 SET character_set_client = @saved_cs_client */;

--
-- Dumping data for table `delyvery_types`
--

LOCK TABLES `delyvery_types` WRITE;
/*!40000 ALTER TABLE `delyvery_types` DISABLE KEYS */;
INSERT INTO `delyvery_types` VALUES (1,'courier','some some some'),(2,'premium','bla bla premium');
/*!40000 ALTER TABLE `delyvery_types` ENABLE KEYS */;
UNLOCK TABLES;

--
-- Table structure for table `faq`
--

DROP TABLE IF EXISTS `faq`;
/*!40101 SET @saved_cs_client     = @@character_set_client */;
/*!40101 SET character_set_client = utf8 */;
CREATE TABLE `faq` (
  `id` bigint(20) unsigned NOT NULL AUTO_INCREMENT COMMENT 'id вопроса/ответа',
  `product_id` bigint(20) unsigned NOT NULL COMMENT 'id товара',
  `user_id` bigint(20) unsigned NOT NULL COMMENT 'id пользователя',
  `desription` text NOT NULL COMMENT 'Текст вопроса/ответа',
  `created_at` datetime NOT NULL DEFAULT CURRENT_TIMESTAMP,
  `updated_at` datetime DEFAULT CURRENT_TIMESTAMP ON UPDATE CURRENT_TIMESTAMP,
  PRIMARY KEY (`id`),
  UNIQUE KEY `id` (`id`),
  KEY `faq_product_id_fk` (`product_id`),
  KEY `faq_user_id_fk` (`user_id`),
  CONSTRAINT `faq_product_id_fk` FOREIGN KEY (`product_id`) REFERENCES `products` (`id`),
  CONSTRAINT `faq_user_id_fk` FOREIGN KEY (`user_id`) REFERENCES `users` (`id`)
) ENGINE=InnoDB AUTO_INCREMENT=301 DEFAULT CHARSET=latin1 COMMENT='Вопросы и ответы от пользователей к товарам';
/*!40101 SET character_set_client = @saved_cs_client */;

--
-- Dumping data for table `faq`
--

LOCK TABLES `faq` WRITE;
/*!40000 ALTER TABLE `faq` DISABLE KEYS */;
INSERT INTO `faq` VALUES (1,26,27,'non proident, sunt in culpa qui officia deserunt mollit anim ','2005-02-09 10:17:55','1985-09-14 07:26:59'),(2,20,53,'sint occaecat cupidatat non proident, sunt in c','1993-04-04 04:13:40','1987-03-16 11:20:37'),(3,24,36,'est laborum.Lorem ipsum dolor sit amet, consectetur adipiscing elit, se','1989-04-19 02:26:03','1981-04-05 16:49:11'),(4,6,2,'exercitation ullamco laboris nisi ut aliquip ex ea commodo','1998-05-28 03:28:32','1997-10-17 13:35:08'),(5,16,39,'eu fugiat nulla pariatur. Excepteur sint occaecat cupidatat non proident, sunt in culpa qui offici','1996-12-16 03:00:16','1999-05-02 04:00:07'),(6,11,19,'ad minim veniam, quis nostrud exercitation ullamco laboris nisi ut aliquip ex ea commodo c','2015-06-16 19:19:25','1992-02-13 20:42:55'),(7,22,41,'Ut enim ad minim veniam, quis nostrud exe','2013-06-08 11:29:20','1980-01-15 08:26:10'),(8,25,20,'sit amet, consectetur adipiscing elit, sed do eiusmod tempor incididunt ut labore et dolore magna','1984-06-03 08:59:46','2008-11-24 23:44:56'),(9,15,60,'reprehenderit in voluptate velit esse cillum dolore eu fugiat nulla pariatur','1998-10-26 12:57:45','1996-06-17 23:28:17'),(10,2,34,'pariatur. Excepteur sint occaecat cupidatat non proident, sunt in culpa qui o','1983-09-11 19:25:11','2008-10-30 20:47:18'),(11,13,31,'mollit anim id est laborum.Lorem ipsum dolor sit amet, consectetur adipiscing elit, sed do e','1982-09-18 05:52:40','1989-05-12 22:08:12'),(12,28,12,'in culpa qui officia deserunt mollit anim id ','2007-04-21 03:47:19','2018-01-17 00:48:24'),(13,3,34,'commodo consequat. Duis aute ir','2011-07-23 02:30:07','2005-04-07 06:21:30'),(14,6,14,'Duis aute irure dolor in reprehenderit in voluptate velit esse cillum dolore e','2009-01-27 15:42:17','1992-10-15 12:58:37'),(15,19,68,'aliqua. Ut enim ad minim veniam, quis nostrud e','2016-04-27 06:12:01','2012-02-06 22:39:40'),(16,19,20,'cillum dolore eu fugiat nulla pariatur. Excepteur sint occaecat cupidatat non proident, sunt','1990-02-27 08:13:45','2012-11-21 02:15:12'),(17,25,45,'esse cillum dolore eu fugiat nulla pariatur. Excepteur sint occaecat ','2011-01-28 15:38:35','2007-03-19 12:59:39'),(18,28,37,'nisi ut aliquip ex ea commodo consequat. Duis aute irure dolor in reprehenderit in voluptate vel','1998-04-12 05:32:58','2014-07-22 10:09:02'),(19,6,37,'tempor incididunt ut labore et dolore magna aliqua. Ut enim ad minim v','1984-04-26 19:33:27','2006-12-13 19:46:02'),(20,18,61,'qui officia deserunt mollit anim id est laborum.Lorem ips','2013-08-09 08:49:20','1988-12-20 23:55:38'),(21,16,34,'incididunt ut labore et dolore magna aliqua. Ut enim ad minim ve','2008-09-08 14:18:25','1997-06-04 06:42:34'),(22,26,68,'aliquip ex ea commodo consequat. Duis ','2008-11-01 22:33:34','1998-10-01 23:10:03'),(23,6,67,'voluptate velit esse cillum dolore eu fugiat nulla pariat','1997-06-28 03:26:37','2019-06-03 04:15:59'),(24,15,4,'sed do eiusmod tempor incididu','2011-04-11 23:12:34','2009-06-09 23:06:30'),(25,26,31,'ad minim veniam, quis nostrud exercitation ullamco laboris nisi ut aliqui','1993-10-26 06:57:14','2015-12-04 01:36:01'),(26,19,21,'occaecat cupidatat non proident, sunt in culpa qui o','2011-03-05 04:12:39','1990-09-11 00:36:37'),(27,17,37,'nisi ut aliquip ex ea commodo co','1983-06-14 00:21:04','2013-07-11 12:51:28'),(28,7,58,'aliqua. Ut enim ad minim veniam, quis nostrud','1994-02-14 08:20:23','2010-07-01 18:28:38'),(29,26,59,'in voluptate velit esse cillum dolore eu fugiat nulla pariatur. Ex','2008-07-20 12:12:56','1983-01-25 00:47:06'),(30,14,38,'Ut enim ad minim veniam, quis nostrud exercitation ullamco lab','2005-03-03 10:06:21','1983-07-31 06:31:00'),(31,26,20,'velit esse cillum dolore eu fugiat nulla pariatur. Excepteur sint occaecat cupidatat','1995-03-12 11:57:06','2015-11-05 06:05:50'),(32,15,10,'exercitation ullamco laboris nisi ut aliquip ','2014-04-10 08:48:16','1987-04-25 13:59:24'),(33,14,9,'Duis aute irure dolor in repreh','2003-07-18 00:00:05','2007-11-25 15:29:23'),(34,4,29,'qui officia deserunt mollit anim id est laborum.Lorem ipsum d','2017-12-15 23:50:21','1996-11-08 19:53:48'),(35,14,37,'non proident, sunt in culpa qui officia deserunt mollit anim id ','1992-01-13 06:18:46','1994-09-11 16:18:47'),(36,15,69,'laboris nisi ut aliquip ex ea commodo conseq','2005-02-26 09:28:33','2013-07-20 16:03:19'),(37,19,25,'dolore eu fugiat nulla pariatur. Excepteur sint occaecat cupidatat n','1984-09-28 11:31:46','2012-01-16 11:26:36'),(38,28,47,'Excepteur sint occaecat cupidatat non proident, sunt in culpa qui officia ','1991-02-11 04:16:44','1991-11-29 04:58:44'),(39,14,60,'Ut enim ad minim veniam, quis nostrud ','1997-08-07 12:41:30','2016-07-18 22:55:50'),(40,19,12,'cupidatat non proident, sunt in culpa qui officia deserunt mollit anim id est laborum.Lorem ipsum','2014-11-20 09:39:23','1981-12-02 06:29:49'),(41,3,13,'tempor incididunt ut labore et dolore magna aliqua. Ut eni','2016-09-04 21:48:54','1996-04-06 00:36:52'),(42,10,66,'adipiscing elit, sed do eiusmod tempor incididunt ut lab','2012-05-17 18:05:04','2012-11-19 10:39:50'),(43,9,23,'sint occaecat cupidatat non proident, sunt in culpa qui officia deserunt mollit anim id e','1995-08-05 23:00:33','2017-12-31 15:47:10'),(44,22,44,'esse cillum dolore eu fugiat nulla p','2014-09-03 02:30:54','2010-08-16 09:33:19'),(45,30,59,'nulla pariatur. Excepteur sint occaecat cupidatat non proident, sunt in culpa qui officia ','2019-08-20 10:30:32','2003-06-08 23:34:16'),(46,15,44,'sunt in culpa qui officia deserunt mollit anim id est laborum.Lorem','2015-04-29 00:07:31','2005-05-05 15:24:55'),(47,13,28,'exercitation ullamco laboris nisi ut aliquip e','1988-08-31 05:56:07','2000-04-09 12:39:30'),(48,17,63,'fugiat nulla pariatur. Excepteur sint occaecat cupidatat non proident, sunt in culpa','1984-10-18 21:18:55','2000-07-30 10:13:09'),(49,5,67,'proident, sunt in culpa qui officia deserunt mollit anim id est laborum.Lorem ipsum dolor sit a','2011-01-26 09:21:16','2012-01-04 11:01:33'),(50,20,3,'nostrud exercitation ullamco laboris nisi ut','2014-10-23 17:23:40','1999-02-11 12:59:42'),(51,5,61,'in culpa qui officia deserunt mollit anim id est laborum.Lorem ips','1985-06-21 23:05:50','2004-08-16 13:42:17'),(52,30,41,'sit amet, consectetur adipiscing eli','1994-05-22 18:21:36','2002-07-26 06:07:14'),(53,8,10,'cupidatat non proident, sunt in culpa qui officia deserunt mollit anim id est labo','1998-10-23 12:55:40','1987-10-22 13:30:34'),(54,12,26,'pariatur. Excepteur sint occaecat cupidatat non proident, sunt in culpa qui officia deser','2019-02-04 21:41:31','1995-09-17 14:44:19'),(55,16,22,'Duis aute irure dolor in reprehenderit in voluptate velit esse cillum d','2004-01-14 21:25:27','1995-09-27 07:15:25'),(56,18,15,'in voluptate velit esse cillum dolore eu fugiat nulla pariatur. Excepteur sint ','2003-07-03 20:37:37','2017-07-25 10:00:45'),(57,17,46,'officia deserunt mollit anim id est laborum.Lorem ipsum dolor sit amet, consect','2016-07-01 16:04:03','1999-10-31 02:40:49'),(58,26,28,'do eiusmod tempor incididunt ut labore et dolore magna aliqua. Ut enim a','1985-10-30 13:32:21','1991-01-24 03:22:29'),(59,9,23,'adipiscing elit, sed do eiusmod tempor incididunt ut labore et dolore magna aliqua. Ut e','1988-09-23 17:55:33','2008-04-12 00:10:34'),(60,25,57,'elit, sed do eiusmod tempor incididunt ut labore et dolore magna','2009-01-16 06:16:56','1996-08-19 18:37:55'),(61,21,41,'ut labore et dolore magna aliqua. Ut en','1983-07-12 01:56:29','2002-11-30 10:47:53'),(62,26,22,'adipiscing elit, sed do eiusmod tempor incididunt ut labore et dolore magna a','1993-01-04 06:22:47','2010-10-09 13:21:05'),(63,17,16,'borum.Lorem ipsum dolor sit amet, consectet','2011-07-08 23:25:50','2016-01-23 01:09:59'),(64,23,45,'velit esse cillum dolore eu fugiat nulla pariatur. Except','2011-04-28 17:44:23','2001-12-10 15:59:35'),(65,11,50,'sit amet, consectetur adipiscing elit, sed do eiusmod tempo','2007-10-26 18:28:08','1982-07-27 09:57:05'),(66,23,51,'ullamco laboris nisi ut aliquip ex ea commodo consequat. Duis aute irure dolor in reprehender','1981-10-08 01:09:48','2002-09-30 02:56:09'),(67,14,11,'non proident, sunt in culpa qui officia deserunt mollit anim id est laborum.','2017-07-18 04:09:14','2012-06-07 07:00:36'),(68,28,44,'officia deserunt mollit anim id est laborum.Lorem ipsum dolo','2019-04-26 13:55:20','1992-08-07 10:23:32'),(69,14,62,'nulla pariatur. Excepteur sint occaecat cupid','1982-02-23 01:04:51','1984-11-18 02:15:04'),(70,29,67,'voluptate velit esse cillum dolore eu fugiat nulla ','1996-02-20 16:09:58','2019-10-28 13:08:14'),(71,12,15,'ipsum dolor sit amet, consectetur adipiscing elit, sed do eiusmod tempor i','1985-09-03 13:01:35','2000-09-04 16:37:55'),(72,3,38,'exercitation ullamco laboris nisi ut aliquip ex e','1988-01-06 03:56:02','1982-02-10 20:39:14'),(73,24,52,'ut labore et dolore magna aliqua. Ut enim ad mi','2014-06-14 03:25:42','2016-12-28 14:11:09'),(74,20,14,'labore et dolore magna aliqua. Ut enim ad minim veniam, quis nostrud exercitatio','1987-01-29 11:19:11','2002-12-08 14:39:26'),(75,1,69,'ullamco laboris nisi ut aliquip ex ea commodo consequat.','1998-04-13 09:03:44','1997-07-01 13:08:55'),(76,12,46,'exercitation ullamco laboris nisi ut aliquip ex ea commodo consequat. Duis aute irure dolor in repr','1997-04-19 06:13:17','1982-03-31 10:46:16'),(77,30,30,'laboris nisi ut aliquip ex ea commodo consequat. Duis aute irure dolor in reprehenderit in volupt','1988-08-20 09:13:24','1985-02-07 15:37:25'),(78,27,43,'velit esse cillum dolore eu fugiat nulla pariatur. Excepteur ','2015-06-08 12:18:34','1995-01-16 23:30:16'),(79,28,16,'laboris nisi ut aliquip ex ea commodo consequat. Duis au','2004-04-11 14:32:01','2000-04-20 20:29:52'),(80,23,33,'eu fugiat nulla pariatur. Excepteur sint occaecat cupidatat non proident, sunt in culpa','1983-09-09 05:26:35','2015-04-29 10:01:36'),(81,29,53,'incididunt ut labore et dolore magna aliqua. Ut enim ad minim veniam, quis nostrud exercitatio','2002-09-10 11:33:21','1988-02-25 17:43:52'),(82,16,3,'eu fugiat nulla pariatur. Excepteur sint occaecat cupid','1999-08-11 05:56:03','1981-05-15 06:17:00'),(83,26,47,'laborum.Lorem ipsum dolor sit amet,','2018-08-08 05:48:27','1994-10-26 18:50:15'),(84,13,25,'deserunt mollit anim id est laborum.Lorem ipsum dolor sit amet, c','1999-11-29 13:10:42','2008-01-05 18:34:14'),(85,28,33,'in voluptate velit esse cillum dolore eu fugiat nulla pariatur. Ex','1982-11-12 20:05:25','1992-10-19 13:48:52'),(86,1,2,'tempor incididunt ut labore et dolore magna aliqua. Ut enim ad minim veniam, quis nostrud exercitat','2010-10-01 04:10:53','2015-03-26 00:10:12'),(87,18,67,'nisi ut aliquip ex ea commodo consequat. Duis aute irure dolor in repre','1995-01-03 08:07:27','2015-10-19 23:32:19'),(88,21,43,'nulla pariatur. Excepteur sint occaecat cupidat','1999-05-01 06:33:29','2002-01-04 20:58:10'),(89,3,6,'magna aliqua. Ut enim ad minim veniam, quis nostrud exercitation ullamco labor','1999-09-08 01:47:12','1983-12-04 07:36:36'),(90,25,29,'consequat. Duis aute irure dolor in reprehenderit in voluptate velit esse cillum dolore eu fug','2008-05-27 20:02:21','1988-02-11 10:01:30'),(91,9,18,'pariatur. Excepteur sint occaecat cupidatat no','1988-01-18 18:31:46','2008-03-19 19:52:51'),(92,8,66,'nisi ut aliquip ex ea commodo consequat. Duis aute irure dolor in reprehenderit in voluptate veli','1996-05-01 13:58:14','2008-04-13 17:21:32'),(93,29,48,'Lorem ipsum dolor sit amet, consectetur adipiscing elit, sed do eiusmod tempor incididun','2008-08-21 16:18:15','1996-07-26 05:01:28'),(94,7,46,'dolore eu fugiat nulla pariatur. Excepteur sint occaecat cupidatat non proident, sunt in culpa ','1990-12-01 08:55:04','1986-05-01 03:35:13'),(95,27,57,'sed do eiusmod tempor incididunt ut labore et dolore magna aliqua. Ut enim a','1990-01-19 08:44:36','1995-03-11 11:20:35'),(96,16,64,'mollit anim id est laborum.Lorem ipsum dolor sit amet','1988-07-09 10:12:07','2011-05-06 08:01:28'),(97,14,40,'consequat. Duis aute irure dolor in repre','1987-10-15 07:35:53','1997-08-18 03:21:11'),(98,8,4,'ut aliquip ex ea commodo consequat. Duis aute irure dolor in reprehenderit in v','2002-06-06 07:32:47','1987-09-19 05:30:29'),(99,3,62,'ullamco laboris nisi ut aliquip ex ea commodo consequat. Duis aute irure dolor in reprehenderit','2001-09-10 08:13:29','2017-09-14 18:31:36'),(100,24,35,'esse cillum dolore eu fugiat nulla pariatur. Excepteur sin','2018-03-24 16:43:48','2008-02-09 19:12:26'),(101,20,7,'velit esse cillum dolore eu fugiat n','1980-08-19 21:14:13','1984-08-12 08:33:48'),(102,15,43,'cupidatat non proident, sunt in ','2010-02-09 00:06:57','1995-02-10 11:27:29'),(103,22,67,'adipiscing elit, sed do eiusmod tempor incididunt ut labore','2018-10-06 13:34:26','2002-12-09 22:09:54'),(104,25,39,'incididunt ut labore et dolore magna aliqua. Ut enim ad m','1988-11-24 16:55:54','2009-01-23 07:17:25'),(105,13,49,'nisi ut aliquip ex ea commodo consequat. Duis a','1988-05-05 01:37:51','2018-04-30 00:17:40'),(106,9,19,'adipiscing elit, sed do eiusmod tempor incididunt ut labore et dolore magna a','1993-10-03 07:01:14','2019-06-08 23:56:28'),(107,13,7,'incididunt ut labore et dolore magna aliqua. Ut e','1995-09-24 02:57:36','2019-07-30 23:40:49'),(108,7,54,'magna aliqua. Ut enim ad minim veniam, quis nostrud exercitation u','2010-03-18 06:54:18','1996-02-23 20:51:15'),(109,23,37,'sunt in culpa qui officia dese','1997-03-20 01:08:59','2019-04-20 17:36:19'),(110,10,37,'dolore magna aliqua. Ut enim ad minim veniam, quis nostrud exercitation ullamco laboris','2015-03-25 23:44:01','2005-09-03 04:47:11'),(111,11,26,'mollit anim id est laborum.Lorem ipsum dolor sit ame','2006-08-02 01:57:30','1983-10-12 14:52:14'),(112,29,2,'borum.Lorem ipsum dolor sit amet, consectetur adipiscing','2003-10-30 16:12:43','1989-02-10 10:40:16'),(113,23,39,'non proident, sunt in culpa qui officia deserunt mollit anim id est laborum.Lor','2001-06-27 08:42:08','2011-08-04 08:57:10'),(114,18,52,'eiusmod tempor incididunt ut labore et do','1995-01-26 18:50:20','1982-11-13 16:07:53'),(115,27,33,'ut aliquip ex ea commodo consequat. Duis aute irure dolor i','2016-08-31 20:03:21','1980-10-20 01:36:54'),(116,27,58,'est laborum.Lorem ipsum dolor sit amet, consectetur adip','2011-09-02 06:33:54','2009-11-08 18:48:42'),(117,18,8,'Ut enim ad minim veniam, quis nostr','2019-08-28 00:52:00','2015-01-17 02:16:37'),(118,25,55,'Ut enim ad minim veniam, quis nostrud exe','1985-08-06 21:49:58','2007-01-14 03:40:12'),(119,23,43,'Ut enim ad minim veniam, quis nostrud exercit','1989-02-09 16:48:59','2018-01-12 19:27:07'),(120,2,62,'in reprehenderit in voluptate velit esse cillum dolore eu fugiat ','2017-04-29 05:47:11','2012-08-29 13:24:14'),(121,30,36,'nisi ut aliquip ex ea commodo consequat. Duis aute ir','1988-04-18 04:45:06','1984-07-09 09:11:32'),(122,16,37,'orum.Lorem ipsum dolor sit amet, consectetur adipiscing elit, sed do eiusmod','2003-10-08 15:57:05','2012-08-07 17:34:44'),(123,4,66,'magna aliqua. Ut enim ad minim veniam, quis nostrud exercitation ullamco laboris nisi ut al','2011-10-25 15:50:13','1987-11-07 04:30:37'),(124,6,6,'dolor sit amet, consectetur adipiscing elit, sed do eiusmod tempor incididunt ut labore et dolo','2001-06-01 04:42:20','1993-02-02 13:45:20'),(125,12,58,'mollit anim id est laborum.Lor','2010-11-24 10:07:02','2010-06-06 14:43:11'),(126,5,61,'deserunt mollit anim id est laborum.Lorem ipsum dolor sit amet, cons','2003-02-21 03:29:19','1992-08-02 11:54:53'),(127,29,58,'est laborum.Lorem ipsum dolor sit','2005-06-11 01:12:18','1980-03-26 14:17:14'),(128,4,23,'incididunt ut labore et dolore magna aliqua. Ut enim ad minim veniam, quis nostrud exercitatio','1999-08-09 18:42:41','2011-09-14 14:29:57'),(129,8,58,'ullamco laboris nisi ut aliquip ex ea commodo consequat. Duis aute irure dolor in reprehenderit in v','2003-09-16 22:17:25','1982-12-25 10:13:00'),(130,8,45,'et dolore magna aliqua. Ut enim ad minim ven','2004-07-26 23:04:22','1993-08-23 05:38:07'),(131,18,16,'aliqua. Ut enim ad minim veniam, quis nostrud exercitation ullamco laboris nisi u','1991-05-27 02:11:26','2014-05-28 01:31:11'),(132,24,15,'nisi ut aliquip ex ea commodo consequat. Duis aute irure dolor in reprehender','2013-09-11 14:02:12','1995-07-12 11:26:48'),(133,11,12,'sint occaecat cupidatat non proident, sunt in culpa qui officia deserunt mollit anim','2000-09-28 04:14:46','2010-09-06 11:24:40'),(134,16,69,'magna aliqua. Ut enim ad minim veniam, quis nostrud exe','2009-12-06 06:29:36','1995-03-10 21:53:54'),(135,4,66,'anim id est laborum.Lorem ipsum dol','2004-06-12 23:59:26','2012-08-09 22:36:35'),(136,2,17,'occaecat cupidatat non proident, sunt ','2017-11-07 11:05:44','1993-07-18 21:50:18'),(137,24,27,'aute irure dolor in reprehenderit in voluptate velit','1993-06-26 16:56:01','2013-08-09 07:07:34'),(138,22,51,'aborum.Lorem ipsum dolor sit amet, consectetur adipiscing elit, sed do eiusmod tempor incididunt','1986-06-14 16:36:05','1987-07-11 13:56:06'),(139,27,51,'laboris nisi ut aliquip ex ea commod','2002-08-14 10:23:23','1993-11-18 04:15:04'),(140,1,10,'dolore eu fugiat nulla pariatur. Excepteur sint occaecat cupidatat non proident, sunt in culpa qui ','1989-09-21 04:39:15','1980-03-30 02:43:23'),(141,8,33,'ad minim veniam, quis nostrud exercitation ullamco laboris nisi ut aliquip ex ea commodo con','1999-10-19 00:38:32','1985-12-29 15:06:23'),(142,19,20,'sint occaecat cupidatat non proident, sunt in culpa qui officia deserunt mollit anim id est ','1996-07-20 03:51:11','1985-10-04 03:51:12'),(143,29,7,'ullamco laboris nisi ut aliquip ex ea commodo consequat. D','1990-10-05 14:36:18','1986-01-09 09:29:12'),(144,19,11,'dolor in reprehenderit in volup','2004-01-26 19:22:49','2001-04-12 23:16:22'),(145,30,14,'sunt in culpa qui officia deserunt mollit anim id est laborum.Lorem ipsu','1990-12-02 05:25:05','1993-05-21 22:15:00'),(146,23,45,'reprehenderit in voluptate velit esse cillum dolore eu','2011-12-08 15:36:42','2003-04-03 23:53:45'),(147,5,60,'in reprehenderit in voluptate velit esse cillum dolore eu fugiat nulla pariat','2011-08-17 11:33:46','2016-03-09 19:58:19'),(148,5,68,'fugiat nulla pariatur. Excepteur sint occaecat cupidatat non','1986-10-05 01:25:57','1990-11-13 11:19:13'),(149,1,61,'in reprehenderit in voluptate velit e','1993-05-25 16:19:08','2015-07-13 00:55:34'),(150,23,65,'ex ea commodo consequat. Duis aute irure dolor in reprehenderit in ','2004-04-29 05:48:40','1998-12-11 17:35:39'),(151,7,54,'sunt in culpa qui officia deserunt mollit','1980-10-20 04:32:12','1987-04-04 20:06:24'),(152,30,66,'quis nostrud exercitation ullamco laboris nisi ut aliquip ex ea commodo consequat. Duis aute ir','2015-11-29 14:50:23','2010-01-29 06:09:34'),(153,1,18,'laboris nisi ut aliquip ex ea commodo consequat. Duis aute irure','2015-08-07 11:45:36','2005-09-23 05:59:48'),(154,26,4,'deserunt mollit anim id est laborum.Lorem ipsum dolor sit amet,','2007-10-21 12:10:26','2004-05-03 04:53:45'),(155,2,35,'deserunt mollit anim id est laborum.Lorem ipsum dolor sit amet, cons','2004-04-06 19:36:05','2018-11-08 14:34:12'),(156,20,16,'cupidatat non proident, sunt in culpa qui officia deserunt moll','1999-08-12 14:41:59','2004-04-19 18:41:32'),(157,21,70,'occaecat cupidatat non proident, sunt in culpa qui officia des','2018-01-28 12:28:01','1980-10-13 23:37:12'),(158,17,39,'occaecat cupidatat non proident, sunt in culpa qui officia dese','2018-09-10 16:51:46','2019-01-11 13:49:36'),(159,14,4,'eiusmod tempor incididunt ut labore et dolore magna aliqua. Ut enim ad minim veniam, ','2002-11-08 22:25:50','2009-11-24 20:52:07'),(160,27,15,'in voluptate velit esse cillum dolore eu fugiat nulla pariatur. Excepteur sint occaecat cupidatat','1998-11-01 11:03:51','1986-04-01 23:39:10'),(161,19,8,'incididunt ut labore et dolore magna aliqua. Ut enim ad minim veniam, quis nos','2016-03-02 21:47:05','2017-09-30 15:24:53'),(162,21,35,'ut labore et dolore magna aliqua. Ut enim ad minim veni','1999-07-22 14:41:59','1990-06-14 23:00:01'),(163,25,59,'in voluptate velit esse cillum dolore eu fugiat nulla pariatur. Excepteur ','1989-05-22 20:30:34','2006-05-29 03:21:26'),(164,26,27,'cillum dolore eu fugiat nulla pariatur. Excepteur sint occaecat cupidatat non p','2013-09-10 21:05:00','1988-10-05 06:44:54'),(165,14,4,'exercitation ullamco laboris nisi ut aliquip ex ea commodo consequat. Duis au','2012-04-10 04:29:59','2018-01-02 02:33:54'),(166,10,46,'consequat. Duis aute irure dolor in reprehenderit in voluptate velit esse cillum dolore eu fugia','1986-07-13 16:05:47','1999-03-20 23:16:01'),(167,16,63,'tempor incididunt ut labore et dolore magna aliqua. Ut enim ad minim veniam, qui','2009-09-30 01:06:23','2012-03-28 09:26:49'),(168,7,51,'culpa qui officia deserunt mollit anim id est laboru','1988-10-20 12:46:00','1983-04-28 20:28:01'),(169,14,31,'laborum.Lorem ipsum dolor sit amet, consectetur adipiscing elit','1991-06-17 00:16:09','1980-12-28 18:59:48'),(170,17,57,'enim ad minim veniam, quis nostrud exercitation ullamco ','2004-12-27 16:45:19','1981-01-26 21:35:02'),(171,12,33,'laboris nisi ut aliquip ex ea commodo consequat. Duis aute irure ','1985-02-28 20:33:38','1990-12-18 20:05:49'),(172,24,19,'in culpa qui officia deserunt mollit anim id est laborum.Lorem ipsum dolor sit amet','1996-03-04 13:37:53','2011-12-14 13:21:23'),(173,25,6,'aliquip ex ea commodo consequat. Duis aute irure dolor in ','2001-05-16 16:38:26','2008-04-11 00:44:56'),(174,18,62,'sunt in culpa qui officia deserunt mollit an','2005-01-12 18:19:37','1999-08-28 09:08:06'),(175,26,8,'cillum dolore eu fugiat nulla pariatur. Excepteur sint occaecat cupidatat n','1997-01-24 13:45:38','2008-05-14 10:23:57'),(176,15,45,'ullamco laboris nisi ut aliquip ex ea co','2013-11-25 13:31:28','2010-02-15 08:44:11'),(177,9,22,'deserunt mollit anim id est laborum.Lorem ipsum dolor sit a','1980-06-11 01:56:14','1986-01-18 03:38:17'),(178,12,50,'cupidatat non proident, sunt in culpa qui officia deserunt mollit anim id est laborum.Lorem','2004-01-28 04:53:26','2009-01-30 04:59:35'),(179,7,54,'adipiscing elit, sed do eiusmod tempor incididunt ut labore et dolore magna aliqua. Ut enim ','1986-08-14 06:56:17','1990-05-07 07:09:25'),(180,8,42,'cupidatat non proident, sunt in culpa qui officia deserunt mollit anim id est','2005-03-31 10:26:37','1995-07-31 00:20:42'),(181,19,56,'magna aliqua. Ut enim ad minim veniam, quis','2014-04-22 12:51:44','2013-07-17 17:17:13'),(182,16,13,'pariatur. Excepteur sint occaecat cupidatat non proide','2005-03-21 15:27:13','2003-06-28 20:21:19'),(183,20,55,'ullamco laboris nisi ut aliquip','2019-03-03 08:47:25','1980-12-14 02:05:20'),(184,21,64,'sint occaecat cupidatat non proident, sunt in culpa ','2011-03-10 00:54:49','1996-10-26 02:15:58'),(185,21,19,'cupidatat non proident, sunt in culpa qui officia deserunt mollit anim id est laborum.Lorem','1982-06-17 20:25:27','1981-09-03 09:17:03'),(186,15,22,'in reprehenderit in voluptate velit esse cillum dolore eu fugiat n','2008-09-24 02:10:46','2004-11-19 16:48:00'),(187,27,65,'exercitation ullamco laboris nisi ut aliquip ex ea commodo consequat. Duis aute irure dolor i','2014-10-31 03:05:51','2015-03-03 22:50:27'),(188,9,54,'amet, consectetur adipiscing elit, sed do eiusmod','2003-08-29 06:17:08','2010-02-13 21:21:29'),(189,24,14,'et dolore magna aliqua. Ut enim ad minim veniam, quis no','1987-07-29 13:15:40','1997-04-24 07:40:23'),(190,12,70,'um.Lorem ipsum dolor sit amet, consectetur adipiscing elit, sed do eiusmod tempor','1993-11-02 20:17:36','2009-05-14 06:43:34'),(191,12,48,'quis nostrud exercitation ullam','1996-12-01 19:33:25','2019-03-19 08:34:33'),(192,11,69,'magna aliqua. Ut enim ad minim veniam, quis nostrud exercitation ullamco laboris ni','1982-09-15 17:52:40','2010-02-11 16:51:32'),(193,24,67,'nisi ut aliquip ex ea commodo consequat. Duis aute','1990-04-29 12:08:26','2013-10-18 15:33:34'),(194,16,22,'Duis aute irure dolor in reprehenderit in voluptate','2004-09-12 03:12:30','1993-05-06 01:56:08'),(195,3,29,'in voluptate velit esse cillum dolore eu fug','2004-12-17 08:57:57','2013-09-11 00:18:29'),(196,12,19,'sint occaecat cupidatat non proident, sunt in culpa qui officia deserunt mollit anim id es','2014-11-18 05:07:14','1997-07-05 13:31:38'),(197,14,48,'cupidatat non proident, sunt in culpa qu','1985-09-28 16:12:01','2017-10-08 09:31:43'),(198,21,10,'velit esse cillum dolore eu fugiat nulla pariatur. Excepteur sint occaecat cupidatat non proi','2017-08-08 17:37:46','2002-02-07 08:36:46'),(199,11,21,'dolore eu fugiat nulla pariatur. Excepteur sint occaecat cupidatat non','1992-08-04 09:46:38','1999-08-21 17:20:39'),(200,28,2,'aliqua. Ut enim ad minim veniam, quis nostrud exercitation ullamco laboris nisi ut al','2010-09-26 09:36:58','2019-08-23 21:14:42'),(201,21,34,'consequat. Duis aute irure dolor in reprehenderit in voluptate v','1985-01-16 22:53:44','2000-04-07 17:09:42'),(202,19,38,'qui officia deserunt mollit anim id est laborum.Lorem ipsum dolor sit amet, consectetur adipisci','2011-08-02 11:55:25','1994-03-30 02:17:32'),(203,9,37,'sunt in culpa qui officia deserunt mollit anim id est laborum.Lorem ipsum dolor sit amet, consecte','2016-10-11 12:03:42','1994-11-28 20:06:55'),(204,29,28,'adipiscing elit, sed do eiusmod tempor incididunt ut labore e','1982-06-20 16:55:09','2009-03-17 20:51:29'),(205,18,10,'exercitation ullamco laboris nisi ut aliquip ex ea comm','1994-11-09 20:46:18','2010-11-02 16:55:21'),(206,17,7,'non proident, sunt in culpa qui officia deserunt mollit anim id est laborum.Lorem ipsum dolor s','1981-10-09 08:46:15','1993-05-19 08:41:19'),(207,16,53,'anim id est laborum.Lorem ipsum dolo','1981-05-12 19:18:26','2011-08-13 14:25:40'),(208,9,23,'in voluptate velit esse cillum dolore eu fugiat nulla pariatur. Excepteur sint occaec','2008-12-05 06:13:57','2013-07-09 17:35:58'),(209,28,35,'laboris nisi ut aliquip ex ea commodo consequat. Duis aute irure dolor in repreh','1981-12-13 08:42:41','2010-05-27 02:21:17'),(210,3,20,'tempor incididunt ut labore et dolore magna aliqua. Ut enim ad minim veniam, quis nostrud ','1991-11-09 08:37:35','1982-08-07 02:31:24'),(211,1,70,'sit amet, consectetur adipiscing elit, sed do eiusmod tempor incididunt ut labo','1992-05-31 20:21:59','2006-11-22 23:23:39'),(212,7,31,'in reprehenderit in voluptate velit esse cillum dolore eu fugiat nulla pariatur','1985-11-19 09:09:24','1991-01-03 18:56:50'),(213,24,7,'sint occaecat cupidatat non proident, sunt in culpa ','1994-05-21 20:40:20','1998-05-14 08:21:51'),(214,7,38,'anim id est laborum.Lorem ipsum dolor sit amet, consectetur adipisc','2002-01-24 08:39:38','2008-09-04 03:44:37'),(215,25,68,'mollit anim id est laborum.Lorem ipsum dolor sit amet, consectetur adipi','1982-09-26 18:29:40','1999-05-21 15:41:56'),(216,24,39,'minim veniam, quis nostrud exercitation ullamco lab','1988-06-21 03:04:21','2002-08-31 13:49:10'),(217,6,18,'officia deserunt mollit anim id est laborum.Lorem ipsum dolor s','1992-02-17 02:49:39','1985-09-05 02:33:17'),(218,22,16,'enim ad minim veniam, quis nostrud exercitation ullamco laboris nisi ut aliquip ex ea commod','2004-05-17 11:09:47','2018-08-22 22:11:38'),(219,26,42,'consequat. Duis aute irure dolor in reprehenderit in voluptate velit esse cillum d','1980-10-15 20:50:08','1997-03-20 14:50:50'),(220,4,7,'in reprehenderit in voluptate velit esse cillum dolor','1996-04-15 15:00:49','1998-05-27 11:56:11'),(221,1,62,'exercitation ullamco laboris nisi ut ali','2006-11-18 19:33:48','1987-02-08 02:38:46'),(222,18,22,'tempor incididunt ut labore et dolore magna aliqua. Ut enim ad minim veniam,','2001-11-30 00:38:56','2004-09-20 05:04:26'),(223,29,12,'ut aliquip ex ea commodo consequat. Duis aute irure dolor in reprehenderit in voluptat','2016-08-01 06:23:55','1999-09-04 23:57:23'),(224,27,62,'irure dolor in reprehenderit in voluptate velit esse','1986-04-15 03:19:16','1985-06-08 16:23:38'),(225,16,20,'exercitation ullamco laboris nisi ut aliquip e','1994-02-10 23:31:27','2000-12-29 03:15:01'),(226,11,34,'ut labore et dolore magna aliqua. Ut enim ad minim v','1995-12-04 03:58:48','1999-06-13 02:06:55'),(227,9,44,'veniam, quis nostrud exercitation ullamco laboris nisi ut aliquip ex ea commodo consequat. Duis ','1997-07-19 18:19:00','2019-11-20 19:37:27'),(228,11,63,'ipsum dolor sit amet, consectetur adipiscing elit, sed do eiusmod tempor incididunt ut labore et ','2015-12-11 15:53:47','1988-08-20 18:27:36'),(229,4,66,'culpa qui officia deserunt mollit anim id','2003-11-29 20:13:58','2015-10-24 18:03:12'),(230,13,48,'nulla pariatur. Excepteur sint occaecat cu','2007-08-07 05:04:09','2017-03-25 18:58:14'),(231,7,4,'proident, sunt in culpa qui officia de','2011-03-19 08:33:15','1984-11-20 10:54:51'),(232,16,28,'consequat. Duis aute irure dolor in reprehenderit in voluptate velit esse cillum dolore eu fug','2000-03-18 05:07:05','2006-01-25 08:52:33'),(233,19,68,'mollit anim id est laborum.Lorem ipsum dolor sit amet,','1992-06-10 07:49:40','1984-03-08 07:16:15'),(234,18,45,'Ut enim ad minim veniam, quis nostrud exercitation ullamco','1996-06-13 14:30:23','2002-10-06 02:15:30'),(235,11,2,'in voluptate velit esse cillum dolore eu ','1990-07-16 11:44:43','2012-09-15 03:32:09'),(236,10,39,'adipiscing elit, sed do eiusmod tempor incididunt ut labore et dolore magna aliqua. Ut e','1994-05-29 15:50:51','2005-10-10 06:18:27'),(237,11,8,'reprehenderit in voluptate velit esse cillum dolore eu ','2005-02-11 18:56:34','1997-10-25 20:47:39'),(238,7,55,'mollit anim id est laborum.Lorem ipsum dolor sit amet, conse','1987-09-04 04:45:14','2019-08-19 03:53:38'),(239,23,31,'cupidatat non proident, sunt in culpa qui officia deserunt mollit anim id est labor','2012-10-29 22:31:10','2007-06-18 17:22:24'),(240,10,67,'elit, sed do eiusmod tempor incididunt ','1995-04-28 02:26:10','1995-01-10 06:16:42'),(241,23,34,'dolor in reprehenderit in voluptate velit esse cillum dolore eu fugiat nulla pariatur. Excepteur si','1986-05-30 00:23:57','1992-07-04 20:20:00'),(242,29,55,'adipiscing elit, sed do eiusmod tempor ','1987-12-15 15:00:32','2010-05-03 07:59:57'),(243,26,16,'qui officia deserunt mollit anim id est laborum.Lorem ipsum dolor sit amet','1980-04-15 14:14:54','1980-05-30 13:10:02'),(244,11,30,'minim veniam, quis nostrud exercitation ullamco laboris nis','2016-02-29 18:05:44','2018-02-24 06:35:16'),(245,26,25,'velit esse cillum dolore eu fugiat nulla pariatur. Excepteur sint occaecat cupida','1989-06-09 22:26:57','2010-02-01 13:12:09'),(246,5,2,'fugiat nulla pariatur. Excepteur sint occaecat cupidat','2015-10-21 12:58:25','1981-03-11 20:45:18'),(247,28,47,'Excepteur sint occaecat cupidatat non proident, sunt in cu','1996-09-16 01:48:39','2012-08-03 05:33:08'),(248,15,53,'consequat. Duis aute irure dolor in reprehenderit in voluptate velit esse ci','2010-05-10 17:34:02','1997-02-03 21:38:40'),(249,28,2,'laboris nisi ut aliquip ex ea commodo','1988-04-17 20:46:40','1990-08-20 11:48:00'),(250,26,38,'minim veniam, quis nostrud exercitation ullamco ','2019-07-11 17:10:38','2014-05-13 16:58:38'),(251,12,65,'enim ad minim veniam, quis nostrud exercitation ullamco laboris','1987-07-10 13:33:30','1995-03-18 05:19:55'),(252,3,21,'deserunt mollit anim id est labor','2011-01-04 10:41:25','1997-07-05 20:41:32'),(253,8,43,'dolor sit amet, consectetur adipiscing elit, sed do eiusmod tempor in','2018-11-19 00:46:37','2000-09-02 06:29:38'),(254,23,3,'laboris nisi ut aliquip ex ea commodo consequat. Duis aute irure dolor in reprehenderit in vo','2011-01-16 09:29:00','2000-02-29 15:54:25'),(255,29,31,'mollit anim id est laborum.Lorem ipsum dolor sit amet, consect','2007-02-22 17:59:19','2017-03-02 03:35:05'),(256,21,32,'anim id est laborum.Lorem ipsum dolor sit amet, consectetur adipiscing elit, se','2009-09-19 02:38:23','2012-08-15 11:16:39'),(257,16,27,'Duis aute irure dolor in reprehenderit in voluptate velit esse','1991-11-12 16:36:54','2014-07-26 09:59:14'),(258,7,8,'non proident, sunt in culpa qui officia deserunt mollit anim id est laborum.Lorem ipsum do','1998-01-22 17:55:03','1985-02-28 01:26:52'),(259,1,53,'do eiusmod tempor incididunt ut labore et do','1982-11-02 03:21:09','2007-01-14 17:41:54'),(260,15,32,'cillum dolore eu fugiat nulla pariatur. Excepteur sint occaecat cupidatat non ','2011-12-12 11:01:22','1988-02-05 06:43:53'),(261,21,8,'cillum dolore eu fugiat nulla pariatur. Excepteur sint occaecat cupidatat non proid','1988-03-20 02:03:03','1997-10-16 19:37:29'),(262,6,16,'elit, sed do eiusmod tempor incididunt ut labore et dol','1994-09-26 03:36:53','2005-09-26 14:12:10'),(263,24,21,'dolore eu fugiat nulla pariatur. Excepteur sint occaecat cup','1994-12-24 04:18:17','2012-03-24 08:07:26'),(264,13,69,'aute irure dolor in reprehenderit in voluptate velit esse cillum dolore eu fu','1989-01-20 15:03:37','2002-04-04 01:20:55'),(265,24,49,'cillum dolore eu fugiat nulla paria','1985-01-30 18:42:10','1994-12-20 18:13:42'),(266,22,27,'consectetur adipiscing elit, sed do eiusmod tempor incididunt ut labore et dolore magna al','2017-05-01 21:46:45','2003-05-24 18:35:00'),(267,2,20,'tempor incididunt ut labore et dolore magna aliqua. Ut enim ad minim veniam, quis nostrud e','2004-03-22 18:33:52','1997-09-22 13:25:23'),(268,1,42,'velit esse cillum dolore eu fugiat nulla pariatur. Excepteur sint occaecat cupidata','2004-05-04 07:20:52','2014-05-30 01:30:07'),(269,2,64,'et dolore magna aliqua. Ut enim ad minim veniam, quis nostrud exercitation ullamco laboris nis','2001-05-31 04:49:13','1996-03-24 15:34:11'),(270,23,58,'aliquip ex ea commodo consequat.','2002-01-19 19:48:31','2006-01-02 10:47:49'),(271,1,66,'aliqua. Ut enim ad minim veniam, quis nostrud exercitation ullamco laboris nisi ut aliquip','2002-09-29 10:13:09','1993-04-20 17:42:51'),(272,14,1,'sint occaecat cupidatat non proident, su','1997-08-08 08:47:32','2011-11-30 11:28:20'),(273,19,60,'ullamco laboris nisi ut aliquip ex ea commodo consequat. Duis ','1988-05-14 09:42:45','1998-04-04 21:47:06'),(274,14,56,'reprehenderit in voluptate velit esse cillum dolore eu fugiat nulla pariatur. Excepteur sint oc','2012-10-25 09:45:36','2011-03-03 14:05:50'),(275,29,17,'ullamco laboris nisi ut aliquip ex ea comm','2014-11-22 19:08:02','1983-12-30 14:54:02'),(276,19,22,'minim veniam, quis nostrud exercitation ullamco laboris nisi ut aliquip ex ea co','1994-02-06 11:57:47','2001-10-27 21:43:55'),(277,22,3,'elit, sed do eiusmod tempor incididunt ut labore et dolore magna ','1993-11-02 04:56:03','2005-07-24 05:55:04'),(278,26,63,'nisi ut aliquip ex ea commodo consequat. Duis aute ','2019-03-25 22:05:59','1998-09-20 12:44:42'),(279,14,5,'deserunt mollit anim id est laborum.Lorem ipsum dolor sit amet, con','1995-01-14 18:20:18','2003-06-03 23:09:44'),(280,1,36,'m.Lorem ipsum dolor sit amet, consectetur adipiscing elit, sed do eiusmod tempo','2001-10-05 08:46:25','2013-06-14 14:44:35'),(281,14,19,'in voluptate velit esse cillum dolore eu fugiat n','2013-02-27 09:24:55','1991-05-14 00:37:51'),(282,27,60,'qui officia deserunt mollit anim id est laborum.Lorem ipsum dolor sit amet, cons','1990-10-06 02:55:16','2010-09-29 20:44:28'),(283,30,34,'pariatur. Excepteur sint occaecat cupidatat non proide','1996-06-25 15:35:34','2014-07-13 00:47:24'),(284,29,40,'aliqua. Ut enim ad minim veniam, quis nostr','2019-10-05 04:43:45','1989-08-02 08:18:02'),(285,1,37,'adipiscing elit, sed do eiusmod tempor incididunt ut labore et dolore magn','2019-04-13 07:10:42','1982-02-08 14:15:30'),(286,16,22,'nisi ut aliquip ex ea commodo consequat. Duis aute irure dolor in reprehenderit in voluptate ve','2000-05-29 08:59:28','2000-05-24 02:50:15'),(287,7,40,'nostrud exercitation ullamco laboris nisi ut aliquip ex ea commodo consequa','1984-05-04 16:22:15','2006-12-30 06:02:22'),(288,12,57,'consequat. Duis aute irure dolor in reprehenderit in voluptate velit esse cillum dolore eu fugi','2009-06-06 16:34:14','1998-05-25 02:42:40'),(289,29,53,'mollit anim id est laborum.Lorem ipsum dolo','1980-09-26 08:30:19','2014-08-18 05:20:06'),(290,11,7,'minim veniam, quis nostrud exercitation ullamco laboris nisi ut aliquip ex ea co','2005-01-14 08:43:47','1981-06-13 21:12:23'),(291,12,28,'adipiscing elit, sed do eiusmod tempor incididunt ut labore et dolor','1988-10-16 07:22:21','2010-03-04 07:04:17'),(292,17,4,'deserunt mollit anim id est laborum.Lorem ipsum dolo','1998-06-12 07:24:36','1993-08-11 11:12:54'),(293,1,4,'magna aliqua. Ut enim ad minim veniam, quis nostrud exercitation ullamc','2014-05-27 16:02:17','2009-06-16 01:27:59'),(294,26,20,'Duis aute irure dolor in reprehenderit in voluptate ','2010-04-20 06:20:29','1981-01-06 13:10:25'),(295,27,2,'do eiusmod tempor incididunt ut labore et dolore magna ali','1992-03-04 14:29:57','2015-09-24 13:26:47'),(296,11,42,'sed do eiusmod tempor incididunt ut labore et dolore magna aliqua. Ut enim ad minim veniam','1996-04-14 09:09:46','1992-12-08 02:45:24'),(297,2,41,'ut aliquip ex ea commodo consequat. Duis aute irure dolor in reprehenderit in voluptate','2019-02-03 05:12:29','1999-05-26 09:44:56'),(298,3,27,'dolor in reprehenderit in voluptate velit esse cillum dolore eu fugia','2015-01-27 21:32:25','2016-11-27 18:52:32'),(299,23,39,'nisi ut aliquip ex ea commodo consequat. Duis aute irure dol','2008-03-08 06:25:48','1989-02-20 13:49:52'),(300,10,59,'.Lorem ipsum dolor sit amet, consectetur adipiscing elit, sed do eiusmod','2014-06-03 08:37:39','1981-07-04 19:59:15');
/*!40000 ALTER TABLE `faq` ENABLE KEYS */;
UNLOCK TABLES;

--
-- Table structure for table `faq_links`
--

DROP TABLE IF EXISTS `faq_links`;
/*!40101 SET @saved_cs_client     = @@character_set_client */;
/*!40101 SET character_set_client = utf8 */;
CREATE TABLE `faq_links` (
  `answer_id` bigint(20) unsigned NOT NULL COMMENT 'id ответа',
  `to_faq_id` bigint(20) unsigned NOT NULL COMMENT 'id вопроса, на который дан ответ',
  PRIMARY KEY (`answer_id`,`to_faq_id`),
  KEY `faq_links_to_faq_id_fk` (`to_faq_id`),
  CONSTRAINT `faq_links_answer_id_fk` FOREIGN KEY (`answer_id`) REFERENCES `faq` (`id`),
  CONSTRAINT `faq_links_to_faq_id_fk` FOREIGN KEY (`to_faq_id`) REFERENCES `faq` (`id`)
) ENGINE=InnoDB DEFAULT CHARSET=latin1 COMMENT='Связи между вопросами и ответами';
/*!40101 SET character_set_client = @saved_cs_client */;

--
-- Dumping data for table `faq_links`
--

LOCK TABLES `faq_links` WRITE;
/*!40000 ALTER TABLE `faq_links` DISABLE KEYS */;
INSERT INTO `faq_links` VALUES (56,1),(298,4),(102,5),(160,6),(144,8),(212,13),(171,14),(189,14),(146,15),(110,16),(5,19),(12,19),(261,22),(89,25),(107,27),(4,30),(147,30),(121,35),(209,35),(175,37),(73,42),(240,44),(279,45),(202,46),(291,46),(56,47),(255,49),(42,50),(99,51),(269,54),(6,58),(234,58),(9,59),(231,61),(186,64),(148,65),(41,67),(77,69),(149,69),(195,69),(16,70),(290,70),(113,73),(173,76),(204,76),(209,77),(126,78),(226,78),(144,79),(152,80),(232,80),(76,83),(239,84),(289,84),(70,86),(271,88),(298,88),(39,89),(140,89),(52,90),(78,91),(289,95),(224,96),(62,98),(174,100),(20,103),(197,104),(144,113),(24,121),(230,122),(299,122),(236,123),(281,127),(194,129),(207,129),(79,132),(262,132),(175,135),(43,137),(169,138),(245,139),(51,141),(72,142),(37,143),(272,145),(71,150),(110,150),(160,151),(226,151),(110,153),(149,157),(72,162),(281,162),(150,164),(189,164),(68,165),(189,165),(227,169),(224,172),(106,175),(162,175),(12,177),(293,178),(128,179),(3,186),(158,186),(257,188),(55,189),(70,189),(300,190),(264,192),(153,193),(263,196),(276,197),(66,198),(178,198),(159,199),(98,202),(184,203),(159,207),(256,207),(169,208),(192,209),(187,210),(133,211),(141,211),(176,212),(158,213),(16,214),(36,214),(33,219),(121,222),(21,223),(218,223),(143,224),(46,225),(193,225),(149,226),(119,227),(101,230),(25,231),(72,233),(282,233),(77,235),(3,236),(210,238),(262,238),(51,239),(279,240),(11,243),(5,245),(110,245),(8,249),(16,251),(294,251),(117,252),(147,255),(261,256),(274,256),(228,259),(156,260),(104,261),(29,262),(128,263),(235,263),(230,266),(121,268),(21,270),(296,270),(32,271),(114,272),(191,272),(218,272),(142,274),(191,274),(256,274),(137,276),(282,277),(60,279),(277,280),(280,280),(6,281),(29,282),(52,282),(200,282),(279,284),(211,289),(286,290),(298,292),(97,293),(101,294),(144,296),(213,297),(178,298),(262,298),(17,299),(257,299),(190,300),(241,300);
/*!40000 ALTER TABLE `faq_links` ENABLE KEYS */;
UNLOCK TABLES;

--
-- Table structure for table `lists_products`
--

DROP TABLE IF EXISTS `lists_products`;
/*!40101 SET @saved_cs_client     = @@character_set_client */;
/*!40101 SET character_set_client = utf8 */;
CREATE TABLE `lists_products` (
  `list_id` bigint(20) unsigned NOT NULL COMMENT 'id списка',
  `product_variant_id` bigint(20) unsigned NOT NULL COMMENT 'id товара',
  `qauntity` int(10) unsigned NOT NULL COMMENT 'кол-во товара в списке',
  `price` int(10) unsigned NOT NULL COMMENT 'цена товара в списке',
  KEY `lists_products_list_id_fk` (`list_id`),
  KEY `lists_products_product_variant_id_fk` (`product_variant_id`),
  CONSTRAINT `lists_products_list_id_fk` FOREIGN KEY (`list_id`) REFERENCES `users_lists` (`id`),
  CONSTRAINT `lists_products_product_variant_id_fk` FOREIGN KEY (`product_variant_id`) REFERENCES `products_variants` (`id`)
) ENGINE=InnoDB DEFAULT CHARSET=latin1 COMMENT='Товары в списках';
/*!40101 SET character_set_client = @saved_cs_client */;

--
-- Dumping data for table `lists_products`
--

LOCK TABLES `lists_products` WRITE;
/*!40000 ALTER TABLE `lists_products` DISABLE KEYS */;
INSERT INTO `lists_products` VALUES (17,275,16759,14039),(50,25,8374,30285),(14,753,26380,26032),(42,1038,31039,12424),(6,531,25825,11177),(49,479,15547,5975),(20,399,7000,11844),(3,700,890,6616),(16,971,31195,24263),(14,289,27921,26160),(38,139,17040,5420),(5,912,28970,14179),(12,322,2435,5526),(25,804,315,6823),(8,648,518,14933),(21,722,21509,27099),(6,965,5061,23839),(5,512,6997,2568),(37,111,27674,15800),(22,916,13513,23978),(25,259,29250,30952),(29,748,31670,13989),(38,625,27805,22722),(9,318,17173,26536),(34,265,14654,28765),(33,719,31671,4110),(42,304,3709,9769),(19,609,24346,24770),(14,7,5302,15998),(12,793,26312,22470),(12,558,13938,7228),(41,771,21052,20321),(50,900,24446,8559),(4,14,14761,30038),(44,30,1934,14886),(16,392,20017,22163),(19,33,17836,9690),(20,673,7219,8118),(39,801,21621,18520),(17,814,16611,4084),(49,826,11114,19465),(40,957,10939,8496),(39,284,16805,20687),(35,470,13803,9870),(38,324,19659,2787),(2,669,22713,7691),(18,194,4764,7103),(9,614,23853,15883),(6,591,6895,32502),(37,1057,24327,11595),(25,808,1430,2436),(29,904,24741,27292),(35,109,15947,16878),(47,744,17567,15888),(46,272,7941,4785),(35,375,31274,15147),(13,1055,23991,14577),(19,187,8558,13118),(6,617,22427,2896),(34,170,13445,6285),(17,281,21829,7806),(37,632,16215,21017),(41,182,17754,32372),(8,606,29135,385),(40,227,26559,9850),(7,633,13900,6100),(16,219,4551,4980),(9,1053,13253,29804),(11,602,10535,22866),(50,263,3283,17647),(28,796,23779,28191),(35,88,14648,9447),(4,686,26685,9518),(39,4,18193,27823),(38,390,3681,24470),(46,723,20110,27725),(47,826,14518,10800),(24,742,8968,6603),(14,923,3033,1355),(8,101,11706,14745),(16,685,28513,28968),(26,118,2377,8386),(23,830,21706,8212),(40,643,31964,7691),(7,167,25901,2539),(32,453,30230,866),(3,363,8815,32033),(8,82,24889,28954),(8,381,11644,220),(21,478,20354,22541),(34,451,23380,16112),(26,87,14059,26484),(43,683,6147,12604),(38,280,16797,31370),(36,165,28702,11348),(37,11,19530,24012),(18,126,21998,13302),(1,972,21166,25411),(28,995,4245,26604),(9,883,681,370),(11,973,28080,2249),(8,2,28085,23785),(44,429,5539,4718),(44,1067,27805,28094),(44,874,20608,6588),(46,837,8802,28588),(32,858,32430,24123),(10,328,27835,18067),(16,123,24620,24320),(27,928,19997,15418),(49,448,30255,781),(11,114,30262,19749),(46,830,909,13172),(22,312,19070,10217),(6,823,31516,19545),(49,642,25482,26012),(6,360,2926,22565),(19,883,6663,9887),(17,381,2667,11642),(22,291,24044,268),(13,131,8583,14151),(28,146,23754,7673),(42,375,30063,23177),(36,625,2773,24693),(45,562,18065,11567),(17,146,6932,20623),(7,888,30615,23846),(41,443,9138,10929),(42,67,1113,30761),(34,296,11507,30501),(4,169,6028,30829),(18,144,15948,22553),(13,952,27669,28123),(6,240,12797,10447),(47,646,28027,28549),(11,644,25386,1057),(5,458,16674,14152),(19,376,11637,29229),(43,303,2522,26186),(5,486,6595,17904),(35,261,19379,6794),(3,994,28510,32505),(6,996,28036,7119),(32,840,20743,18033),(43,1020,16072,17262),(49,393,31728,79),(21,644,19959,10850),(50,298,32089,25372),(38,155,24652,2653),(16,23,7987,1313),(8,90,15779,18718),(49,109,27568,19005),(3,538,14819,27384),(50,244,19306,18841),(3,561,16993,16120),(24,469,9281,7737),(29,699,1148,12821),(26,454,17782,5375),(19,924,26973,20346),(22,762,17845,21196),(16,327,16523,25792),(17,166,31472,5406),(4,404,404,25977),(10,731,1150,8206),(23,240,53,50),(13,315,10869,16691),(6,522,21409,8242),(22,545,28810,5228),(5,914,20599,29843),(32,130,18223,11619),(33,384,28455,11069),(28,887,20026,32688),(32,133,27139,8918),(19,549,13634,23324),(4,102,31694,29228),(49,25,11789,9854),(9,588,25080,12194),(50,332,9581,31155),(9,728,25962,19568),(7,472,290,26268),(47,858,30315,11243),(48,317,29397,13756),(9,637,14459,11917),(37,144,12117,12727),(27,1058,19026,25974),(12,604,30321,9410),(21,1000,5612,16797),(14,500,11845,1336),(27,447,28628,10250),(3,592,18526,3629),(24,426,19051,31297),(3,1037,18253,19212),(21,748,32746,20973),(14,111,24530,18709),(30,480,20364,25692),(28,930,7433,22606),(43,151,12697,23711),(28,669,28465,8750),(12,312,19024,22765),(20,685,6042,3033),(49,206,27347,23728),(22,176,14900,15306),(28,120,31870,14239),(42,972,10655,24573),(46,45,8368,479),(12,790,30957,7490),(31,107,5046,1464),(6,509,24130,6065),(36,55,3118,19120),(32,916,8935,11822),(42,965,19146,33),(27,426,21387,2194),(30,54,15468,27876),(26,790,14915,9432),(32,427,28591,16002),(39,1005,10925,24682),(7,385,26344,26148),(46,946,24444,32417),(19,867,4542,31094),(19,299,4781,9684),(30,39,469,16045),(27,528,6886,27661),(8,719,25022,24053),(39,686,24671,6354),(34,132,13402,16775),(37,619,25019,12628),(28,598,9960,5195),(40,775,10583,335),(3,311,31777,19522),(37,545,26925,22402),(37,953,6510,16636),(47,90,3593,26264),(6,66,3891,23068),(28,912,23169,10571),(44,886,29952,18987),(41,6,18932,7167),(43,168,31938,5296),(26,713,28634,22971),(32,18,11058,5142),(20,507,16221,1006),(36,1035,24387,32368),(18,144,27156,23108),(11,73,18257,13191),(4,557,1708,25591),(15,202,5517,14646),(32,771,11401,20630),(12,170,21240,17684),(34,370,4142,8529),(11,322,28844,32099),(49,404,7253,19425),(47,138,23573,11332),(9,470,8603,16001),(6,591,3967,3137),(28,97,9547,19541),(30,606,8948,30128),(40,813,26456,30734),(28,672,16599,16940),(19,815,32606,26280),(41,615,28753,29567),(23,597,29715,26393),(2,63,14490,27553),(29,996,31727,18616),(27,813,8491,27537),(5,827,24570,7670),(43,906,11217,8675),(35,241,17171,9050),(12,361,6062,21228),(23,40,17251,17398),(7,129,860,14986),(46,636,32112,166),(32,631,30255,6689),(49,500,1901,19131),(28,1034,17538,16144),(49,573,28689,21779),(26,1060,21186,31311),(18,124,31143,28782),(40,750,4689,28617),(27,732,3085,9454),(16,776,28580,727),(3,832,13966,24462),(34,360,16955,1973),(5,722,25744,26310),(44,362,30300,23459),(19,37,22825,24028),(4,627,27195,19656),(29,855,25225,24214),(28,582,14574,18514),(38,680,27859,8549),(42,267,3611,29281),(48,128,26022,1156),(43,148,5704,29792),(35,244,24773,2926),(19,61,9566,29132),(45,212,20261,9533),(33,930,19615,28904),(48,214,13219,13941),(15,333,6865,16065),(26,581,13186,18708),(6,727,17924,4191),(11,625,14302,30055);
/*!40000 ALTER TABLE `lists_products` ENABLE KEYS */;
UNLOCK TABLES;

--
-- Table structure for table `lists_types`
--

DROP TABLE IF EXISTS `lists_types`;
/*!40101 SET @saved_cs_client     = @@character_set_client */;
/*!40101 SET character_set_client = utf8 */;
CREATE TABLE `lists_types` (
  `id` tinyint(3) unsigned NOT NULL AUTO_INCREMENT COMMENT 'id типа списка',
  `name` varchar(255) NOT NULL COMMENT 'название списка',
  `product_type_id` tinyint(3) unsigned NOT NULL,
  PRIMARY KEY (`id`),
  UNIQUE KEY `id` (`id`),
  KEY `lists_types_product_type_id_fk` (`product_type_id`),
  CONSTRAINT `lists_types_product_type_id_fk` FOREIGN KEY (`product_type_id`) REFERENCES `products_types` (`id`)
) ENGINE=InnoDB AUTO_INCREMENT=11 DEFAULT CHARSET=latin1 COMMENT='Типы списков товаров пользователей';
/*!40101 SET character_set_client = @saved_cs_client */;

--
-- Dumping data for table `lists_types`
--

LOCK TABLES `lists_types` WRITE;
/*!40000 ALTER TABLE `lists_types` DISABLE KEYS */;
INSERT INTO `lists_types` VALUES (1,'orders',1),(2,'orders',2),(3,'orders',3),(4,'orders',4),(5,'orders',5),(6,'wish list',1),(7,'wish list',2),(8,'wish list',3),(9,'wish list',4),(10,'wish list',5);
/*!40000 ALTER TABLE `lists_types` ENABLE KEYS */;
UNLOCK TABLES;

--
-- Table structure for table `mediafiles`
--

DROP TABLE IF EXISTS `mediafiles`;
/*!40101 SET @saved_cs_client     = @@character_set_client */;
/*!40101 SET character_set_client = utf8 */;
CREATE TABLE `mediafiles` (
  `id` bigint(20) unsigned NOT NULL AUTO_INCREMENT COMMENT 'id медиафайла',
  `link` varchar(255) NOT NULL COMMENT 'Ссылка на картинку на сервере',
  `shop_id` mediumint(8) unsigned NOT NULL COMMENT 'id продавца, который добавил этот медиафайл',
  `product_variant_id` bigint(20) unsigned NOT NULL COMMENT 'id варианта товара',
  `mediatype_id` tinyint(3) unsigned NOT NULL COMMENT 'id варианта медиафайла',
  `sort_id` tinyint(3) unsigned NOT NULL DEFAULT '0' COMMENT 'Поле, по которому медиафайлы будем сортировать при выводе в рамках товара.',
  `created_at` datetime DEFAULT CURRENT_TIMESTAMP,
  `updated_at` datetime DEFAULT CURRENT_TIMESTAMP ON UPDATE CURRENT_TIMESTAMP,
  PRIMARY KEY (`id`),
  UNIQUE KEY `id` (`id`),
  KEY `mediafiles_shop_id_fk` (`shop_id`),
  KEY `mediafiles_product_variant_id_fk` (`product_variant_id`),
  KEY `mediafiles_mediatype_id_fk` (`mediatype_id`),
  KEY `mediafiles_link_idx` (`link`),
  CONSTRAINT `mediafiles_mediatype_id_fk` FOREIGN KEY (`mediatype_id`) REFERENCES `mediafiles_types` (`id`),
  CONSTRAINT `mediafiles_product_variant_id_fk` FOREIGN KEY (`product_variant_id`) REFERENCES `products_variants` (`id`),
  CONSTRAINT `mediafiles_shop_id_fk` FOREIGN KEY (`shop_id`) REFERENCES `shops` (`id`)
) ENGINE=InnoDB AUTO_INCREMENT=301 DEFAULT CHARSET=latin1 COMMENT='Медиафайлы товаров';
/*!40101 SET character_set_client = @saved_cs_client */;

--
-- Dumping data for table `mediafiles`
--

LOCK TABLES `mediafiles` WRITE;
/*!40000 ALTER TABLE `mediafiles` DISABLE KEYS */;
INSERT INTO `mediafiles` VALUES (1,'elit, sed d',7,297,1,1,'2005-10-15 23:04:23','1989-12-01 05:36:32'),(2,'amet, con',13,979,1,2,'1989-02-14 04:11:39','2007-04-25 14:56:06'),(3,'in volu',5,492,2,3,'2012-11-27 18:01:43','1999-12-02 07:58:18'),(4,'sit amet, c',2,176,1,4,'2000-05-19 12:59:18','1997-08-20 21:05:17'),(5,'amet, cons',3,50,1,5,'2005-08-14 13:01:15','2016-09-20 23:08:13'),(6,'dolore eu fug',12,645,1,6,'2013-01-26 00:06:35','2015-11-08 23:51:06'),(7,'ullamco l',20,939,2,7,'2010-09-16 14:19:31','1987-12-26 11:57:42'),(8,'quis nos',14,1060,1,8,'2009-09-26 06:44:46','2004-03-12 20:58:10'),(9,'proident, ',18,471,1,9,'1991-12-01 01:26:58','2000-12-06 15:22:21'),(10,'incididu',2,9,1,10,'2010-10-18 07:25:13','2011-03-16 19:38:10'),(11,'dolor in rep',1,840,1,11,'1996-11-05 21:17:49','1981-05-02 09:58:05'),(12,'qui officia d',15,389,2,12,'2015-02-27 02:21:25','1985-09-13 16:56:54'),(13,'aborum.lo',14,683,2,13,'1989-05-29 05:54:47','2019-04-08 12:48:57'),(14,'irure dolor in',13,655,1,14,'2016-12-09 10:22:36','2004-10-27 09:41:10'),(15,'quis nostr',11,761,2,15,'2005-06-12 07:33:20','1993-02-16 00:23:59'),(16,'esse cillum ',7,814,1,16,'1991-10-20 11:51:11','2005-06-12 05:12:28'),(17,'sint occaec',15,306,2,17,'1996-08-01 17:48:52','1995-11-04 06:00:51'),(18,'est laborum.lo',4,77,2,18,'2009-01-13 06:12:09','2013-01-24 14:02:54'),(19,'pariatur. exc',15,640,1,19,'1992-11-23 09:07:32','2017-11-11 01:26:45'),(20,'sint occ',8,1015,2,20,'2003-09-16 17:43:59','1989-09-24 11:33:19'),(21,'irure dol',10,949,2,21,'2019-12-16 16:49:49','2018-10-16 15:23:33'),(22,'in volupt',4,390,2,22,'2012-05-03 09:41:28','2018-02-14 07:57:31'),(23,'sint occae',2,653,1,23,'1995-01-12 16:16:06','2010-07-03 13:47:44'),(24,'in volupta',17,357,1,24,'1991-04-19 08:57:12','2008-11-21 02:04:59'),(25,'et dolo',2,106,2,25,'2011-09-04 09:23:46','2018-05-06 03:13:05'),(26,'in culpa qui o',12,919,2,26,'1980-06-02 12:03:25','1988-02-01 19:06:32'),(27,'duis aute iru',20,211,1,27,'2001-11-14 09:03:12','2005-09-25 05:14:31'),(28,'cillum dolor',4,662,2,28,'2013-10-31 11:40:51','2015-12-05 07:24:17'),(29,'eu fugiat n',8,833,1,29,'1998-12-31 21:05:06','1997-12-23 18:37:21'),(30,'dolore eu fu',10,315,2,30,'1989-10-10 02:08:20','1995-11-03 12:55:36'),(31,'sint oc',17,220,1,31,'1991-05-23 11:05:41','2012-12-05 19:58:58'),(32,'ut aliquip ',14,56,1,32,'2013-02-18 13:55:46','2015-09-16 06:02:15'),(33,'enim ad min',14,896,2,33,'1995-02-27 18:10:00','2009-03-25 14:02:00'),(34,'ipsum dol',14,804,2,34,'2012-08-16 02:17:34','1992-10-28 19:15:45'),(35,'minim veniam, ',11,928,1,35,'2019-04-04 16:13:55','1986-07-02 09:50:02'),(36,'aliquip ex',5,580,2,36,'1981-09-25 06:03:55','1991-05-25 03:18:07'),(37,'in culpa qui ',8,493,1,37,'2018-01-30 04:55:18','1999-10-26 20:06:37'),(38,'id est l',15,1015,2,38,'1981-08-12 12:18:53','2018-04-29 09:52:19'),(39,'sed do ei',3,519,1,39,'1993-03-24 00:44:36','2017-03-19 11:15:22'),(40,'cupidatat',13,454,1,40,'1980-12-16 07:50:41','1981-06-23 06:20:17'),(41,'aute iru',5,587,1,41,'2019-04-11 10:30:26','2019-03-06 10:53:10'),(42,'eu fugiat nul',1,1046,2,42,'1991-09-13 18:27:17','2000-05-11 18:17:42'),(43,'anim id es',9,23,1,43,'1994-06-23 07:24:06','2019-12-01 05:58:47'),(44,'consequat. du',5,981,2,44,'1987-01-01 22:41:22','1995-11-23 11:05:53'),(45,'dolore eu fug',5,724,1,45,'2005-12-12 11:28:06','1989-04-29 13:15:08'),(46,'id est la',13,926,2,46,'2009-04-17 01:42:10','1993-05-10 09:53:02'),(47,'ad minim ',15,633,2,47,'2017-04-04 12:35:45','2012-01-05 13:34:25'),(48,'ut labore ',17,756,1,48,'2016-12-26 23:09:17','2018-08-05 03:46:55'),(49,'proident, su',8,923,2,49,'1991-08-22 21:42:00','1996-02-17 17:14:04'),(50,'ad minim ve',8,101,2,50,'1999-04-20 21:29:38','1996-06-06 04:35:46'),(51,'sint occaecat',9,128,2,51,'2018-01-12 16:18:53','1989-08-23 08:07:52'),(52,'mollit ',13,764,2,52,'1985-08-11 16:52:46','1983-05-10 08:14:59'),(53,'aliqua. ut enim',10,48,2,53,'1993-10-31 19:21:49','2009-01-02 19:14:34'),(54,'nulla pariatur.',6,175,2,54,'2019-11-06 21:45:41','2017-04-29 22:58:06'),(55,'in volu',16,878,1,55,'2006-04-12 02:37:44','1999-10-29 11:49:55'),(56,'id est lab',9,1077,1,56,'1994-07-02 16:16:09','2018-11-05 23:03:30'),(57,'excepteur s',13,787,2,57,'2001-08-10 13:51:05','1989-05-31 09:26:14'),(58,'exercitat',12,578,2,58,'1983-10-26 23:32:13','2006-12-04 00:04:06'),(59,'ut labore ',14,254,2,59,'1980-07-22 10:16:28','2004-10-17 14:06:17'),(60,'ullamco laboris',1,613,1,60,'2002-07-22 23:48:09','1986-04-06 05:53:13'),(61,'sed do eius',13,907,1,61,'2002-09-01 03:25:50','2009-06-10 17:15:57'),(62,'dolore eu f',18,1046,1,62,'1999-12-18 07:22:26','1985-10-18 02:22:38'),(63,'quis nostru',7,422,2,63,'1999-05-09 04:29:55','1980-10-13 20:36:14'),(64,'laboris nisi ut',13,49,1,64,'2015-04-08 16:14:37','2001-02-13 21:18:22'),(65,'sunt in cu',6,655,1,65,'1990-03-13 23:54:16','1996-08-03 15:30:08'),(66,'ut enim ad min',11,225,1,66,'2005-01-19 15:03:22','1984-08-12 23:43:04'),(67,'ullamco laboris',18,753,1,67,'1982-10-15 08:15:06','1981-03-22 04:56:18'),(68,'dolor sit am',2,478,2,68,'2018-07-05 22:22:37','2002-01-24 23:09:20'),(69,'ullamco la',9,219,1,69,'1992-09-30 01:15:29','1988-05-30 13:02:09'),(70,'reprehenderit i',10,276,2,70,'1997-06-04 17:48:49','1984-11-13 05:28:46'),(71,'mollit ',1,414,1,71,'1999-06-19 16:30:57','2003-02-25 21:03:21'),(72,'consectetur a',11,404,2,72,'2011-04-26 14:32:37','1998-03-07 15:22:35'),(73,'dolore eu fugi',13,711,1,73,'1995-11-25 05:47:35','2015-05-08 08:30:28'),(74,'non proident, ',1,76,1,74,'2009-03-17 13:27:18','2004-08-09 20:26:18'),(75,'aliqua.',2,544,1,75,'1989-02-15 07:38:29','2012-04-30 22:20:49'),(76,'ut labore',18,525,1,76,'1997-12-16 20:00:11','2002-09-17 22:31:20'),(77,'magna a',13,322,2,77,'2014-04-28 17:32:48','2003-05-26 05:47:21'),(78,'id est l',14,591,2,78,'2011-11-08 11:45:51','2014-10-25 10:56:33'),(79,'laboris ni',11,1030,1,79,'1983-06-16 10:54:57','2005-07-08 04:14:06'),(80,'aliqua. ut eni',15,359,2,80,'1980-05-19 07:15:28','1997-08-04 07:47:44'),(81,'deserunt moll',20,997,1,81,'2006-07-31 17:37:01','2010-01-08 10:23:26'),(82,'irure dolor in',18,146,1,82,'1981-10-20 11:13:52','2001-06-28 23:06:08'),(83,'borum.l',18,309,2,83,'2005-07-12 19:04:00','2012-11-22 06:06:27'),(84,'consectetur ',11,808,2,84,'1982-03-10 04:18:30','2002-01-30 21:41:33'),(85,'velit esse cill',8,27,2,85,'1989-01-09 06:14:57','2001-08-26 23:59:54'),(86,'excepte',11,189,1,86,'2004-09-05 20:26:53','2015-08-01 00:25:36'),(87,'ut aliquip ex',12,730,2,87,'2008-12-22 06:33:52','1990-06-27 20:01:08'),(88,'est laborum.lor',3,735,1,88,'2004-08-20 14:02:18','1992-01-03 23:04:17'),(89,'consequat. ',7,261,1,89,'1995-02-07 06:39:48','1985-05-29 18:50:04'),(90,'ut labore et do',10,800,2,90,'2009-01-27 16:23:46','2007-02-07 04:59:10'),(91,'incidid',4,471,2,91,'2019-01-17 17:21:27','2019-02-04 09:06:41'),(92,'ut labore et',20,932,2,92,'2001-01-28 10:12:07','1980-08-16 16:25:12'),(93,'mollit anim ',8,267,1,93,'2006-05-26 03:37:12','1984-12-05 12:42:46'),(94,'non proid',16,665,2,94,'2011-09-28 11:24:53','2000-12-28 08:19:40'),(95,'duis aute i',3,805,2,95,'2014-06-07 03:27:28','1999-11-03 10:26:58'),(96,'incididunt ut',7,231,2,96,'1980-07-18 04:37:29','2007-11-28 17:21:07'),(97,'cillum dolore ',15,608,2,97,'1998-12-28 06:01:28','2011-08-02 21:15:47'),(98,'nulla par',3,1035,1,98,'2009-03-26 18:34:12','2016-07-12 00:09:11'),(99,'exercitation ',13,1037,2,99,'2019-02-24 01:12:28','1995-04-26 14:18:31'),(100,'elit, sed ',9,439,1,100,'2004-02-21 11:11:11','1992-11-06 05:21:39'),(101,'magna al',4,317,2,101,'2002-08-23 09:58:17','2005-07-31 07:39:13'),(102,'in voluptat',13,894,2,102,'1982-10-26 15:30:51','2019-12-16 20:32:33'),(103,'anim id es',7,890,2,103,'2005-02-09 11:29:40','2011-03-12 09:25:30'),(104,'elit, sed do ',9,704,2,104,'1989-06-02 03:10:18','1988-12-08 13:25:33'),(105,'incididunt ',10,196,2,105,'1986-12-07 21:40:31','1981-11-01 06:35:14'),(106,'adipiscin',14,563,1,106,'2003-11-17 22:57:54','1982-08-13 18:16:10'),(107,'cupidatat non p',5,117,1,107,'2018-07-17 10:28:18','1997-08-23 17:51:53'),(108,'eiusmod te',19,438,2,108,'2014-01-02 00:55:11','1981-10-16 14:16:08'),(109,'excepte',4,163,2,109,'1989-06-29 01:46:47','1997-08-05 05:16:04'),(110,'sit ame',3,926,1,110,'2006-07-17 05:43:05','1988-05-18 10:18:27'),(111,'consequa',4,538,1,111,'1999-11-01 12:12:57','2008-08-31 21:05:29'),(112,'in voluptate ',9,642,2,112,'1983-06-02 15:00:22','2007-07-26 14:55:42'),(113,'id est labo',18,699,2,113,'1990-09-12 07:35:01','1987-04-23 20:41:20'),(114,'et dolo',13,1015,1,114,'1998-12-16 04:13:05','2019-01-25 14:18:52'),(115,'pariatur. e',18,928,2,115,'2013-05-02 16:28:01','1992-04-13 01:54:32'),(116,'anim id est la',17,278,2,116,'2008-03-16 05:06:05','1985-01-11 04:02:11'),(117,'excepteur si',6,665,2,117,'1996-01-20 11:03:52','2014-11-07 02:03:30'),(118,'cillum dolore ',2,368,2,118,'2010-12-22 20:07:39','1985-08-09 23:13:41'),(119,'qui offici',5,184,1,119,'1999-03-20 21:34:56','2001-08-12 06:14:43'),(120,'laboris nisi ',10,878,1,120,'2016-12-18 22:34:35','2015-03-01 10:04:02'),(121,'in repreh',1,995,1,121,'1985-04-17 08:48:13','2002-03-17 02:23:50'),(122,'fugiat nulla p',2,161,1,122,'1998-06-15 09:22:52','1986-05-12 02:24:07'),(123,'excepteu',13,977,1,123,'2011-12-08 10:23:47','1982-03-04 16:07:47'),(124,'eu fugi',8,47,1,124,'2005-12-04 09:22:02','2011-04-30 22:57:23'),(125,'qui offic',1,266,2,125,'2005-05-24 01:49:20','2003-05-28 08:37:16'),(126,'ut enim ad mini',18,498,1,126,'2009-09-20 09:20:22','1982-02-14 13:53:15'),(127,'esse cillum ',5,673,2,127,'2000-03-30 14:14:23','2001-03-05 06:33:33'),(128,'ea comm',19,620,2,128,'1981-03-09 15:41:06','1988-03-04 18:24:34'),(129,'eu fugiat n',12,741,2,129,'2002-07-16 02:21:06','1990-08-31 00:28:19'),(130,'deserunt molli',10,1003,2,130,'1982-04-07 19:21:16','1985-08-10 00:25:47'),(131,'exercitation ul',18,525,1,131,'1988-07-27 19:53:08','1988-02-11 06:24:22'),(132,'sunt in culpa',8,646,1,132,'2005-07-30 17:05:29','2007-09-18 00:24:43'),(133,'veniam, qu',11,631,2,133,'2015-08-20 15:44:39','1981-07-04 09:56:52'),(134,'eu fugiat nu',4,1057,1,134,'1987-05-10 08:33:43','1993-08-21 13:23:43'),(135,'aliquip e',5,700,2,135,'1981-10-25 07:28:41','1995-05-28 06:53:20'),(136,'qui officia d',2,882,2,136,'2014-02-08 04:49:21','2004-11-09 04:16:13'),(137,'id est laborum',2,47,2,137,'1983-02-17 12:39:58','1999-03-11 22:48:53'),(138,'excepteur s',19,816,2,138,'1985-12-10 16:09:17','2007-08-28 06:25:41'),(139,'anim id est la',18,59,1,139,'1985-12-28 22:45:40','2004-10-05 00:18:00'),(140,'excepteur',16,941,2,140,'2014-04-29 14:45:44','2008-10-18 20:36:36'),(141,'sunt in culpa q',20,183,2,141,'1984-10-23 22:04:29','2019-11-18 13:39:33'),(142,'ea commodo co',2,680,2,142,'2001-04-06 05:35:03','1983-09-08 08:16:25'),(143,'eiusmod',5,958,2,143,'1991-09-08 13:23:34','1998-09-16 08:28:31'),(144,'labore et ',12,848,2,144,'2016-02-21 09:18:21','2012-01-10 02:26:04'),(145,'duis aute i',3,516,1,145,'2004-07-08 14:15:23','1981-12-21 20:23:12'),(146,'in voluptate',18,420,1,146,'1996-10-30 23:20:24','1993-09-12 17:21:55'),(147,'magna aliqua.',9,1037,2,147,'1993-01-13 12:48:59','2000-07-17 12:51:04'),(148,'ut labor',5,857,2,148,'2017-10-09 09:18:21','2007-04-28 02:23:08'),(149,'anim id',2,525,2,149,'1981-03-23 10:47:43','2006-02-19 13:46:01'),(150,'laborum.lor',2,117,1,150,'1988-10-21 09:04:22','2004-11-14 11:44:27'),(151,'cupidatat',12,623,1,1,'2003-08-16 06:03:33','2017-06-27 07:55:26'),(152,'in voluptate v',4,940,2,2,'1996-07-31 19:52:52','1985-02-20 14:29:48'),(153,'in reprehende',1,63,2,3,'2007-12-16 08:54:00','1993-02-02 23:02:58'),(154,'tempor incidid',15,534,2,4,'1995-08-20 12:29:05','1988-07-04 03:51:43'),(155,'pariatur. exc',1,625,2,5,'1988-01-26 18:35:11','2002-09-15 10:02:03'),(156,'in culpa q',17,191,1,6,'2009-10-08 00:34:01','2004-07-04 21:56:33'),(157,'incididunt ut l',2,33,2,7,'1987-08-12 01:57:28','1986-07-03 05:59:39'),(158,'consecte',7,442,1,8,'1986-01-13 17:45:16','2005-08-13 19:12:15'),(159,'eu fugiat nul',1,633,2,9,'1990-11-01 09:23:34','1984-08-10 09:08:58'),(160,'veniam, quis no',18,540,2,10,'1982-10-15 05:32:23','1998-12-19 04:22:21'),(161,'mollit anim',15,361,1,11,'1982-01-27 17:17:14','2019-12-23 09:47:53'),(162,'magna ali',10,7,1,12,'1998-12-11 14:27:46','1980-09-01 19:39:21'),(163,'in repreh',4,22,2,13,'2005-06-29 21:25:42','1994-03-16 06:20:58'),(164,'laboris ni',1,274,1,14,'1999-11-19 02:05:09','2006-03-06 18:13:49'),(165,'exercitati',10,323,2,15,'1993-09-15 21:44:21','1986-06-09 03:55:50'),(166,'magna aliqua',1,229,2,16,'1981-01-06 03:28:24','1995-03-18 14:22:12'),(167,'commodo',16,552,1,17,'1994-02-25 11:41:07','2019-09-19 21:34:49'),(168,'in volup',11,156,1,18,'2008-03-05 12:31:06','1982-01-23 07:01:08'),(169,'consectetur a',3,84,2,19,'2009-10-20 02:21:00','1985-06-02 23:44:22'),(170,'elit, sed do',3,717,2,20,'2010-09-02 09:33:36','2014-11-29 18:27:40'),(171,'commodo cons',2,17,1,21,'1986-09-11 03:30:14','2008-07-10 18:02:20'),(172,'mollit ',20,450,1,22,'2014-05-09 15:24:04','1988-11-21 09:23:30'),(173,'dolor sit amet',4,241,1,23,'1998-07-03 18:24:00','1994-02-15 20:31:45'),(174,'mollit anim id ',6,721,1,24,'2011-04-11 13:49:15','1991-09-11 19:59:50'),(175,'dolore eu fugia',8,85,1,25,'2012-08-29 21:11:33','2015-07-12 21:01:11'),(176,'cillum ',2,129,1,26,'2003-01-17 10:10:50','2017-08-23 19:18:34'),(177,'magna aliqua.',12,680,1,27,'2015-03-06 04:56:47','2000-11-30 11:32:56'),(178,'nisi ut aliq',17,2,2,28,'1986-11-17 06:24:15','1996-09-05 20:39:14'),(179,'deserunt mo',10,129,1,29,'2015-01-08 14:53:56','1990-11-29 19:36:06'),(180,'cupidata',20,987,2,30,'2017-10-18 04:36:52','2007-07-06 15:54:19'),(181,'adipiscin',8,770,2,31,'2008-01-10 18:33:26','2008-01-11 09:56:49'),(182,'pariatu',13,731,1,32,'1994-12-30 03:56:26','1980-03-24 01:07:45'),(183,'ut enim ad m',19,798,2,33,'1989-10-18 06:18:44','1997-10-27 09:30:48'),(184,'occaecat cu',2,710,1,34,'1987-12-27 08:12:03','1997-01-17 22:43:05'),(185,'sed do e',12,100,2,35,'1999-03-09 19:05:48','2011-12-04 03:57:47'),(186,'excepteur sint',13,527,1,36,'1993-09-21 16:13:17','2009-02-17 12:06:22'),(187,'consecte',1,186,2,37,'1989-06-09 02:13:52','2012-06-11 18:24:40'),(188,'deserun',4,992,1,38,'1991-12-12 17:06:36','2019-10-08 10:59:50'),(189,'laboris ',20,359,1,39,'1985-01-01 07:31:51','1998-03-02 01:27:54'),(190,'dolore e',11,713,1,40,'2016-10-30 10:12:22','2002-08-21 09:28:02'),(191,'elit, s',9,966,1,41,'1991-01-31 04:59:34','1991-07-17 05:45:09'),(192,'voluptate veli',5,963,2,42,'2014-07-03 02:23:52','2007-04-27 20:58:09'),(193,'eu fugiat nul',14,876,1,43,'1983-02-05 23:25:15','1982-02-22 18:12:56'),(194,'consequat',10,648,1,44,'2005-12-15 19:35:36','1990-07-20 01:15:03'),(195,'aute irure',18,198,1,45,'1982-03-17 21:11:56','2009-11-21 06:44:39'),(196,'culpa qui offic',10,988,1,46,'2010-10-12 17:26:03','1988-09-20 20:56:46'),(197,'duis aute',3,198,2,47,'1995-05-23 12:23:51','1990-02-19 17:10:51'),(198,'aliquip e',5,934,2,48,'1995-10-19 14:27:09','2000-02-08 21:58:11'),(199,'exercitation u',2,696,1,49,'1992-10-12 10:38:48','2007-10-01 20:54:25'),(200,'sunt in cu',4,315,2,50,'1980-07-21 23:46:06','1992-01-22 21:05:30'),(201,'tempor incidi',14,352,2,51,'2003-03-09 02:06:45','1992-07-03 21:47:45'),(202,'eiusmod ',14,578,2,52,'1981-11-04 01:16:13','2015-06-28 19:41:44'),(203,'ea commo',14,829,1,53,'1986-06-16 04:57:23','1993-02-14 00:49:28'),(204,'magna a',7,415,2,54,'2006-08-06 03:53:45','1985-03-29 21:40:11'),(205,'occaecat cu',14,27,2,55,'2013-05-16 12:32:50','1999-06-17 04:54:30'),(206,'id est laboru',1,149,1,56,'1994-10-03 18:34:04','2008-12-29 07:21:52'),(207,'tempor incidid',6,1006,2,57,'2009-04-08 04:58:23','1997-08-13 18:29:56'),(208,'ex ea commod',5,362,1,58,'2016-07-29 05:35:52','2017-02-18 18:56:50'),(209,'ut labore et ',1,332,2,59,'1990-02-27 02:42:41','2012-04-19 08:17:53'),(210,'aborum.lorem i',8,60,1,60,'2012-12-30 10:43:25','2008-07-18 17:00:59'),(211,'excepteu',4,428,1,61,'2004-11-26 05:41:10','1985-01-01 13:04:54'),(212,'non proi',4,44,1,62,'2013-03-06 09:17:43','1982-05-17 05:34:00'),(213,'ullamco',18,555,2,63,'1994-10-01 06:01:27','2007-11-10 10:21:03'),(214,'laborum.lore',8,326,1,64,'2006-02-04 02:15:07','1999-04-13 22:31:20'),(215,'elit, sed d',15,713,1,65,'1984-01-04 22:17:46','2005-04-01 16:36:48'),(216,'nisi ut aliqui',11,519,2,66,'1987-07-26 13:09:28','1988-04-27 11:01:34'),(217,'magna aliq',8,1035,2,67,'1995-12-09 14:43:42','1988-01-22 16:23:58'),(218,'aliquip ex e',18,970,1,68,'1987-02-23 18:36:31','2005-10-14 10:50:03'),(219,'elit, se',1,973,1,69,'1990-06-21 17:25:42','1992-12-07 09:14:01'),(220,'pariatur. exc',12,205,2,70,'2002-07-11 10:47:19','2013-10-21 13:20:07'),(221,'minim veniam',4,952,2,71,'1992-07-06 12:18:34','1990-07-29 05:26:23'),(222,'ut enim ',15,101,2,72,'1994-09-27 00:36:48','1980-01-10 16:39:01'),(223,'ex ea co',19,401,1,73,'2012-03-14 03:00:05','1980-09-01 02:43:32'),(224,'excepteu',6,4,1,74,'2003-05-14 03:41:49','2015-03-27 16:27:54'),(225,'dolor in repre',16,967,2,75,'1992-10-16 03:01:23','1998-11-27 03:43:32'),(226,'enim ad ',10,566,2,76,'1983-06-02 03:50:45','2011-12-16 17:33:59'),(227,'voluptate vel',13,577,2,77,'2014-09-13 12:10:12','2011-09-24 18:19:41'),(228,'elit, se',14,130,1,78,'2012-09-28 15:25:46','2005-05-06 14:20:27'),(229,'excepteur ',15,584,2,79,'1995-05-28 12:55:33','2013-07-03 21:45:57'),(230,'sint occaeca',12,569,2,80,'2017-07-28 10:21:11','1996-06-28 10:55:02'),(231,'ullamco laboris',9,127,2,81,'2013-01-31 23:52:05','2008-05-05 19:18:22'),(232,'et dolore ',10,878,1,82,'1989-08-02 23:34:27','1996-06-27 11:12:13'),(233,'sunt in cul',17,411,2,83,'2018-10-31 10:47:58','2013-09-28 08:04:19'),(234,'duis aute iru',2,49,1,84,'2005-12-25 04:12:26','1994-05-06 03:11:59'),(235,'elit, sed ',16,534,1,85,'1985-10-17 14:17:11','2003-10-24 22:25:03'),(236,'ullamco lab',17,648,1,86,'1990-08-10 05:08:55','1982-09-15 09:08:18'),(237,'sunt in c',20,1077,2,87,'2016-06-20 09:07:44','2002-02-09 03:17:58'),(238,'laborum.lor',12,941,2,88,'2001-09-01 15:33:18','1985-06-11 08:16:35'),(239,'ut enim ',20,284,2,89,'1985-07-26 10:50:09','2014-01-05 02:33:37'),(240,'sit amet, co',7,529,1,90,'1999-04-25 08:08:51','1991-04-05 09:31:32'),(241,'officia deser',18,264,1,91,'2007-06-20 08:58:51','2001-12-09 04:45:54'),(242,'occaecat cupida',5,534,2,92,'2012-04-11 05:25:04','1982-03-24 00:11:56'),(243,'est laborum.l',10,71,2,93,'2000-07-15 11:43:26','1982-07-26 03:39:44'),(244,'non proid',4,410,1,94,'1990-05-01 15:43:40','2008-07-07 09:54:52'),(245,'magna al',1,260,2,95,'2006-07-07 18:40:27','1984-02-11 17:56:55'),(246,'tempor incid',8,849,2,96,'1983-01-17 21:21:24','2019-08-27 21:05:31'),(247,'in voluptate',19,165,2,97,'1987-10-07 06:37:44','1987-10-23 02:26:58'),(248,'nisi ut ',19,873,2,98,'2009-11-02 05:40:10','1986-06-10 05:54:31'),(249,'ex ea commodo ',18,514,2,99,'2000-01-12 22:23:19','1984-04-30 04:15:26'),(250,'dolor in ',10,370,2,100,'2015-10-11 12:28:19','2002-12-13 19:36:49'),(251,'occaecat ',15,977,2,101,'2016-11-04 07:30:10','1995-04-13 14:34:48'),(252,'in voluptate ve',17,175,1,102,'1998-08-12 15:43:41','2009-03-08 13:10:06'),(253,'in voluptate v',5,953,1,103,'2019-09-28 13:37:47','1981-08-21 18:22:56'),(254,'mollit ani',1,261,2,104,'1988-05-18 19:10:51','1988-10-01 15:00:22'),(255,'et dolo',6,985,2,105,'1983-05-19 01:18:57','2012-12-24 00:38:31'),(256,'exercit',20,93,1,106,'2015-03-15 12:00:48','1996-01-25 05:14:40'),(257,'veniam, quis',5,800,2,107,'2005-09-23 14:00:21','2002-05-02 04:45:30'),(258,'velit esse cill',9,260,2,108,'1989-09-02 21:24:28','1981-12-08 23:49:00'),(259,'cupidatat non ',6,899,1,109,'2014-09-22 23:31:11','1994-06-21 06:32:21'),(260,'nulla pariatur',16,665,1,110,'1994-07-17 10:58:13','1998-03-12 13:51:31'),(261,'et dolore m',6,890,2,111,'1987-10-03 20:51:41','1999-07-04 01:31:56'),(262,'deserunt m',18,868,1,112,'2018-09-07 06:21:05','2016-04-22 19:34:48'),(263,'ex ea commodo ',11,961,1,113,'2003-10-22 20:03:41','2016-10-11 13:56:54'),(264,'ullamco labo',1,330,2,114,'1993-09-11 00:04:14','1992-02-22 13:47:39'),(265,'consequat. du',15,493,2,115,'2009-01-23 08:13:10','1984-10-19 01:55:37'),(266,'sunt in culpa q',7,156,1,116,'2005-09-04 12:24:47','2006-03-27 01:10:13'),(267,'adipiscing',2,760,1,117,'1983-10-09 14:14:00','1997-05-27 07:18:29'),(268,'ut labore e',11,528,1,118,'1983-02-10 22:32:26','2000-02-21 01:48:41'),(269,'elit, sed',3,272,1,119,'2000-09-25 20:53:00','2001-05-04 20:56:50'),(270,'ea commod',10,614,2,120,'1984-11-04 07:48:56','2013-02-11 05:19:01'),(271,'adipiscing ',9,30,2,121,'2011-11-13 08:45:03','1981-09-14 03:02:08'),(272,'nostrud exer',17,304,1,122,'1981-06-06 10:00:00','2013-06-27 13:19:02'),(273,'deserun',3,325,2,123,'2006-03-04 14:52:05','2004-02-06 19:11:13'),(274,'reprehenderit',8,155,1,124,'1985-08-12 04:38:01','2014-06-16 17:32:18'),(275,'anim id e',15,61,2,125,'2000-10-06 08:30:12','1986-06-30 04:54:59'),(276,'sunt in culpa q',20,380,2,126,'1981-04-18 07:07:57','1997-10-01 19:07:59'),(277,'in culpa qu',1,543,1,127,'2007-10-26 02:06:51','1997-09-16 06:44:58'),(278,'tempor incididu',1,327,2,128,'1987-02-12 18:48:20','2003-01-17 13:57:52'),(279,'cupidatat',4,517,1,129,'1998-01-27 13:26:45','2005-03-08 21:10:57'),(280,'dolore eu fug',1,951,2,130,'1980-12-28 07:28:42','2013-01-01 05:17:54'),(281,'nisi ut aliqui',17,987,1,131,'2001-06-04 07:30:08','1991-04-16 00:12:21'),(282,'non proiden',20,262,1,132,'2008-08-31 21:07:59','2002-12-25 23:15:22'),(283,'laboris ni',17,53,1,133,'2018-08-04 00:12:28','2008-04-17 02:38:27'),(284,'in repre',8,395,2,134,'2007-01-30 17:09:28','2003-10-16 18:13:33'),(285,'magna al',13,475,2,135,'1991-03-12 03:46:27','2014-09-19 08:45:47'),(286,'quis nostrud e',9,190,1,136,'1986-08-11 01:36:43','1995-03-11 09:52:19'),(287,'.lorem ipsum',14,357,2,137,'2016-06-08 23:31:46','1984-11-01 19:41:21'),(288,'et dolor',17,839,2,138,'1993-10-04 01:04:18','2007-07-04 16:34:08'),(289,'non proident, s',8,745,1,139,'1985-12-06 14:40:37','1990-08-30 21:23:46'),(290,'cupidata',5,1013,2,140,'1981-08-09 16:37:19','2011-06-29 08:06:30'),(291,'anim id est la',17,657,1,141,'2000-07-13 02:34:07','1994-12-24 09:53:31'),(292,'tempor incid',7,13,2,142,'2009-08-07 04:44:47','2005-07-02 01:00:26'),(293,'m.lorem ipsum d',4,833,2,143,'2011-05-06 23:24:28','1993-08-08 16:49:25'),(294,'ex ea commodo ',6,538,2,144,'2015-08-01 12:20:59','1993-05-25 02:09:44'),(295,'mollit a',11,553,1,145,'1990-12-02 19:02:48','2018-01-29 02:50:00'),(296,'et dolor',4,323,1,146,'1987-08-18 11:30:20','2008-03-24 21:51:42'),(297,'exercita',8,377,1,147,'1984-09-28 02:58:20','1985-02-18 06:38:47'),(298,'est lab',9,276,1,148,'2018-06-06 01:09:12','2018-02-09 05:53:46'),(299,'elit, sed do e',2,761,1,149,'2012-10-13 19:02:48','2005-11-22 08:17:41'),(300,'mollit anim id ',11,716,2,150,'1982-06-16 13:11:36','1988-09-29 08:40:25');
/*!40000 ALTER TABLE `mediafiles` ENABLE KEYS */;
UNLOCK TABLES;

--
-- Table structure for table `mediafiles_types`
--

DROP TABLE IF EXISTS `mediafiles_types`;
/*!40101 SET @saved_cs_client     = @@character_set_client */;
/*!40101 SET character_set_client = utf8 */;
CREATE TABLE `mediafiles_types` (
  `id` tinyint(3) unsigned NOT NULL AUTO_INCREMENT COMMENT 'id типа медиафайла',
  `name` varchar(255) NOT NULL COMMENT 'Название',
  PRIMARY KEY (`id`),
  UNIQUE KEY `id` (`id`)
) ENGINE=InnoDB AUTO_INCREMENT=3 DEFAULT CHARSET=latin1 COMMENT='Таблица с типами медиафайлов';
/*!40101 SET character_set_client = @saved_cs_client */;

--
-- Dumping data for table `mediafiles_types`
--

LOCK TABLES `mediafiles_types` WRITE;
/*!40000 ALTER TABLE `mediafiles_types` DISABLE KEYS */;
INSERT INTO `mediafiles_types` VALUES (1,'photo'),(2,'video');
/*!40000 ALTER TABLE `mediafiles_types` ENABLE KEYS */;
UNLOCK TABLES;

--
-- Table structure for table `offers`
--

DROP TABLE IF EXISTS `offers`;
/*!40101 SET @saved_cs_client     = @@character_set_client */;
/*!40101 SET character_set_client = utf8 */;
CREATE TABLE `offers` (
  `id` bigint(20) unsigned NOT NULL AUTO_INCREMENT COMMENT 'id акции',
  `offer_type_id` tinyint(3) unsigned NOT NULL COMMENT 'id типа акции',
  `shop_id` mediumint(8) unsigned NOT NULL COMMENT 'id продавца - владельца акции',
  `name` varchar(255) NOT NULL COMMENT 'Название',
  `desription` text COMMENT 'Описание',
  `url` varchar(255) NOT NULL COMMENT 'УРЛ акции, типа black-friday',
  `photo` varchar(255) DEFAULT '/img/default_offer.png' COMMENT 'Картинка для акции. Если не указана, ставим заглушку',
  `start_at` datetime DEFAULT CURRENT_TIMESTAMP,
  `finish_at` datetime DEFAULT NULL,
  `created_at` datetime DEFAULT CURRENT_TIMESTAMP,
  `updated_at` datetime DEFAULT CURRENT_TIMESTAMP ON UPDATE CURRENT_TIMESTAMP,
  `is_active` tinyint(1) NOT NULL COMMENT '1-акция активна, 0-акция выключена',
  `priority` tinyint(3) unsigned NOT NULL COMMENT 'Приоритет акций',
  PRIMARY KEY (`id`),
  UNIQUE KEY `id` (`id`),
  UNIQUE KEY `url` (`url`),
  KEY `offers_offer_type_id_fk` (`offer_type_id`),
  KEY `offers_shop_id_fk` (`shop_id`),
  CONSTRAINT `offers_offer_type_id_fk` FOREIGN KEY (`offer_type_id`) REFERENCES `offers_types` (`id`),
  CONSTRAINT `offers_shop_id_fk` FOREIGN KEY (`shop_id`) REFERENCES `shops` (`id`)
) ENGINE=InnoDB AUTO_INCREMENT=11 DEFAULT CHARSET=latin1 COMMENT='Акции';
/*!40101 SET character_set_client = @saved_cs_client */;

--
-- Dumping data for table `offers`
--

LOCK TABLES `offers` WRITE;
/*!40000 ALTER TABLE `offers` DISABLE KEYS */;
INSERT INTO `offers` VALUES (1,1,17,'EU FUGIAT NULLA','amet, consectetur adipiscing elit, sed do eiusm','laboris ni','fugiat nul','2019-04-16 07:02:27','2019-10-24 16:24:04','2017-06-02 08:57:52','2019-08-02 12:23:04',1,1),(2,2,9,'ID EST LABORUM.LO','pariatur. Excepteur sint occaec','labore ','adipiscing eli','2015-11-12 14:43:09','2016-09-28 16:43:19','2015-03-06 01:19:41','2019-07-31 17:23:30',0,0),(3,3,6,'MAGNA ALIQUA. UT ','esse cillum dolore eu fugiat nulla pariatur. Excepteur sint occaecat cupidatat non proident, su','nulla pari','nostrud exercit','1992-06-21 23:10:23','2017-02-17 01:40:41','1989-09-11 20:35:13','2010-02-24 13:24:15',0,0),(4,1,4,'IRURE DOLOR','dolor sit amet, consectetur adipiscing elit, sed do eiusmod tempor incididunt ut labore et d','aliqua. ','sint occaecat','2006-02-13 02:54:47','2006-04-26 16:46:41','2015-06-29 03:31:51','2019-07-31 17:23:30',0,0),(5,3,9,'ADIPISCING ELI','nisi ut aliquip ex ea commodo consequat. Duis aute irure dolor in reprehenderit in','non proid','do eiusmod t','1988-02-19 11:53:48','2008-04-24 17:29:10','1993-09-13 22:45:45','2009-05-12 05:29:45',0,0),(6,2,3,'EIUSMO','ex ea commodo consequat. Duis aute irure dolor in re','duis aut','eu fugiat nulla','2014-01-06 21:46:51','2014-06-30 17:31:25','2005-08-11 02:47:47','2019-07-31 17:28:43',1,0),(7,2,3,'ELIT, SED DO EIUS','sint occaecat cupidatat non proident, sunt in culpa qui officia deserunt','anim id es','cupidatat n','2019-06-08 18:49:40','2019-11-12 14:21:51','2003-08-10 21:02:59','2019-08-02 12:23:05',1,2),(8,3,17,'IN CULPA QUI OFFICI','qui officia deserunt mollit anim id est laborum.Lorem ipsum dolor sit','minim ve','ullamco labori','1989-09-24 04:50:40','2008-06-01 08:56:44','1987-02-27 17:20:05','2019-07-31 17:23:30',0,0),(9,3,13,'INCIDIDUNT UT','mollit anim id est laborum.Lorem ipsum dolor sit amet, consecte','in volupt','in voluptate','1995-09-19 19:25:02','2003-09-08 19:53:51','2008-10-18 12:06:24','2019-07-31 17:28:43',1,0),(10,4,20,'DOLOR IN REPREHEN','mollit anim id est laborum.Lorem ipsum dolor sit amet, consectetur adipiscing elit, sed','qui offi','ut labore et ','1984-12-01 01:39:26','1996-08-27 05:38:06','2019-07-20 15:53:01','2019-07-31 17:28:43',1,0);
/*!40000 ALTER TABLE `offers` ENABLE KEYS */;
UNLOCK TABLES;

--
-- Table structure for table `offers_conditions`
--

DROP TABLE IF EXISTS `offers_conditions`;
/*!40101 SET @saved_cs_client     = @@character_set_client */;
/*!40101 SET character_set_client = utf8 */;
CREATE TABLE `offers_conditions` (
  `offer_id` bigint(20) unsigned NOT NULL COMMENT 'id акции',
  `region_id` bigint(20) unsigned NOT NULL COMMENT 'id региона',
  `delyvery_type_id` tinyint(3) unsigned DEFAULT NULL COMMENT 'id типа доставки',
  `payment_id` tinyint(3) unsigned DEFAULT NULL COMMENT 'id типа оплаты',
  `warehouse_id` bigint(20) unsigned DEFAULT NULL COMMENT 'id склада',
  `min_product_price` int(10) unsigned DEFAULT NULL COMMENT 'Условие для акции по цене товара от',
  `max_product_price` int(10) unsigned DEFAULT NULL COMMENT 'Условие для акции по цене товара до',
  `min_product_weight` int(10) unsigned DEFAULT NULL COMMENT 'Условие для акции по весу товара от',
  `max_product_weight` int(10) unsigned DEFAULT NULL COMMENT 'Условие для акции по весу товара до',
  `min_order_price` int(10) unsigned DEFAULT NULL COMMENT 'Условие для акции по сумме заказа от',
  `max_order_price` int(10) unsigned DEFAULT NULL COMMENT 'Условие для акции по сумме заказа до',
  `min_order_weight` int(10) unsigned DEFAULT NULL COMMENT 'Условие для акции по весу заказа от',
  `max_order_weight` int(10) unsigned DEFAULT NULL COMMENT 'Условие для акции по весу заказа до',
  `sale_product_price` int(10) unsigned DEFAULT NULL COMMENT 'Скидочная стоимость товара в валюте',
  `sale_product_price_percent` int(10) unsigned DEFAULT NULL COMMENT 'Скидочная стоимость товара в процентах',
  `bonus` bigint(20) unsigned DEFAULT NULL COMMENT 'id товара бонуса. Если указан, то он будет подарком в данной акции',
  KEY `offers_conditions_offer_id_fk` (`offer_id`),
  KEY `offers_conditions_region_id_fk` (`region_id`),
  KEY `offers_conditions_delyvery_type_id_fk` (`delyvery_type_id`),
  KEY `offers_conditions_payment_id_fk` (`payment_id`),
  KEY `offers_conditions_warehouse_id_fk` (`warehouse_id`),
  KEY `offers_bonus_fk` (`bonus`),
  CONSTRAINT `offers_bonus_fk` FOREIGN KEY (`bonus`) REFERENCES `products_variants` (`id`),
  CONSTRAINT `offers_conditions_delyvery_type_id_fk` FOREIGN KEY (`delyvery_type_id`) REFERENCES `delyvery_types` (`id`),
  CONSTRAINT `offers_conditions_offer_id_fk` FOREIGN KEY (`offer_id`) REFERENCES `offers` (`id`),
  CONSTRAINT `offers_conditions_payment_id_fk` FOREIGN KEY (`payment_id`) REFERENCES `payments` (`id`),
  CONSTRAINT `offers_conditions_region_id_fk` FOREIGN KEY (`region_id`) REFERENCES `regions` (`id`),
  CONSTRAINT `offers_conditions_warehouse_id_fk` FOREIGN KEY (`warehouse_id`) REFERENCES `warehouses` (`id`)
) ENGINE=InnoDB DEFAULT CHARSET=latin1 COMMENT='Все общие условия акции';
/*!40101 SET character_set_client = @saved_cs_client */;

--
-- Dumping data for table `offers_conditions`
--

LOCK TABLES `offers_conditions` WRITE;
/*!40000 ALTER TABLE `offers_conditions` DISABLE KEYS */;
INSERT INTO `offers_conditions` VALUES (10,6,1,1,62,4624,5983,9384,20797,29957,8789,12413,7729,9213,16683,251),(4,7,1,1,22,13022,14752,8705,16427,31835,12030,18709,30669,10343,6226,604),(3,10,2,2,4,17549,28495,11370,13261,18645,13120,16176,29237,22009,31842,639),(5,8,1,2,77,16682,6558,8315,30514,10337,19719,12396,12360,9426,8703,596),(4,6,1,2,78,20760,12254,17746,3833,12953,16185,31603,6017,9137,25536,220),(2,5,1,2,41,10093,15423,9327,3489,28146,14404,16086,7011,28809,11498,788),(4,2,1,2,96,11567,29207,3770,27601,16907,19102,6571,9062,19596,16606,483),(5,3,1,2,20,32270,19313,19314,15054,18657,1074,21947,18186,22273,19359,337),(9,6,1,2,40,9532,30245,3804,29381,872,20155,27612,9954,247,20013,855),(4,1,1,1,1,4282,11854,20493,26887,10426,20548,24150,26982,19289,11803,718),(1,11,NULL,NULL,4,NULL,NULL,NULL,NULL,NULL,NULL,NULL,NULL,NULL,10,NULL),(5,5,1,2,20,1233,5559,16054,24690,2,2,2,2,9511,17969,16),(2,12,1,2,42,26495,24361,4234,8474,3,3,3,3,1206,14446,980),(6,13,1,1,66,27320,2729,32189,9454,4,4,4,4,31675,22742,300),(2,11,2,1,38,12289,30571,18738,29495,6,6,6,6,17120,10529,201),(1,2,NULL,NULL,17,NULL,NULL,NULL,NULL,NULL,NULL,NULL,NULL,NULL,15,NULL),(6,3,1,1,97,20445,30715,18323,1638,8,8,8,8,31363,9377,680),(2,10,1,2,87,31082,23712,27030,5538,9,9,9,9,29886,17621,337),(10,2,1,1,66,2047,24251,3848,9008,11,11,11,11,5837,22390,702),(10,2,1,1,64,15649,19202,20059,18032,12,12,12,12,5026,1155,142),(4,1,2,1,66,11320,501,25859,9855,13,13,13,13,3834,4620,894),(3,3,2,2,17,19166,13214,25498,17782,14,14,14,14,24422,26953,765),(6,5,1,1,47,32219,7304,8132,23428,15,15,15,15,11391,11217,817),(4,6,2,1,70,29353,19504,32108,25979,16,16,16,16,13630,6315,297),(4,10,2,1,14,24798,19076,25419,3072,17,17,17,17,3169,15698,184),(6,11,1,1,3,26854,25409,10976,13298,18,18,18,18,12025,24564,812),(9,10,1,2,4,12760,26471,19651,17789,19,19,19,19,5301,4814,737),(5,8,2,1,28,19424,12820,12358,2248,20,20,20,20,25567,21530,333),(6,11,2,1,2,29130,2856,1387,8893,21,21,21,21,29354,22301,764),(7,2,NULL,NULL,13,NULL,NULL,NULL,NULL,NULL,NULL,NULL,NULL,20,NULL,NULL),(2,9,2,2,67,7503,16720,20728,1344,23,23,23,23,11001,4049,238),(9,5,1,1,71,6585,10083,20170,31214,24,24,24,24,11322,1602,312),(2,5,1,2,46,26686,10092,5450,2145,25,25,25,25,589,4035,310),(10,13,1,1,15,18551,729,3673,17243,26,26,26,26,9538,25021,244),(6,6,2,1,83,27931,32111,31813,15256,27,27,27,27,21404,31725,890),(3,5,1,1,51,9837,15204,15377,488,28,28,28,28,15270,7257,301),(5,12,1,1,99,1124,5765,19580,21480,30,30,30,30,1917,15935,220),(4,7,2,2,8,27826,13225,15394,300,31,31,31,31,26962,22779,1026),(3,10,2,2,63,31150,10269,25232,19239,32,32,32,32,20794,21868,296),(4,4,1,1,78,10855,13999,26872,15749,33,33,33,33,31425,19385,940),(6,12,2,2,43,17402,27835,9824,15218,34,34,34,34,2281,6854,1050),(5,11,1,2,75,5675,3650,11304,3121,35,35,35,35,560,23766,556),(8,6,2,2,92,17768,13686,29472,14772,36,36,36,36,6978,10801,94),(7,4,NULL,NULL,13,NULL,NULL,NULL,NULL,NULL,NULL,NULL,NULL,30,NULL,NULL),(3,9,2,2,60,29457,31221,26979,13978,39,39,39,39,32596,27753,5),(3,1,1,2,35,16458,22507,21259,14103,40,40,40,40,12876,7117,116),(5,2,1,2,45,11474,10273,15378,14000,41,41,41,41,25737,18263,124),(9,4,2,2,48,12548,9921,18284,19799,42,42,42,42,21515,7292,738),(5,9,2,2,51,13306,22835,25307,22240,43,43,43,43,10540,21792,866),(4,12,2,1,53,22402,26700,14734,28214,45,45,45,45,13400,3187,643),(9,5,2,1,75,5953,1216,12276,27385,46,46,46,46,21437,1906,698),(4,5,2,1,90,2772,20472,23911,17848,47,47,47,47,1181,30358,132),(4,9,1,1,85,15817,18703,3576,512,48,48,48,48,23379,690,960),(3,3,1,2,56,26094,25399,11500,19743,49,49,49,49,15606,8857,15),(3,4,1,2,12,9804,10829,11349,22926,50,50,50,50,18277,29277,579),(10,5,2,2,41,26187,3681,22661,32511,51,51,51,51,5239,15707,118),(3,12,1,1,96,21616,20202,828,4634,52,52,52,52,20762,22693,848),(5,6,2,1,66,16120,14597,8731,12610,53,53,53,53,14389,30123,568),(4,7,1,1,27,10874,11400,30100,3202,55,55,55,55,23737,19184,1077),(9,5,1,1,33,3419,7978,25110,30068,56,56,56,56,26110,9756,550),(9,5,1,1,19,6543,29920,14423,688,57,57,57,57,7928,19440,1029),(10,6,2,2,99,11911,14354,15282,2870,58,58,58,58,2418,12606,646),(10,2,1,2,69,27992,13089,29277,21787,59,59,59,59,15394,28189,906),(2,12,2,1,52,9102,16211,24715,13013,60,60,60,60,19964,3101,1023),(4,3,2,2,19,10152,17275,20478,14944,61,61,61,61,20804,5692,390),(4,9,1,1,92,16959,26238,4528,27680,64,64,64,64,25505,11829,781),(3,1,1,2,15,25825,26524,17597,13112,65,65,65,65,27857,15318,267),(5,1,1,2,15,32335,21566,24838,25680,66,66,66,66,6986,22094,523),(3,1,1,2,13,22740,4581,21649,26987,68,68,68,68,18070,30250,837),(10,1,2,2,10,22817,30747,4756,30435,69,69,69,69,30082,27539,803),(4,4,1,1,44,6507,24409,2865,14504,71,71,71,71,5551,719,830),(6,4,1,1,27,16133,15671,24976,18380,72,72,72,72,27775,1204,659),(8,9,2,1,78,29565,27975,21977,11791,73,73,73,73,995,15531,906),(5,1,2,1,38,23169,5772,22860,16576,74,74,74,74,5845,8064,552),(5,9,1,1,38,10485,26843,29659,18959,75,75,75,75,20451,31946,343),(2,2,1,2,35,20678,7711,26529,23349,79,79,79,79,8084,18370,273),(6,2,2,1,91,31849,29236,15371,28459,80,80,80,80,16378,10168,598),(8,8,1,1,66,30465,25130,17573,26960,81,81,81,81,2574,13446,42),(5,4,1,1,84,31906,6600,29276,30038,82,82,82,82,18879,9910,322),(5,10,2,1,75,9905,6350,14574,23259,84,84,84,84,28806,32592,491),(10,13,2,2,10,1144,17696,6031,3061,85,85,85,85,30316,28442,326),(6,2,1,1,66,10957,29324,17619,19357,86,86,86,86,17155,30697,766),(2,10,1,1,95,6795,7388,14620,21117,87,87,87,87,58,18403,290),(4,11,1,2,89,6855,20660,30437,8260,89,89,89,89,1079,1634,453),(10,10,1,1,19,25287,30259,23720,20625,90,90,90,90,24765,10572,977),(3,13,2,2,52,7732,13083,8784,9344,92,92,92,92,10252,7708,648),(5,12,2,2,51,18289,32712,8515,24981,93,93,93,93,8426,15725,771),(4,4,1,1,39,9902,21981,3846,1129,94,94,94,94,18090,16972,260),(3,4,2,1,51,3479,20941,12108,2401,96,96,96,96,15229,7450,293),(10,11,2,1,71,19749,15745,12781,20099,97,97,97,97,1375,16428,552),(4,11,2,1,33,6269,21088,20183,25202,98,98,98,98,30359,1384,493),(9,12,1,1,24,9206,25351,23523,3064,99,99,99,99,25740,32018,829),(8,11,1,1,93,20578,9508,5436,19600,100,100,100,100,25488,20418,645),(1,3,1,1,43,NULL,NULL,NULL,NULL,NULL,NULL,NULL,NULL,NULL,NULL,NULL);
/*!40000 ALTER TABLE `offers_conditions` ENABLE KEYS */;
UNLOCK TABLES;

--
-- Table structure for table `offers_types`
--

DROP TABLE IF EXISTS `offers_types`;
/*!40101 SET @saved_cs_client     = @@character_set_client */;
/*!40101 SET character_set_client = utf8 */;
CREATE TABLE `offers_types` (
  `id` tinyint(3) unsigned NOT NULL AUTO_INCREMENT COMMENT 'id типа акции',
  `name` varchar(255) NOT NULL COMMENT 'Название',
  `desription` text COMMENT 'Описание',
  PRIMARY KEY (`id`),
  UNIQUE KEY `id` (`id`)
) ENGINE=InnoDB AUTO_INCREMENT=5 DEFAULT CHARSET=latin1 COMMENT='Типы акций';
/*!40101 SET character_set_client = @saved_cs_client */;

--
-- Dumping data for table `offers_types`
--

LOCK TABLES `offers_types` WRITE;
/*!40000 ALTER TABLE `offers_types` DISABLE KEYS */;
INSERT INTO `offers_types` VALUES (1,'discount in %','some description discount offer'),(2,'discount in money','some description discount offer'),(3,'bonus for product','some description bonus offer'),(4,'bonus for order','some description bonus offer 2');
/*!40000 ALTER TABLE `offers_types` ENABLE KEYS */;
UNLOCK TABLES;

--
-- Table structure for table `options`
--

DROP TABLE IF EXISTS `options`;
/*!40101 SET @saved_cs_client     = @@character_set_client */;
/*!40101 SET character_set_client = utf8 */;
CREATE TABLE `options` (
  `id` bigint(20) unsigned NOT NULL AUTO_INCREMENT COMMENT 'id характеристики',
  `name` varchar(255) NOT NULL COMMENT 'Название',
  `catalog_id` mediumint(8) unsigned NOT NULL COMMENT 'id раздела',
  PRIMARY KEY (`id`),
  UNIQUE KEY `id` (`id`),
  KEY `options_catalog_id_fk` (`catalog_id`),
  KEY `options_name_idx` (`name`),
  CONSTRAINT `options_catalog_id_fk` FOREIGN KEY (`catalog_id`) REFERENCES `catalogs` (`id`)
) ENGINE=InnoDB AUTO_INCREMENT=8 DEFAULT CHARSET=latin1 COMMENT='Все возможные характеристики товаров c привязкой к каталогу';
/*!40101 SET character_set_client = @saved_cs_client */;

--
-- Dumping data for table `options`
--

LOCK TABLES `options` WRITE;
/*!40000 ALTER TABLE `options` DISABLE KEYS */;
INSERT INTO `options` VALUES (1,'size',19),(2,'some_type',12),(3,'some_option',19),(4,'some_option2',19),(5,'some_option3',19),(6,'color',18),(7,'box',18);
/*!40000 ALTER TABLE `options` ENABLE KEYS */;
UNLOCK TABLES;

--
-- Table structure for table `payments`
--

DROP TABLE IF EXISTS `payments`;
/*!40101 SET @saved_cs_client     = @@character_set_client */;
/*!40101 SET character_set_client = utf8 */;
CREATE TABLE `payments` (
  `id` tinyint(3) unsigned NOT NULL AUTO_INCREMENT COMMENT 'id типа оплаты',
  `name` varchar(255) NOT NULL COMMENT 'Название',
  `desription` text COMMENT 'Описание',
  PRIMARY KEY (`id`),
  UNIQUE KEY `id` (`id`)
) ENGINE=InnoDB AUTO_INCREMENT=3 DEFAULT CHARSET=latin1 COMMENT='Варианты оплаты от Амазона';
/*!40101 SET character_set_client = @saved_cs_client */;

--
-- Dumping data for table `payments`
--

LOCK TABLES `payments` WRITE;
/*!40000 ALTER TABLE `payments` DISABLE KEYS */;
INSERT INTO `payments` VALUES (1,'bank card','pay via your bank card'),(2,'paypal','pay via paypal');
/*!40000 ALTER TABLE `payments` ENABLE KEYS */;
UNLOCK TABLES;

--
-- Table structure for table `pets_type`
--

DROP TABLE IF EXISTS `pets_type`;
/*!40101 SET @saved_cs_client     = @@character_set_client */;
/*!40101 SET character_set_client = utf8 */;
CREATE TABLE `pets_type` (
  `id` smallint(5) unsigned NOT NULL AUTO_INCREMENT COMMENT 'id типа питомца',
  `name` varchar(255) NOT NULL COMMENT 'название питомца',
  `photo` varchar(255) DEFAULT NULL COMMENT 'Картинка для типа питомца',
  PRIMARY KEY (`id`),
  UNIQUE KEY `id` (`id`)
) ENGINE=InnoDB AUTO_INCREMENT=8 DEFAULT CHARSET=latin1 COMMENT='Типы питомцев пользователей';
/*!40101 SET character_set_client = @saved_cs_client */;

--
-- Dumping data for table `pets_type`
--

LOCK TABLES `pets_type` WRITE;
/*!40000 ALTER TABLE `pets_type` DISABLE KEYS */;
INSERT INTO `pets_type` VALUES (1,'dog','/dog.png'),(2,'cat','/cat.png'),(3,'bird','/bird.png'),(4,'turtle','/turtle.png'),(5,'rabbit','/rabbit.png'),(6,'fish','/fish.png'),(7,'frog','/frog.png');
/*!40000 ALTER TABLE `pets_type` ENABLE KEYS */;
UNLOCK TABLES;

--
-- Table structure for table `products`
--

DROP TABLE IF EXISTS `products`;
/*!40101 SET @saved_cs_client     = @@character_set_client */;
/*!40101 SET character_set_client = utf8 */;
CREATE TABLE `products` (
  `id` bigint(20) unsigned NOT NULL AUTO_INCREMENT,
  `url` varchar(255) NOT NULL COMMENT 'УРЛ товара, типа pen-123',
  `product_type_id` tinyint(3) unsigned NOT NULL COMMENT 'id типа товара',
  `brand_id` mediumint(8) unsigned NOT NULL COMMENT 'id бренда',
  `author_id` bigint(20) unsigned NOT NULL COMMENT 'id автора. Для упрощения у одной книги только 1 автор возможен.',
  `shop_id` mediumint(8) unsigned NOT NULL COMMENT 'id продавца',
  `sort_id` bigint(20) unsigned NOT NULL DEFAULT '0' COMMENT 'Поле, по которому товары будем сортировать при выводе.',
  `created_at` datetime DEFAULT CURRENT_TIMESTAMP,
  `updated_at` datetime DEFAULT CURRENT_TIMESTAMP ON UPDATE CURRENT_TIMESTAMP,
  PRIMARY KEY (`id`),
  UNIQUE KEY `id` (`id`),
  UNIQUE KEY `url` (`url`),
  KEY `products_type_id_fk` (`product_type_id`),
  KEY `products_brand_id_fk` (`brand_id`),
  KEY `products_author_id_fk` (`author_id`),
  KEY `products_shop_id_fk` (`shop_id`),
  KEY `products_url_idx` (`url`),
  CONSTRAINT `products_author_id_fk` FOREIGN KEY (`author_id`) REFERENCES `authors` (`id`),
  CONSTRAINT `products_brand_id_fk` FOREIGN KEY (`brand_id`) REFERENCES `brands` (`id`),
  CONSTRAINT `products_shop_id_fk` FOREIGN KEY (`shop_id`) REFERENCES `shops` (`id`),
  CONSTRAINT `products_type_id_fk` FOREIGN KEY (`product_type_id`) REFERENCES `products_types` (`id`)
) ENGINE=InnoDB AUTO_INCREMENT=31 DEFAULT CHARSET=latin1 COMMENT='Карточки товаров';
/*!40101 SET character_set_client = @saved_cs_client */;

--
-- Dumping data for table `products`
--

LOCK TABLES `products` WRITE;
/*!40000 ALTER TABLE `products` DISABLE KEYS */;
INSERT INTO `products` VALUES (1,'minim v',1,11,20,18,1,'1997-08-28 08:49:46','2019-07-31 15:55:16'),(2,'amet, consect',1,20,19,8,2,'2003-11-18 06:32:18','2019-07-31 15:55:15'),(3,'sunt in cul',1,4,16,5,3,'2011-03-06 13:04:58','2019-12-30 15:11:00'),(4,'ut enim ad ',2,13,20,11,4,'2014-11-13 03:09:09','1981-12-06 22:28:01'),(5,'laboris nisi ',1,16,1,5,5,'2009-02-13 05:13:47','2016-09-14 21:49:32'),(6,'nostrud exercit',1,13,3,14,6,'2007-10-03 19:29:29','2019-07-31 15:55:16'),(7,'sunt in culpa ',2,7,15,16,7,'2003-07-19 04:11:39','2019-07-31 15:55:14'),(8,'proident',2,9,13,10,8,'1991-07-30 13:27:57','1999-02-27 00:50:47'),(9,'excepteur s',1,3,6,8,9,'1997-01-18 03:04:29','1994-06-25 13:04:42'),(10,'in voluptate v',2,10,11,1,10,'2015-10-01 09:03:51','2019-07-31 15:55:14'),(11,'magna a',1,4,9,13,11,'1994-06-07 09:38:41','2019-07-31 15:55:16'),(12,'quis nostrud e',1,9,4,2,12,'1986-01-01 14:30:48','2008-06-12 15:46:10'),(13,'cillum dol',1,15,4,3,13,'1996-05-21 07:41:35','2019-07-31 15:55:15'),(14,'deserun',1,7,15,4,14,'1985-07-25 10:32:50','2019-07-31 15:55:15'),(15,'cupidatat',2,16,4,12,15,'2016-02-16 07:46:54','2019-07-31 15:55:14'),(16,'ad minim ',1,17,3,2,16,'2010-10-17 14:06:46','2019-07-31 15:55:15'),(17,'ut labore e',1,1,5,17,17,'1995-05-30 04:49:35','2019-07-31 15:55:16'),(18,'eiusmod te',2,20,1,12,18,'1982-09-12 20:17:04','2019-07-31 15:55:15'),(19,'sint occaeca',1,15,3,8,19,'1986-03-03 04:43:57','2004-05-02 23:27:41'),(20,'laboris n',2,17,19,7,20,'1998-01-02 08:51:56','2019-07-31 15:55:15'),(21,'ipsum dolo',2,15,13,4,21,'1988-06-07 08:59:12','2004-03-14 20:37:14'),(22,'cillum dolor',2,1,2,5,26,'1989-02-24 01:55:55','2019-08-02 08:35:28'),(23,'proident, sunt ',2,1,9,13,23,'2017-07-11 20:33:30','2019-07-31 15:55:15'),(24,'mollit an',1,1,1,6,24,'1996-06-21 00:11:57','2019-07-31 15:55:16'),(25,'nostrud ',2,2,11,5,25,'2017-05-16 16:05:47','2019-07-31 15:55:15'),(26,'non proident,',1,18,2,17,22,'2016-08-27 13:28:03','2019-08-02 08:35:29'),(27,'laboris',2,4,1,6,27,'1998-11-29 20:28:34','2019-07-31 15:55:15'),(28,'magna aliqua. u',1,10,15,17,28,'1990-12-07 15:30:08','2019-07-31 15:55:16'),(29,'excepte',1,15,2,9,29,'1995-06-25 06:43:46','2019-07-31 15:55:16'),(30,'proident, ',2,20,7,6,30,'1983-08-02 22:51:32','1982-10-14 06:32:34');
/*!40000 ALTER TABLE `products` ENABLE KEYS */;
UNLOCK TABLES;

--
-- Table structure for table `products_links`
--

DROP TABLE IF EXISTS `products_links`;
/*!40101 SET @saved_cs_client     = @@character_set_client */;
/*!40101 SET character_set_client = utf8 */;
CREATE TABLE `products_links` (
  `product_id` bigint(20) unsigned NOT NULL COMMENT 'id товара',
  `catalog_id` mediumint(8) unsigned NOT NULL COMMENT 'id раздела',
  PRIMARY KEY (`product_id`,`catalog_id`),
  KEY `products_links_catalog_id_fk` (`catalog_id`),
  CONSTRAINT `products_links_catalog_id_fk` FOREIGN KEY (`catalog_id`) REFERENCES `catalogs` (`id`),
  CONSTRAINT `products_links_product_id_fk` FOREIGN KEY (`product_id`) REFERENCES `products` (`id`)
) ENGINE=InnoDB DEFAULT CHARSET=latin1 COMMENT='Связи между товарами и разделами';
/*!40101 SET character_set_client = @saved_cs_client */;

--
-- Dumping data for table `products_links`
--

LOCK TABLES `products_links` WRITE;
/*!40000 ALTER TABLE `products_links` DISABLE KEYS */;
INSERT INTO `products_links` VALUES (1,1),(8,1),(14,1),(26,1),(2,2),(6,2),(22,2),(2,3),(4,3),(8,3),(20,3),(24,3),(25,3),(29,3),(7,4),(22,4),(23,4),(24,4),(14,5),(16,5),(24,5),(28,5),(2,6),(8,6),(13,6),(14,6),(22,6),(23,6),(24,6),(25,6),(28,6),(29,6),(2,7),(4,7),(8,7),(13,7),(28,7),(3,8),(5,8),(12,8),(18,8),(19,8),(22,8),(24,8),(25,8),(28,8),(17,9),(2,10),(4,10),(17,10),(23,10),(1,11),(3,11),(5,11),(8,11),(9,11),(10,11),(11,11),(24,11),(27,11),(1,12),(7,12),(19,12),(21,12),(23,12),(27,12),(29,12),(6,13),(7,13),(12,13),(13,13),(20,13),(21,13),(25,13),(26,13),(30,13),(6,14),(18,14),(24,14),(26,14),(28,14),(30,14),(6,15),(10,15),(19,15),(24,15),(5,16),(10,16),(24,16),(29,16),(3,17),(4,17),(6,17),(7,17),(9,17),(11,17),(15,17),(17,17),(21,17),(22,17),(30,17),(4,18),(5,18),(8,18),(10,18),(12,18),(19,18),(23,18),(26,18),(3,19),(9,19),(13,19),(14,19),(17,19),(18,19),(29,19),(30,19),(10,20),(21,20),(23,20);
/*!40000 ALTER TABLE `products_links` ENABLE KEYS */;
UNLOCK TABLES;

--
-- Table structure for table `products_offers_price`
--

DROP TABLE IF EXISTS `products_offers_price`;
/*!40101 SET @saved_cs_client     = @@character_set_client */;
/*!40101 SET character_set_client = utf8 */;
CREATE TABLE `products_offers_price` (
  `offer_id` bigint(20) unsigned NOT NULL COMMENT 'id акции',
  `priority` tinyint(3) unsigned NOT NULL COMMENT 'Приоритет акций',
  `region_id` bigint(20) unsigned NOT NULL COMMENT 'id региона',
  `product_variant_id` bigint(20) unsigned NOT NULL COMMENT 'id варианта товара',
  `discount_price` int(10) unsigned NOT NULL COMMENT 'Цена',
  `updated_at` datetime DEFAULT CURRENT_TIMESTAMP ON UPDATE CURRENT_TIMESTAMP,
  PRIMARY KEY (`offer_id`,`region_id`,`product_variant_id`),
  KEY `products_offers_price_region_id_fk` (`region_id`),
  KEY `products_offers_price_product_variant_id_fk` (`product_variant_id`),
  CONSTRAINT `products_offers_price_offer_id_fk` FOREIGN KEY (`offer_id`) REFERENCES `offers` (`id`),
  CONSTRAINT `products_offers_price_product_variant_id_fk` FOREIGN KEY (`product_variant_id`) REFERENCES `products_variants` (`id`),
  CONSTRAINT `products_offers_price_region_id_fk` FOREIGN KEY (`region_id`) REFERENCES `regions` (`id`)
) ENGINE=InnoDB DEFAULT CHARSET=latin1 COMMENT='Значения скидок на товары';
/*!40101 SET character_set_client = @saved_cs_client */;

--
-- Dumping data for table `products_offers_price`
--

LOCK TABLES `products_offers_price` WRITE;
/*!40000 ALTER TABLE `products_offers_price` DISABLE KEYS */;
INSERT INTO `products_offers_price` VALUES (1,1,2,13,19527,'2019-08-02 12:47:01'),(1,1,2,48,9323,'2019-08-02 12:47:01'),(1,1,2,73,3970,'2019-08-02 12:47:01'),(1,1,2,114,20216,'2019-08-02 12:47:01'),(1,1,2,133,15513,'2019-08-02 12:47:01'),(1,1,2,160,19325,'2019-08-02 12:47:01'),(1,1,2,194,3913,'2019-08-02 12:47:01'),(1,1,2,297,13111,'2019-08-02 12:47:01'),(1,1,2,358,19535,'2019-08-02 12:47:01'),(1,1,2,365,6447,'2019-08-02 12:47:01'),(1,1,2,375,2451,'2019-08-02 12:47:01'),(1,1,2,394,20337,'2019-08-02 12:47:01'),(1,1,2,496,24052,'2019-08-02 12:47:01'),(1,1,2,531,14383,'2019-08-02 12:47:01'),(1,1,2,594,2429,'2019-08-02 12:47:01'),(1,1,2,610,11346,'2019-08-02 12:47:01'),(1,1,2,658,370,'2019-08-02 12:47:01'),(1,1,2,698,18296,'2019-08-02 12:47:01'),(1,1,2,754,20709,'2019-08-02 12:47:01'),(1,1,2,792,19500,'2019-08-02 12:47:01'),(1,1,2,830,3896,'2019-08-02 12:47:01'),(1,1,2,866,6627,'2019-08-02 12:47:01'),(1,1,2,925,2808,'2019-08-02 12:47:01'),(1,1,2,1077,7661,'2019-08-02 12:47:01'),(1,1,11,111,9626,'2019-08-02 12:31:21'),(1,1,11,129,5914,'2019-08-02 12:31:21'),(1,1,11,245,2229,'2019-08-02 12:31:21'),(1,1,11,254,21244,'2019-08-02 12:31:21'),(1,1,11,263,27210,'2019-08-02 12:31:21'),(1,1,11,303,14837,'2019-08-02 12:31:21'),(1,1,11,418,25296,'2019-08-02 12:31:21'),(1,1,11,541,3629,'2019-08-02 12:31:21'),(1,1,11,616,25228,'2019-08-02 12:31:21'),(1,1,11,754,21928,'2019-08-02 12:31:21'),(1,1,11,757,986,'2019-08-02 12:31:21'),(1,1,11,766,17394,'2019-08-02 12:31:21'),(1,1,11,807,24838,'2019-08-02 12:31:21'),(1,1,11,984,15699,'2019-08-02 12:31:21'),(1,1,11,1015,22875,'2019-08-02 12:31:21'),(1,1,11,1040,1377,'2019-08-02 12:31:21'),(1,1,11,1044,16484,'2019-08-02 12:31:21'),(7,2,2,5,1813,'2019-08-02 12:31:21'),(7,2,2,15,32651,'2019-08-02 12:31:21'),(7,2,2,32,26600,'2019-08-02 12:31:21'),(7,2,2,57,6063,'2019-08-02 12:31:21'),(7,2,2,69,23715,'2019-08-02 12:31:21'),(7,2,2,86,7044,'2019-08-02 12:31:21'),(7,2,2,191,566,'2019-08-02 12:31:21'),(7,2,2,197,7501,'2019-08-02 12:31:21'),(7,2,2,243,5574,'2019-08-02 12:31:21'),(7,2,2,252,10666,'2019-08-02 12:31:21'),(7,2,2,310,10252,'2019-08-02 12:31:21'),(7,2,2,378,1047,'2019-08-02 12:31:21'),(7,2,2,458,15367,'2019-08-02 12:31:21'),(7,2,2,607,4086,'2019-08-02 12:31:21'),(7,2,2,611,6614,'2019-08-02 12:31:21'),(7,2,2,655,11592,'2019-08-02 12:31:21'),(7,2,2,711,29981,'2019-08-02 12:31:21'),(7,2,2,776,17892,'2019-08-02 12:31:21'),(7,2,2,813,15983,'2019-08-02 12:31:21'),(7,2,2,1001,5024,'2019-08-02 12:31:21'),(7,2,4,5,1803,'2019-08-02 12:31:21'),(7,2,4,15,32641,'2019-08-02 12:31:21'),(7,2,4,32,26590,'2019-08-02 12:31:21'),(7,2,4,57,6053,'2019-08-02 12:31:21'),(7,2,4,69,23705,'2019-08-02 12:31:21'),(7,2,4,86,7034,'2019-08-02 12:31:21'),(7,2,4,191,556,'2019-08-02 12:31:21'),(7,2,4,197,7491,'2019-08-02 12:31:21'),(7,2,4,243,5564,'2019-08-02 12:31:21'),(7,2,4,252,10656,'2019-08-02 12:31:21'),(7,2,4,310,10242,'2019-08-02 12:31:21'),(7,2,4,378,1037,'2019-08-02 12:31:21'),(7,2,4,458,15357,'2019-08-02 12:31:21'),(7,2,4,607,4076,'2019-08-02 12:31:21'),(7,2,4,611,6604,'2019-08-02 12:31:21'),(7,2,4,655,11582,'2019-08-02 12:31:21'),(7,2,4,711,29971,'2019-08-02 12:31:21'),(7,2,4,776,17882,'2019-08-02 12:31:21'),(7,2,4,813,15973,'2019-08-02 12:31:21'),(7,2,4,1001,5014,'2019-08-02 12:31:21');
/*!40000 ALTER TABLE `products_offers_price` ENABLE KEYS */;
UNLOCK TABLES;

--
-- Table structure for table `products_options`
--

DROP TABLE IF EXISTS `products_options`;
/*!40101 SET @saved_cs_client     = @@character_set_client */;
/*!40101 SET character_set_client = utf8 */;
CREATE TABLE `products_options` (
  `option_id` bigint(20) unsigned NOT NULL COMMENT 'id характеристики',
  `product_variant_id` bigint(20) unsigned NOT NULL COMMENT 'id варианта товара',
  `value` varchar(255) NOT NULL COMMENT 'Значение характеристики для данного товара',
  `created_at` datetime DEFAULT CURRENT_TIMESTAMP,
  `updated_at` datetime DEFAULT CURRENT_TIMESTAMP ON UPDATE CURRENT_TIMESTAMP,
  PRIMARY KEY (`option_id`,`product_variant_id`),
  KEY `products_options_product_variant_id_fk` (`product_variant_id`),
  KEY `products_options_value_idx` (`value`),
  CONSTRAINT `products_options_option_id_fk` FOREIGN KEY (`option_id`) REFERENCES `options` (`id`),
  CONSTRAINT `products_options_product_variant_id_fk` FOREIGN KEY (`product_variant_id`) REFERENCES `products_variants` (`id`)
) ENGINE=InnoDB DEFAULT CHARSET=latin1 COMMENT='Значения характеристик для вариантов товаров';
/*!40101 SET character_set_client = @saved_cs_client */;

--
-- Dumping data for table `products_options`
--

LOCK TABLES `products_options` WRITE;
/*!40000 ALTER TABLE `products_options` DISABLE KEYS */;
INSERT INTO `products_options` VALUES (1,7,'mini','1982-04-21 19:05:56','1988-11-26 08:22:50'),(1,9,'Excepteur sin','2018-06-04 07:41:29','1989-11-19 02:08:57'),(1,11,'incid','1990-06-06 15:27:11','2018-10-16 09:16:34'),(1,21,'pariatur. Except','1999-06-20 14:49:05','2016-07-21 15:15:31'),(1,34,'dolore ma','2003-08-06 23:17:25','1990-07-07 16:14:38'),(1,37,'ut aliqu','1996-02-10 06:48:22','1995-02-15 13:48:47'),(1,43,'qui officia de','2003-10-22 02:28:26','2006-10-16 07:15:24'),(1,44,'laboris nisi','1999-02-23 19:15:46','1988-12-12 08:52:08'),(1,45,'quis nostrud exer','1992-02-12 01:35:07','2005-12-13 16:21:55'),(1,52,'velit esse c','1989-07-23 00:12:54','1995-11-01 02:24:23'),(1,55,'in rep','2019-03-30 21:43:25','2001-04-14 18:27:01'),(1,56,'nulla pariatur. Exce','1994-02-15 02:44:13','2009-03-04 00:47:18'),(1,59,'occaecat cupid','2006-03-17 17:17:12','2016-03-11 13:24:21'),(1,63,'deserunt mo','2004-12-23 13:23:33','2004-12-27 16:00:17'),(1,67,'ad min','2010-06-17 13:03:39','2007-06-21 11:20:32'),(1,68,'p','2014-09-28 04:09:23','2002-03-27 19:23:25'),(1,69,'tempor','2017-08-30 10:20:56','2002-07-03 05:50:29'),(1,70,'ullamco','2000-09-04 17:57:48','2004-09-10 00:22:07'),(1,72,'id est labor','1982-06-14 00:22:10','1992-09-04 17:51:43'),(1,78,'ut a','1992-08-09 16:33:05','1984-04-03 09:16:21'),(1,83,'velit ','1993-08-11 04:42:03','1980-04-21 06:54:36'),(1,84,'dolore eu ','2006-11-12 01:29:44','2002-03-05 23:41:55'),(1,87,'Ut enim ad minim ven','1991-12-21 03:15:17','1994-01-31 20:20:58'),(1,89,'nisi ut ali','1995-09-27 21:04:27','2002-03-15 23:35:24'),(1,94,'sit amet, ','2004-10-02 14:04:27','1999-02-27 20:20:34'),(1,98,'sed do eiusmod t','2019-06-29 14:08:08','1991-04-02 00:19:03'),(1,102,'officia de','2013-07-23 22:21:19','2019-10-31 17:45:28'),(1,106,'veniam, quis','1996-08-02 03:57:35','1982-09-03 18:54:41'),(1,110,'vo','1992-04-26 14:34:29','2014-02-09 21:37:37'),(1,111,'culpa qui off','2003-08-08 03:24:00','1981-02-05 23:47:04'),(1,116,'cupidatat','2007-08-27 11:50:25','1991-03-22 19:01:44'),(1,118,'ullamco ','2013-04-25 03:06:26','2000-05-17 06:09:17'),(1,119,'nisi u','2017-02-27 03:14:25','2012-10-26 12:05:04'),(1,120,'ullamco laboris ni','2019-09-21 09:22:07','2017-10-18 02:41:39'),(1,122,'eiusmod tempo','2011-05-03 16:51:07','2004-06-12 09:33:39'),(1,123,'in culpa qui offici','2005-02-26 18:52:02','2000-02-08 08:03:25'),(1,124,'cupidatat non pr','1995-02-18 17:17:34','2006-10-08 06:30:03'),(1,133,'dolor in reprehender','2017-12-20 23:15:59','2000-01-09 17:54:23'),(1,137,'do','1990-07-19 06:05:38','1995-05-19 03:24:29'),(1,138,'amet, consectetu','2007-11-11 03:10:29','2017-01-19 07:09:46'),(1,143,'u','2011-09-14 11:23:40','2016-05-13 03:59:40'),(1,144,'Excepteur','1996-01-08 17:25:54','2006-08-18 14:03:31'),(1,145,'nulla par','1989-06-10 18:53:13','2000-11-10 11:30:24'),(1,152,'ut','1999-07-07 10:14:03','2003-08-12 03:29:19'),(1,153,'u','2019-08-23 00:38:13','1984-06-27 14:28:42'),(1,154,'ut ali','2017-11-22 21:28:15','2000-10-18 12:50:22'),(1,155,'sit amet, conse','1988-11-10 20:59:29','2006-07-01 07:44:57'),(1,156,'eius','1989-03-21 16:49:40','2001-08-03 10:35:31'),(1,158,'temp','1981-04-30 14:24:36','1994-08-08 21:58:45'),(1,165,'Lorem ipsum d','1987-02-23 20:00:34','1997-06-29 06:16:39'),(1,167,'laborum.Lor','1995-04-02 07:49:25','2007-05-10 11:56:41'),(1,171,'ea commo','2019-08-12 08:45:11','2004-07-14 12:25:26'),(1,176,'ad minim veniam, q','1996-07-05 05:33:23','2003-06-23 07:08:17'),(1,178,'in vol','2016-05-13 02:09:13','2012-04-30 14:13:17'),(1,181,'ullamco laboris','1980-12-27 14:24:27','1984-12-26 15:49:25'),(1,182,'non proident, su','2013-12-11 07:20:28','1993-05-23 17:34:12'),(1,183,'in culp','2004-11-23 10:26:23','2003-12-13 01:53:27'),(1,184,'aliqua','1991-05-23 02:46:20','1988-11-27 12:46:28'),(1,186,'qui officia ','1992-09-22 18:35:38','2011-05-01 05:28:57'),(1,191,'velit esse cillu','2001-07-24 05:34:58','1994-01-20 02:27:22'),(1,193,'Duis a','2009-07-22 03:08:14','1992-12-15 06:12:13'),(1,194,'in culpa qui','1989-09-18 05:48:40','1992-12-26 17:41:19'),(1,200,'ad','1992-02-19 14:54:14','2003-04-08 00:52:36'),(1,206,'ipsum dol','1999-07-26 09:25:23','1980-09-09 11:09:57'),(1,212,'qui officia des','1999-06-07 07:49:02','2012-07-03 16:10:00'),(1,213,'qui of','1994-11-27 03:24:31','2015-01-28 09:57:38'),(1,214,'ullamco laboris n','2016-04-02 10:50:03','2004-10-03 09:50:39'),(1,220,'deserunt mol','2017-10-18 08:42:33','1995-08-31 16:10:41'),(1,223,'dolore eu','1983-02-12 16:13:43','2017-04-28 19:52:24'),(1,234,'Ut enim a','2002-12-26 20:10:18','1988-07-29 07:45:07'),(1,244,'ad minim venia','2014-06-06 23:14:58','2002-11-11 23:50:04'),(1,248,'quis nostr','1998-01-01 11:22:31','2003-05-14 21:15:46'),(1,251,'in reprehenderit','2012-07-18 18:57:11','2018-04-11 07:56:42'),(1,252,'laboris n','1990-01-10 21:11:18','2017-12-12 10:14:53'),(1,256,'elit, sed do eiusm','1997-03-02 18:22:15','2014-03-22 16:20:00'),(1,259,'ullamco laboris ni','1988-05-16 13:41:24','2006-04-10 10:16:15'),(1,263,'commodo consequat','1998-07-10 03:37:16','1997-09-22 07:43:51'),(1,264,'labori','2013-08-04 08:50:26','1991-10-01 03:47:50'),(1,274,'sunt in culpa q','1984-10-22 22:47:47','1999-07-09 14:46:35'),(1,278,'in voluptate','1983-06-16 01:28:19','2008-05-24 14:08:57'),(1,284,'deserunt mollit an','2015-09-15 11:20:00','2017-03-10 02:35:09'),(1,286,'esse cill','2003-08-04 15:13:21','1992-10-21 03:19:02'),(1,288,'cillum do','2003-08-14 22:38:29','2001-08-31 04:01:51'),(1,289,'m.Lo','2000-11-01 17:20:42','1987-11-18 10:32:52'),(1,291,'mollit ani','1998-11-15 01:45:40','2009-07-14 12:57:31'),(1,293,'irure dolor','1998-07-19 09:40:57','2015-10-02 10:31:12'),(1,295,'sint occaeca','1995-11-25 05:09:18','1990-05-17 07:55:34'),(1,297,'Ut enim ad minim ve','2009-07-07 06:16:48','1980-05-15 18:23:35'),(1,299,'ullamco laboris ','1991-05-11 09:51:05','2003-08-01 05:40:32'),(1,301,'comm','2004-11-02 14:47:49','1985-08-03 10:59:06'),(1,302,'velit esse cillum d','1997-08-30 14:51:01','2014-05-25 15:30:43'),(1,311,'magna aliqua. Ut en','2009-11-16 09:25:35','2011-09-08 20:14:36'),(1,314,'exercitation','2005-06-21 12:04:08','2015-12-08 15:32:16'),(1,315,'s','2016-01-04 17:55:59','2011-08-18 18:57:21'),(1,317,'ut aliquip ex ea','2015-11-29 11:35:17','1981-05-10 17:38:03'),(1,322,'aute iru','2012-05-31 12:47:41','1992-03-04 22:36:06'),(1,323,'in v','1986-07-05 09:29:02','1981-02-27 07:05:09'),(1,325,'id es','1985-12-07 22:30:30','2000-12-26 16:14:53'),(1,327,'Ut enim ad mi','2001-11-04 00:54:08','2016-10-03 04:12:26'),(1,333,'amet, ','2016-10-26 16:26:25','1993-05-11 15:36:23'),(1,336,'Duis aut','1996-07-03 23:18:24','2012-07-20 21:59:27'),(1,343,'vel','2017-05-11 13:10:20','2013-04-02 03:31:07'),(1,350,'non proident, sun','2011-06-06 03:45:55','1991-06-15 11:57:36'),(1,358,'veni','2017-02-05 03:50:23','2004-12-17 12:06:59'),(1,363,'ut aliquip ex ','1998-11-25 19:49:54','1998-03-04 11:55:45'),(1,366,'do','2014-03-25 23:53:32','2014-09-12 13:20:28'),(1,368,'eu fugiat nulla pari','2010-07-27 01:59:19','1985-02-19 05:16:15'),(1,374,'tempor incididunt ut','1993-01-07 00:17:56','1998-06-11 06:47:53'),(1,375,'consec','1995-12-09 15:14:13','1983-03-07 02:40:47'),(1,378,'qui officia des','1999-06-30 01:41:42','1988-04-17 05:38:38'),(1,381,'adipiscing','1988-03-16 07:01:09','1983-07-30 11:34:38'),(1,385,'mi','2011-08-25 21:03:18','1988-08-14 19:10:15'),(1,390,'enim','1992-02-08 19:21:11','1987-08-25 01:55:26'),(1,391,'cupidatat','2018-09-14 20:45:02','1994-10-04 19:19:07'),(1,392,'in vo','1987-11-22 14:19:28','2003-07-28 15:50:41'),(1,395,'ullamco labori','2000-02-26 12:07:21','1993-07-16 22:43:48'),(1,400,'exercitation ull','2001-08-25 17:12:08','2013-08-25 12:04:25'),(1,405,'ut labore et ','1981-05-21 09:40:45','1986-08-10 16:42:13'),(1,409,'eu fugiat nulla pari','1996-11-01 12:09:11','2006-12-08 05:28:29'),(1,412,'minim veniam, ','1988-02-25 18:39:28','1993-12-18 07:58:53'),(1,413,'ullamco la','1999-03-18 14:56:55','1997-06-10 20:14:08'),(1,416,'ali','1997-12-12 16:32:57','1992-10-12 10:07:49'),(1,419,'sint oc','2006-02-11 18:12:24','2010-06-24 10:25:30'),(1,420,'consectet','1998-03-01 09:11:56','1981-12-05 03:07:29'),(1,421,'ad minim veni','2011-10-13 04:47:10','2006-12-09 06:40:24'),(1,422,'ut','1982-02-26 02:35:00','1991-10-11 01:07:58'),(1,426,'eu fugia','1994-10-07 16:38:00','1987-12-10 07:06:50'),(1,429,'cillum dolor','1997-10-26 09:34:14','1988-07-12 06:56:18'),(1,431,'amet, co','2001-02-21 17:00:26','2005-12-25 15:39:00'),(1,436,'sed do eiusmod te','1993-03-12 20:27:31','2007-05-16 01:23:38'),(1,438,'non p','1987-07-03 17:31:22','2019-05-05 07:15:15'),(1,439,'enim ad minim ','1996-02-18 00:17:04','1992-05-27 21:29:12'),(1,441,'consectetur adipisci','1999-08-31 15:10:45','2006-02-02 08:50:19'),(1,446,'ut la','2017-10-21 12:56:45','2001-12-21 18:19:05'),(1,448,'m','2008-02-22 00:10:06','2003-10-18 00:15:13'),(1,450,'id est l','1981-01-27 15:51:09','2019-07-26 09:21:32'),(1,455,'tempor incididu','2012-05-31 11:23:57','2005-09-14 11:58:41'),(1,456,'labore et dolore','1988-11-28 06:36:20','2010-08-16 11:34:41'),(1,463,'eiusm','1989-07-26 10:02:30','2007-12-01 09:50:56'),(1,467,'nulla paria','1995-06-24 08:23:06','2011-02-15 11:40:11'),(1,471,'do eiusm','2013-08-07 21:57:26','2004-09-21 05:08:39'),(1,474,'mollit','2000-12-20 16:08:42','1982-11-22 19:52:44'),(1,478,'exercitatio','1997-04-03 05:07:42','2004-10-29 03:19:35'),(1,486,'do','2011-07-28 08:10:37','2010-06-17 20:31:44'),(1,489,'lab','2015-04-13 23:50:53','1987-08-28 18:59:09'),(1,491,'Ut enim ad minim','1985-05-29 23:27:10','2014-05-25 11:27:23'),(1,492,'dolor in r','2000-08-01 11:17:19','1991-07-31 05:32:08'),(1,495,'sit amet, ','2008-11-13 01:46:14','1984-10-08 05:11:23'),(1,498,'anim id est lab','2019-05-19 08:45:26','2011-10-17 19:33:54'),(1,502,'laborum.Lore','2008-09-29 15:47:22','2001-07-27 00:20:33'),(1,508,'in re','2012-08-30 11:17:14','2008-10-19 10:22:55'),(1,514,'Excepteur si','1997-12-23 22:09:02','1983-08-19 21:10:59'),(1,516,'ut labore et dolore ','2014-07-07 06:48:19','2009-04-27 18:20:32'),(1,519,'non proident, s','2009-12-23 12:05:52','2010-07-20 12:27:46'),(1,523,'do eiusmod tempor i','2006-01-30 18:53:42','1982-10-07 11:43:19'),(1,525,'molli','1989-08-27 16:56:58','2005-06-13 20:46:40'),(1,531,'dolore eu fugi','2006-12-03 22:45:42','2018-07-17 15:31:39'),(1,532,'est','2004-04-17 14:14:22','2004-01-18 05:18:42'),(1,534,'adipiscing elit, sed','2018-09-16 06:42:35','1994-12-09 17:19:40'),(1,544,'si','2004-03-19 03:01:28','2013-03-31 03:50:45'),(1,545,'eiusmod temp','1987-11-25 11:45:03','1996-07-22 20:08:07'),(1,546,'non pro','1988-11-16 09:14:15','2012-12-28 14:49:20'),(1,553,'nisi ut aliq','1997-10-10 21:59:58','2012-10-19 19:43:14'),(1,556,'v','2007-10-07 11:52:23','2011-04-10 06:24:32'),(1,557,'ul','2003-10-23 21:47:24','1990-08-18 14:00:47'),(1,562,'elit, sed do','2010-03-04 12:06:04','2017-01-18 21:10:37'),(1,571,'sunt in cul','2004-02-26 09:40:09','1993-02-10 01:37:08'),(1,573,'enim ad minim ven','2010-04-09 22:25:12','1983-11-09 06:22:10'),(1,574,'elit, sed','1993-11-09 18:06:53','2017-11-12 03:26:45'),(1,576,'venia','1995-01-22 05:22:07','1998-08-21 00:41:48'),(1,577,'consequat. ','1988-02-06 00:47:55','1985-10-10 17:52:44'),(1,578,'nu','2019-10-09 10:23:12','1991-02-08 05:33:20'),(1,581,'Excepteu','2006-05-25 19:51:46','1987-08-23 04:27:45'),(1,585,'deserunt mollit a','1997-04-13 12:05:04','2003-03-22 20:58:27'),(1,587,'exercitation','2015-08-25 01:19:23','1995-12-31 21:09:08'),(1,588,'ut l','2017-07-23 03:14:36','2004-12-17 22:24:47'),(1,590,'sunt in culpa qui o','2007-09-13 20:34:48','2015-10-31 19:34:13'),(1,591,'elit, se','1986-03-30 16:17:24','2015-02-09 18:12:49'),(1,595,'laborum.Lorem ips','2017-05-05 01:42:21','2009-07-19 02:07:45'),(1,597,'quis no','1998-04-27 18:14:19','1993-07-20 14:51:52'),(1,601,'tempor incidid','1990-10-04 05:17:21','1995-03-29 02:21:44'),(1,602,'labori','2000-10-10 09:40:27','1995-04-21 15:48:11'),(1,609,'inc','1999-03-15 05:58:02','1993-12-15 02:07:08'),(1,615,'cillum dolore eu f','1990-08-19 16:20:53','1983-10-19 23:43:29'),(1,619,'esse cillum','1990-10-19 00:33:29','2002-10-30 23:01:02'),(1,625,'Ut','2009-10-10 05:40:27','2014-02-28 10:52:17'),(1,627,'anim id est ','1998-09-15 07:58:46','2017-08-19 19:56:29'),(1,632,'adipi','1999-12-02 21:24:57','2004-03-18 07:24:18'),(1,637,'nostrud ','1995-01-23 23:06:32','1992-10-22 11:34:32'),(1,640,'consectetu','2015-03-01 07:04:36','1989-03-21 05:19:49'),(1,643,'incididunt ut labo','2009-10-12 18:15:35','2017-01-14 10:27:01'),(1,649,'sint occaecat cu','1980-10-30 13:42:11','2010-11-19 11:39:53'),(1,650,'Excepteur ','2004-01-10 17:56:05','2012-03-03 14:09:36'),(1,652,'aute irure dolor ','1990-01-18 22:47:57','1982-09-26 16:24:21'),(1,653,'exercit','2000-12-20 17:02:34','2001-02-10 08:14:53'),(1,659,'est laborum.Lor','2005-08-27 00:55:47','2012-09-22 17:09:36'),(1,663,'Ut enim ad minim ve','2002-03-15 03:08:54','2018-10-09 20:11:06'),(1,664,'cupidatat ','2001-04-14 00:04:28','2015-03-26 07:16:47'),(1,665,'anim id est labor','2006-04-11 23:50:32','2012-10-07 11:28:40'),(1,668,'in','2007-05-16 20:53:00','2016-10-31 10:02:22'),(1,671,'ad minim ','2006-02-12 13:19:46','2017-02-09 11:03:12'),(1,679,'or','1989-01-01 01:55:04','1998-01-15 00:17:58'),(1,685,'velit esse ','1984-06-09 10:15:14','1997-07-14 16:09:06'),(1,687,'ipsum dolo','2002-02-26 03:16:10','2004-07-07 08:50:41'),(1,688,'proident, sunt in cu','2019-09-11 08:36:05','2011-06-08 05:27:34'),(1,694,'enim ad min','1998-01-12 09:51:27','2000-07-05 04:45:47'),(1,695,'incididunt ut labo','1993-07-05 09:53:18','2009-04-11 13:28:51'),(1,698,'eu fugiat nulla pari','1989-05-04 16:39:14','1992-12-23 19:05:34'),(1,699,'ex ea commo','1998-03-07 20:49:27','2005-02-21 08:08:18'),(1,704,'sit amet, conse','1986-10-04 16:13:42','2005-10-01 20:19:20'),(1,707,'Excep','2001-08-23 12:26:31','1986-10-24 11:57:58'),(1,709,'veniam, quis nostrud','1993-11-06 01:54:15','2001-11-15 22:21:08'),(1,711,'lab','1983-02-02 17:41:48','1992-01-26 10:05:19'),(1,712,'laboris nisi ut al','2007-09-14 13:26:04','2011-11-23 15:31:41'),(1,713,'ullamco laboris n','1993-03-06 09:29:06','1981-06-17 13:55:51'),(1,718,'repr','2006-08-10 04:24:53','1991-05-26 01:37:20'),(1,724,'dolor sit amet,','1980-05-05 18:01:18','2011-01-17 18:45:23'),(1,726,'ipsum dolor sit','2019-09-13 11:29:57','2005-03-20 20:22:25'),(1,732,'ullamco','1998-09-19 16:40:41','2009-10-25 12:33:38'),(1,751,'id est labo','2015-03-05 22:56:07','1987-03-12 07:39:21'),(1,756,'Ut e','1999-01-01 11:15:34','2011-04-29 23:12:13'),(1,761,'sint occae','1993-01-20 03:28:06','1991-05-25 20:58:43'),(1,773,'off','1988-10-06 13:02:38','2019-08-05 10:47:29'),(1,779,'amet, consectetur','1995-02-06 18:17:12','2012-09-07 21:52:29'),(1,781,'magna aliqua. Ut ','2011-03-24 08:56:42','1994-05-10 16:49:04'),(1,788,'tempor incid','1990-12-06 06:31:09','1997-04-16 04:00:28'),(1,801,'magna aliqua. ','1986-11-29 02:39:48','2004-06-06 20:14:03'),(1,806,'ipsum dolor s','1991-10-30 14:49:19','1985-01-26 13:36:25'),(1,813,'nisi ut aliq','1989-05-04 18:00:02','2011-03-22 23:18:12'),(1,816,'sint occaecat c','1985-06-29 17:36:49','2013-05-19 13:48:06'),(1,818,'magna','1997-04-15 07:52:31','2004-04-03 21:49:58'),(1,820,'tempor in','1988-02-11 19:52:09','2002-04-12 13:57:16'),(1,821,'Excepteur sint','2019-11-23 00:20:34','1987-01-19 04:06:30'),(1,822,'Ut enim a','1990-02-09 09:31:40','1993-03-15 17:58:21'),(1,825,'ut a','2019-06-23 20:07:32','2013-05-05 11:33:37'),(1,828,'in voluptate vel','1993-04-20 08:52:37','1997-07-25 00:14:54'),(1,833,'pariatur. Excepte','1997-10-31 02:29:19','1987-09-06 18:15:14'),(1,834,'p','1994-06-28 18:26:05','2004-11-20 21:59:04'),(1,840,'borum.Lore','1996-02-14 05:51:23','1980-06-01 05:10:34'),(1,841,'Ex','1982-03-22 17:05:28','1999-06-18 02:48:09'),(1,845,'consectetur ad','1998-01-31 07:44:45','1997-03-10 19:55:00'),(1,847,'quis nostrud exerc','1997-12-27 06:07:42','2008-08-13 04:54:53'),(1,849,'eu fugiat nulla p','2014-08-28 09:51:37','2003-12-08 01:48:30'),(1,850,'mollit anim i','1985-08-18 05:54:59','1990-02-08 03:21:14'),(1,857,'Duis aut','1997-09-11 21:03:47','2019-05-26 04:38:15'),(1,858,'nostrud exer','1994-12-09 11:23:09','2011-01-03 14:57:15'),(1,865,'consectetur adip','1992-05-15 03:48:54','1995-10-20 08:50:15'),(1,868,'irure dolor ','1999-07-08 23:49:15','2003-03-05 01:35:18'),(1,874,'elit, sed do e','2017-09-07 13:45:46','1993-06-07 10:08:05'),(1,888,'ea','2018-08-27 16:45:12','2001-07-25 03:09:13'),(1,894,'anim i','2017-03-01 05:12:30','1992-06-06 16:32:04'),(1,901,'adipiscing eli','2011-04-17 11:41:54','2013-08-18 11:16:16'),(1,904,'veni','2003-06-03 02:52:52','1986-01-15 06:17:28'),(1,906,'aute irure dolo','1982-07-22 20:28:42','1991-07-05 00:26:31'),(1,907,'Excepteur sint','1991-11-26 21:32:14','2009-05-30 12:29:36'),(1,908,'non proident, s','1987-03-23 00:14:02','1983-03-31 13:28:05'),(1,913,'cillum dolore eu','2009-04-02 11:24:18','1983-03-02 10:50:41'),(1,919,'Excepteur s','2016-09-16 02:07:12','1984-05-22 19:24:36'),(1,921,'ali','1997-10-20 09:59:40','2012-06-13 13:16:23'),(1,922,'nulla pariatur. Exce','1999-07-18 23:07:35','2017-03-08 22:45:56'),(1,925,'eu fugiat null','1983-10-07 10:15:54','2019-01-08 05:21:49'),(1,926,'do','1998-11-24 00:48:01','1996-04-13 03:21:55'),(1,934,'tempor ','1992-02-06 22:33:17','1989-03-24 13:04:59'),(1,936,'eiusmod temp','1981-05-07 02:22:56','2004-10-07 23:50:16'),(1,938,'in v','2014-09-08 21:17:07','2011-06-26 23:07:13'),(1,940,'Lorem ','1991-09-23 19:45:35','1992-11-12 10:31:00'),(1,941,'nostru','1992-11-01 22:24:34','1995-09-12 13:37:20'),(1,948,'n','2017-02-19 21:21:58','1980-05-14 11:39:29'),(1,951,'sunt i','2002-11-04 03:36:53','2013-09-26 19:52:56'),(1,953,'magna aliqua. Ut ','2019-02-06 08:33:23','1980-10-08 17:13:04'),(1,954,'co','2010-02-05 02:26:43','1982-07-14 01:59:42'),(1,957,'consequat','2009-11-02 09:12:42','2017-05-01 14:51:40'),(1,958,'orum.Lorem ipsum do','2011-11-09 11:25:14','2004-05-24 22:37:57'),(1,964,'veniam,','2008-06-17 14:43:03','1985-12-06 16:47:24'),(1,968,'do eiusmod','1988-03-09 03:41:28','2016-08-08 01:54:37'),(1,974,'ad','1993-08-16 10:56:35','2012-06-22 19:41:37'),(1,975,'amet, conse','1997-05-31 07:04:46','1997-10-16 04:19:38'),(1,977,'ut l','1986-06-06 07:17:40','1988-05-24 09:15:18'),(1,980,'el','1982-09-27 21:54:19','2017-03-17 05:31:12'),(1,983,'dolor in','1997-08-13 13:42:00','2008-08-26 11:54:51'),(1,986,'s','2009-11-13 21:01:16','2006-03-15 18:16:21'),(1,1004,'aliquip ex ea commo','2003-05-29 11:40:59','2019-09-26 04:40:54'),(1,1006,'veniam, qu','2018-11-07 15:00:38','1995-10-19 18:56:03'),(1,1008,'laborum.Lorem ipsum','2000-07-28 19:29:44','2011-12-19 21:30:17'),(1,1015,'ex ea c','2008-07-29 12:29:14','1995-09-18 20:55:22'),(1,1017,'i','1995-05-01 00:43:44','2010-02-22 11:19:22'),(1,1018,'amet, consectetur','2002-05-21 11:40:35','2009-06-15 11:40:16'),(1,1021,'pariatur. Excepteur ','2008-03-30 03:48:50','1983-07-04 04:19:50'),(1,1023,'non pro','2002-01-23 14:58:58','1986-04-15 20:08:27'),(1,1029,'dolore','1983-10-23 14:18:02','1993-12-01 08:18:42'),(1,1030,'aute irure dolor in ','1985-04-19 23:28:57','1990-08-26 21:57:34'),(1,1034,'dolore eu f','1993-08-16 19:44:05','2008-12-22 22:54:39'),(1,1036,'pariatur. Ex','2018-12-17 03:46:30','2000-02-13 02:10:19'),(1,1042,'Ut enim ad mi','1995-07-06 18:28:10','1982-06-17 08:41:15'),(1,1047,'cillum d','1987-09-05 05:33:56','2014-05-19 11:38:40'),(1,1061,'Duis aute iru','1996-05-04 18:45:51','2015-05-15 05:39:18'),(1,1062,'sed do eius','1997-06-10 06:43:37','1989-11-17 14:23:14'),(1,1069,'nostrud exercitati','2006-06-09 14:59:19','1980-01-16 10:50:45'),(2,1,'e','1995-06-27 11:58:41','2019-07-22 10:18:54'),(2,2,'magna aliqua. Ut eni','2018-10-10 07:39:04','2000-04-10 01:56:38'),(2,8,'a','1990-01-02 21:12:30','2019-07-06 03:35:56'),(2,14,'ex ea commodo conseq','1991-10-25 15:54:36','1992-08-23 14:39:51'),(2,15,'irure dolor in rep','2003-11-12 21:26:44','2007-08-25 05:17:32'),(2,16,'rum.Lorem ips','2015-06-28 17:41:37','2018-09-16 07:43:22'),(2,19,'anim ','1985-06-01 22:22:05','1982-08-17 01:12:42'),(2,20,'ipsum dolor sit ame','1999-11-03 04:17:04','1990-01-27 06:58:16'),(2,21,'dolore mag','1984-11-12 09:45:13','2004-04-17 21:28:18'),(2,27,'borum.L','1992-12-27 00:51:18','1983-03-04 08:22:23'),(2,36,'nisi ut al','2010-07-27 06:39:53','1991-01-14 00:05:30'),(2,37,'occaecat ','2002-01-23 00:04:23','2010-01-07 10:39:44'),(2,48,'Duis aute iru','2015-09-15 03:12:58','1983-07-08 05:21:56'),(2,51,'offici','2018-05-10 11:15:29','2011-12-13 08:47:33'),(2,52,'aliq','2011-04-12 09:28:13','2002-04-22 03:58:25'),(2,59,'sit am','2005-05-21 00:47:44','2011-11-27 02:13:44'),(2,61,'fugiat nulla pa','1999-07-12 15:27:45','1995-06-03 23:45:52'),(2,62,'sit amet, co','2018-02-20 07:45:34','2010-11-04 14:21:48'),(2,71,'do eiusmod te','2002-12-20 00:20:39','1993-09-21 14:04:30'),(2,73,'exercitation','1987-10-13 21:49:49','1987-10-19 05:31:52'),(2,76,'sit amet, co','2011-12-06 17:07:18','2001-07-26 17:33:59'),(2,78,'mollit anim id e','1997-09-17 20:32:38','2002-05-20 08:30:25'),(2,79,'do eiusmod ','1996-07-19 02:17:43','2005-05-16 23:38:48'),(2,80,'dolor in rep','2003-04-02 14:03:42','2011-06-11 00:10:03'),(2,83,'non proi','2013-02-08 06:22:25','2003-08-28 10:40:39'),(2,84,'mollit anim id est','1986-11-19 14:58:46','2002-10-02 22:27:30'),(2,88,'ex ','1980-12-20 13:54:04','1992-06-16 22:17:10'),(2,90,'n','2000-12-01 05:51:03','1982-09-03 23:52:07'),(2,102,'des','2004-03-24 17:47:00','1980-09-11 05:03:06'),(2,111,'deserunt molli','1983-07-01 01:31:17','1986-06-26 21:03:07'),(2,118,'um','1988-07-30 08:44:28','2011-04-14 11:14:12'),(2,121,'sint ','1994-06-27 20:16:39','2001-12-20 10:24:10'),(2,130,'sunt in culpa qui of','2013-05-23 19:12:29','2002-04-06 00:58:12'),(2,131,'dolor in ','1999-08-30 03:03:46','2011-06-23 15:07:54'),(2,134,'voluptate vel','2009-04-01 08:38:26','1998-12-08 00:10:16'),(2,137,'paria','1994-09-08 20:31:10','1984-03-08 08:28:04'),(2,138,'et dolore magna','1983-07-22 10:57:16','2012-11-11 14:50:06'),(2,139,'laboris nisi ut ali','2006-05-23 15:56:40','1998-06-14 11:44:57'),(2,146,'ullamco laboris nis','1998-02-10 20:43:49','2019-07-05 05:06:33'),(2,151,'par','2008-10-29 00:51:51','1993-11-30 21:11:20'),(2,155,'deserunt m','1983-09-27 20:36:17','1992-07-12 21:40:19'),(2,160,'sint o','2003-12-26 01:41:11','1991-12-04 22:21:29'),(2,162,'ut ','2002-08-10 18:20:31','2002-07-19 08:47:44'),(2,165,'consectetur ','1987-02-27 16:21:00','1984-07-19 13:00:41'),(2,171,'pariatur. Excepteur ','1983-07-28 03:16:06','1981-03-10 00:25:09'),(2,178,'in volupt','1993-08-03 05:32:34','1987-11-18 06:33:21'),(2,182,'officia dese','2019-09-15 08:02:12','1983-10-08 00:23:10'),(2,184,'dolor in repre','2016-07-28 23:07:49','1983-05-04 12:13:23'),(2,193,'in voluptate velit e','1990-01-22 02:29:31','2012-04-06 09:22:52'),(2,194,'nisi ut al','2018-03-12 09:16:25','2012-09-19 15:26:15'),(2,196,'dolore ','1995-03-31 23:10:17','2015-07-03 17:40:26'),(2,197,'eiusmod tem','1985-12-19 22:16:40','1994-08-04 15:03:24'),(2,198,'eiusmod tempor incid','1990-10-07 17:17:01','1991-05-29 15:45:11'),(2,200,'sunt in culpa qui of','1980-12-10 20:59:21','2012-08-01 21:43:38'),(2,208,'non proident,','2006-01-15 08:09:12','1999-06-14 09:17:52'),(2,217,'laboris nisi ','2000-02-18 05:45:22','2012-02-17 18:04:40'),(2,219,'veniam, quis n','1991-03-06 04:13:50','2000-03-07 19:16:49'),(2,222,'de','1990-05-02 00:21:44','2012-09-24 21:38:42'),(2,223,'dolore e','1993-02-25 17:58:32','1990-04-19 11:58:27'),(2,228,'aute irure dolor ','1981-07-12 23:49:12','2003-06-02 12:09:30'),(2,231,'et dolore magna ali','1994-04-09 18:54:34','2009-03-03 06:46:17'),(2,232,'Excepteur sint oc','1992-09-06 21:53:42','1998-08-25 13:49:56'),(2,233,'commodo co','2010-12-19 07:49:44','2015-03-05 07:10:59'),(2,235,'labore et d','2005-03-15 04:21:20','2011-10-01 12:59:17'),(2,238,'quis nostrud exer','1989-03-22 10:54:36','1998-12-03 14:08:29'),(2,240,'qui offic','1989-07-12 20:46:56','2019-08-21 00:24:39'),(2,241,'esse cillum do','2006-05-29 05:26:39','2000-08-17 18:21:49'),(2,244,'Excepteur sint occa','2008-04-18 22:08:27','2003-02-15 20:52:46'),(2,245,'esse cillum dol','2006-05-29 07:41:28','2004-06-10 15:12:40'),(2,251,'Excepteur sint','1991-05-07 08:01:26','1980-10-26 09:19:17'),(2,253,'in','2015-10-06 07:29:30','2006-09-05 16:24:28'),(2,255,'occaecat cupid','1980-04-24 23:39:49','2003-12-10 05:32:29'),(2,258,'do ei','2015-02-24 01:00:08','2001-07-09 16:34:41'),(2,261,'sed do eiusmod te','1986-07-24 18:56:54','1980-07-26 03:34:31'),(2,264,'ullamco l','2016-05-22 13:38:22','1985-01-16 05:24:11'),(2,265,'irure dolor i','2015-05-16 06:37:09','2006-05-17 18:35:46'),(2,267,'Ut enim ad minim ','1983-07-17 17:04:56','1981-04-23 19:13:24'),(2,272,'lab','2012-08-23 19:28:08','2003-08-17 17:24:53'),(2,273,'dol','1987-11-21 17:04:54','2009-07-24 05:37:51'),(2,275,'nulla par','2000-10-05 05:17:49','2009-03-14 05:48:25'),(2,276,'magna a','2006-12-08 16:37:31','2016-06-14 13:04:56'),(2,280,'occaecat cupid','2006-11-01 09:20:25','2010-09-14 07:37:09'),(2,292,'cupi','2006-05-10 03:36:39','1993-04-22 05:28:22'),(2,293,'aute ir','1992-06-26 11:58:04','1982-03-19 01:43:05'),(2,294,'ullamco ','1982-01-10 10:26:36','2007-04-21 03:56:40'),(2,295,'Excepteur sint occae','2010-05-31 18:30:51','2007-06-09 00:46:49'),(2,297,'id est labor','1995-02-04 17:37:23','2016-04-22 07:28:39'),(2,299,'ullamco laboris n','2006-08-06 20:17:34','2002-12-01 17:24:34'),(2,305,'n','1980-06-14 23:07:39','1985-04-21 07:09:53'),(2,306,'esse cillum dolore e','1988-10-22 09:09:30','2010-06-25 14:36:40'),(2,310,'nulla p','1982-03-23 22:58:48','2015-07-22 21:59:55'),(2,313,'Duis aut','2015-08-13 06:30:21','2005-10-08 03:10:15'),(2,315,'non proident, ','2009-02-03 11:52:09','1996-05-09 23:36:57'),(2,322,'deserunt mollit','1986-01-31 08:42:32','2011-02-14 12:28:58'),(2,332,'et dolo','1980-04-20 23:20:11','2003-05-12 08:52:53'),(2,335,'commodo consequat','2011-12-20 04:43:31','1993-12-10 23:08:51'),(2,336,'sed do eiusmod tempo','2011-03-28 22:13:51','1999-09-22 21:26:11'),(2,337,'irure dolor in re','1980-10-23 02:44:15','2018-12-12 07:04:58'),(2,343,'proiden','1995-05-26 17:35:06','2019-01-05 03:18:16'),(2,345,'sunt in culpa qui ','2008-06-29 18:47:19','2003-08-12 05:42:30'),(2,347,'e','1987-09-06 13:49:37','2003-03-27 09:42:04'),(2,348,'magna aliqua. Ut','2004-06-09 09:06:20','1984-11-14 22:13:17'),(2,355,'qu','2016-03-24 20:01:36','2009-01-30 01:02:47'),(2,363,'exercitati','2011-02-21 00:21:17','2000-10-03 16:56:47'),(2,366,'ut labor','1982-02-03 11:16:16','1982-06-18 01:51:23'),(2,367,'exer','2007-07-27 09:05:09','1984-02-23 09:57:50'),(2,369,'nisi ut aliqui','2007-02-17 05:25:17','2000-01-09 07:10:20'),(2,371,'id','1984-10-20 05:16:11','2012-06-28 18:40:52'),(2,376,'elit, se','1997-03-14 06:28:53','1994-02-02 11:49:55'),(2,380,'ipsum dolor si','1999-11-08 10:06:32','1999-06-26 14:24:25'),(2,384,'adipiscin','1981-09-17 23:21:05','2004-04-16 01:52:58'),(2,385,'nostru','1983-05-03 16:47:21','1987-06-22 02:38:09'),(2,391,'ea commo','1983-08-15 07:28:08','2013-12-13 03:48:28'),(2,394,'ex ea commodo cons','1985-10-04 08:21:00','1983-01-13 00:29:47'),(2,398,'i','2008-11-13 21:53:51','2005-03-31 04:41:21'),(2,399,'ut labore et','1988-10-15 22:21:50','1988-09-30 14:09:57'),(2,407,'non proid','1984-03-21 21:45:14','2007-05-12 06:13:27'),(2,409,'volu','2001-12-16 02:57:00','1998-02-26 15:02:37'),(2,410,'Duis aute i','1989-07-24 00:43:03','2008-02-08 05:13:53'),(2,414,'eiusmod tempor','1994-11-06 21:03:41','2013-06-05 08:45:14'),(2,419,'min','1996-11-16 15:16:43','2009-04-21 16:30:37'),(2,421,'culpa qui officia','2003-09-12 09:20:08','1995-06-03 05:07:24'),(2,424,'non proident, ','1997-11-02 14:58:23','1984-11-27 22:16:19'),(2,425,'occaecat cupid','1982-01-12 19:44:42','1982-12-18 05:45:38'),(2,427,'irur','1980-04-04 03:05:08','2019-12-21 11:09:36'),(2,430,'el','2011-11-16 15:44:22','2015-07-11 06:35:29'),(2,433,'mollit an','2010-11-16 23:36:46','2005-04-05 07:53:32'),(2,435,'nulla pariatur. E','1991-10-10 04:42:01','2012-03-14 08:20:12'),(2,437,'adipiscing elit, ','1990-02-08 15:50:52','1990-06-25 19:23:47'),(2,442,'aute irure dol','2011-04-18 07:43:58','2008-07-28 09:20:40'),(2,443,'ipsum dolor sit amet','1998-11-19 14:28:10','2000-05-24 20:18:00'),(2,445,'su','1999-08-17 10:38:53','1988-09-10 05:26:40'),(2,446,'ea comm','1999-10-14 00:42:47','1991-05-14 21:21:55'),(2,447,'veniam','1990-12-11 01:40:21','2012-04-02 21:12:45'),(2,450,'ad minim veniam','2010-02-24 15:48:55','1995-06-20 08:02:55'),(2,453,'sed ','1981-03-04 23:00:46','2002-06-16 13:15:49'),(2,456,'quis ','2003-07-23 09:44:35','1993-12-19 00:25:53'),(2,458,'cup','2013-04-10 08:33:50','2004-02-17 04:20:17'),(2,470,'in','2001-04-04 04:01:25','2014-06-08 11:27:23'),(2,471,'Duis ','2014-10-11 00:49:35','2003-01-07 05:48:54'),(2,472,'dese','2008-05-20 00:06:46','2019-05-05 12:04:47'),(2,478,'sed do e','1987-04-03 15:40:31','2011-04-04 22:45:20'),(2,485,'nisi ut aliqu','2016-03-20 03:39:18','1994-09-12 15:38:43'),(2,489,'sed do eius','1982-01-16 21:10:00','2016-04-22 10:31:24'),(2,493,'ex ea','2016-06-20 18:20:55','1999-02-13 00:30:28'),(2,495,'ullamc','2009-01-31 03:09:17','2000-10-06 15:45:09'),(2,498,'dolor in reprehend','1992-06-27 03:07:02','2017-10-12 03:45:06'),(2,500,'anim ','2019-11-05 13:52:22','2000-05-16 04:57:27'),(2,501,'Excepteur sint occae','2019-03-05 22:32:15','1992-12-12 05:14:18'),(2,509,'aute ir','2005-01-13 19:21:38','2003-04-23 00:43:32'),(2,514,'laboris ','1984-12-19 01:04:13','2003-02-24 03:42:22'),(2,516,'in volupt','2004-07-23 08:53:07','2008-12-29 07:35:13'),(2,517,'in voluptat','2003-08-19 09:59:09','2003-05-24 18:46:06'),(2,523,'non proident','2005-01-22 19:48:08','1985-11-04 17:58:04'),(2,525,'elit, sed do','2010-02-27 02:27:15','1990-11-21 22:49:27'),(2,527,'Excepteur si','2015-02-01 15:22:22','2008-05-06 07:23:11'),(2,528,'deserunt mollit anim','2012-09-26 10:41:54','2006-01-18 22:31:20'),(2,530,'ullamco laboris nis','1988-12-15 19:34:40','2001-12-22 03:25:50'),(2,531,'nisi ut aliquip ex ','1983-08-27 18:14:13','2007-05-17 04:49:26'),(2,533,'d','1992-04-03 05:40:16','1986-11-20 04:54:24'),(2,534,'adipiscing elit, se','2007-09-24 19:35:56','1991-09-13 23:18:21'),(2,539,'et dolore magna a','2019-02-01 16:19:25','1999-05-22 11:17:09'),(2,540,'exercit','1996-04-17 02:24:07','1984-04-19 18:13:29'),(2,541,'Ut enim ad ','1998-08-31 07:08:11','2015-07-02 06:41:48'),(2,543,'laborum','2018-10-18 19:14:49','2013-02-15 14:36:52'),(2,550,'dolore magna aliqua','1995-07-02 13:31:04','1990-09-24 03:46:00'),(2,555,'nostrud exercitatio','1982-08-13 14:31:09','2007-02-11 00:50:35'),(2,562,'magna aliqua. Ut en','1985-08-23 20:18:09','2012-07-31 15:58:21'),(2,566,'labor','2007-04-03 14:53:12','2012-01-17 11:07:56'),(2,568,'officia','1981-11-19 20:36:13','1989-03-25 01:42:34'),(2,569,'sed do eiu','2013-01-17 09:59:42','2003-03-15 06:59:24'),(2,574,'incididunt u','1996-06-24 09:23:39','1998-01-10 02:49:31'),(2,580,'dolore eu fu','1991-06-21 19:54:10','1984-04-28 13:46:32'),(2,584,'velit esse cill','2006-01-26 23:18:36','2014-07-25 05:25:48'),(2,589,'ipsum dolor ','2016-10-20 02:13:32','1987-04-28 20:04:10'),(2,593,'proident, sunt ','1996-08-04 15:24:58','2017-09-24 04:59:52'),(2,595,'tempor incid','1980-04-02 01:13:38','1982-07-11 20:26:56'),(2,596,'officia deseru','2011-11-04 20:19:53','2006-06-12 07:05:56'),(2,601,'voluptate vel','1983-05-29 17:26:14','2016-02-17 16:36:22'),(2,607,'aliqua. Ut enim ad ','2004-10-06 18:27:49','1980-09-13 07:09:00'),(2,608,'esse cillum dolore','2016-09-16 16:40:47','1992-03-29 00:15:44'),(2,610,'pariatu','1981-07-01 05:12:00','1989-06-17 08:53:56'),(2,613,'quis nostrud exe','1999-06-20 10:48:41','2008-08-27 00:12:00'),(2,626,'Ut enim ad m','1997-11-18 21:41:39','2016-10-08 13:07:15'),(2,628,'do eiusmod tempor in','2014-09-02 05:16:55','2012-04-19 02:49:48'),(2,642,'sint occaecat c','1984-05-22 03:46:16','2008-03-16 10:16:36'),(2,647,'aute irure dolor i','2000-04-24 00:36:32','2001-07-03 02:43:49'),(2,651,'sint occaecat','2000-03-20 06:14:24','2017-07-27 13:40:18'),(2,652,'laboris nisi ut ','2012-08-07 13:16:33','2013-10-20 04:16:36'),(2,669,'anim i','1992-04-02 05:13:24','1999-03-10 21:32:58'),(2,671,'mollit ani','1982-08-07 19:43:39','2016-07-22 10:56:28'),(2,674,'dolor s','1987-10-22 07:25:54','2017-02-23 16:28:07'),(2,675,'cillum d','1992-03-13 22:40:25','2014-06-11 00:50:44'),(2,679,'deserunt m','2016-04-15 01:01:32','1986-02-27 04:01:11'),(2,681,'nostrud exe','2010-03-03 07:09:11','2011-12-24 21:34:15'),(2,685,'ut ali','1987-04-06 20:26:23','1990-04-13 21:45:34'),(2,689,'c','2006-06-20 06:26:05','1984-01-13 03:28:03'),(2,692,'sint occaec','2013-04-08 15:41:20','1980-10-18 06:47:57'),(2,695,'velit esse ci','1999-05-01 08:55:42','2005-07-25 02:19:52'),(2,703,'Excepteur sint occa','1996-01-05 06:49:05','1986-04-02 08:35:54'),(2,711,'sin','1997-04-22 03:59:56','2016-02-22 21:01:14'),(2,712,'cupidatat','1998-03-16 11:52:51','2014-10-29 04:19:18'),(2,713,'magn','2019-01-23 15:05:01','1982-06-13 20:06:55'),(2,722,'um.Lorem ipsum dolor','2008-01-09 23:25:22','2012-05-24 01:30:46'),(2,724,'s','2002-02-20 22:36:03','1990-10-09 17:11:12'),(2,725,'magna aliqua. ','2013-02-14 17:59:57','1984-07-05 16:44:17'),(2,742,'qu','2019-05-19 05:57:42','2010-12-17 03:00:17'),(2,744,'in culp','1981-01-16 11:00:16','1989-03-22 08:24:35'),(2,748,'ipsum','1998-01-17 11:55:10','2018-09-11 21:34:36'),(2,751,'magna aliqua. Ut ','1984-03-15 09:47:00','1981-12-16 14:17:58'),(2,754,'i','2018-10-23 20:24:10','2000-06-24 20:13:41'),(2,756,'incididunt ','2019-04-19 00:36:22','2009-11-08 12:11:19'),(2,764,'sunt ','1981-09-23 13:37:15','2019-08-29 22:16:31'),(2,766,'sit amet, consectetu','2017-11-24 18:57:28','1988-05-09 15:02:36'),(2,771,'nulla pariatur. Ex','1984-07-14 14:03:31','2018-11-07 18:45:57'),(2,780,'veniam, ','2018-02-10 19:53:42','2001-10-22 23:51:09'),(2,794,'fugiat nulla par','1987-09-09 14:45:42','2003-07-31 23:21:00'),(2,798,'elit, sed do eius','2011-08-20 23:15:21','2008-11-01 13:40:46'),(2,799,'e','1999-11-20 13:48:26','2007-10-17 14:07:28'),(2,800,'Duis aute i','1986-05-18 14:44:28','1991-12-11 10:47:19'),(2,806,'quis nost','1980-01-13 09:08:35','1993-12-07 16:20:54'),(2,812,'nis','2018-03-09 19:31:05','2018-06-07 03:43:50'),(2,816,'Ut enim ad m','2002-06-25 16:54:46','1983-08-17 01:48:55'),(2,818,'consequa','2013-08-29 03:23:32','2013-05-26 15:51:33'),(2,821,'dolor sit','1995-09-04 11:34:03','2001-12-03 10:08:41'),(2,825,'ut labor','2017-01-02 04:05:14','2008-08-16 17:42:37'),(2,827,'temp','1986-08-21 04:06:46','2018-08-25 00:49:14'),(2,845,'esse','2006-07-06 21:48:36','2002-10-23 18:58:49'),(2,846,'cillum ','1991-01-05 06:03:43','1981-03-15 09:07:07'),(2,849,'consequat. Duis ','1982-06-05 14:06:20','1987-01-03 16:34:19'),(2,850,'consectetur ','1983-11-18 13:02:32','2002-01-25 01:01:09'),(2,851,'magna aliqua','2018-02-13 09:55:51','1985-07-08 02:49:21'),(2,854,'ullam','1980-04-10 00:41:12','1994-08-26 19:52:43'),(2,855,'ali','1982-08-25 10:12:24','1993-01-13 02:07:35'),(2,856,'Duis aute ','1994-02-27 19:06:57','1986-08-14 18:12:46'),(2,864,'laboris nis','1982-01-16 09:57:12','1994-11-20 15:14:51'),(2,870,'enim ad ','2018-04-18 00:39:28','2017-08-19 20:53:19'),(2,873,'nisi ut ','2001-09-26 13:35:41','1998-02-16 13:52:00'),(2,874,'velit esse cillum','2000-03-17 19:10:46','2002-02-12 18:26:58'),(2,877,'cupidatat non proi','2003-08-12 09:55:34','1991-02-12 10:25:19'),(2,884,'voluptate velit e','2003-11-29 20:57:03','1980-10-21 05:32:54'),(2,891,'fugiat nulla','2010-06-04 04:19:15','2004-12-26 12:05:02'),(2,896,'exercitation u','1989-09-15 16:58:14','1980-07-25 06:18:28'),(2,900,'velit esse cillum ','2017-08-17 08:22:47','2010-08-22 07:51:09'),(2,904,'tempor incididun','1986-12-01 12:57:31','2010-03-08 01:29:57'),(2,907,'sit amet,','2002-06-02 13:43:52','2016-06-25 18:08:10'),(2,912,'velit esse cil','1990-01-02 08:40:16','2014-10-22 20:05:26'),(2,913,'adipiscing e','1999-07-20 18:28:05','2016-09-13 12:30:54'),(2,917,'laboris ni','2006-10-04 07:44:24','1981-12-24 05:16:41'),(2,918,'ea commodo consequa','2008-06-17 22:36:48','1994-06-10 07:17:46'),(2,919,'elit','2002-09-17 01:04:07','1983-04-16 11:20:37'),(2,924,'id est l','2005-01-29 01:27:28','2018-02-25 23:43:28'),(2,925,'mol','1997-08-27 23:06:30','1981-08-17 06:26:25'),(2,926,'fu','1996-08-21 21:37:24','1985-04-26 17:02:05'),(2,930,'labore ','2004-03-12 10:28:32','1985-12-17 15:31:44'),(2,936,'ut labore et do','2016-01-06 00:33:30','1988-10-31 07:28:04'),(2,938,'nisi ut aliquip ','2017-12-08 12:13:15','1981-07-09 21:14:27'),(2,940,'sed do ei','1980-04-23 02:17:04','2006-08-13 23:20:13'),(2,941,'velit','2016-01-11 08:56:03','1997-12-13 04:01:53'),(2,951,'labore','1984-09-17 23:40:56','2009-04-17 01:11:47'),(2,961,'ut labore et do','1988-07-16 02:22:37','2008-07-07 14:56:51'),(2,977,'dolore eu','2000-09-12 03:23:54','1994-07-20 19:12:40'),(2,978,'rep','1980-08-18 02:21:22','1995-04-12 11:54:46'),(2,987,'non proident, ','1999-11-06 23:39:13','1988-11-13 21:19:05'),(2,990,'officia','2008-12-13 11:08:07','2013-02-03 08:01:36'),(2,991,'proid','1982-10-16 18:09:21','2007-04-09 04:05:11'),(2,997,'ex ea c','2006-05-06 20:46:12','2010-07-05 09:47:02'),(2,1008,'commodo consequat','2012-11-01 19:12:40','1987-11-25 23:01:01'),(2,1016,'volu','1999-03-02 04:18:55','1983-12-12 14:06:07'),(2,1019,'quis nostrud exerc','1985-06-24 18:20:24','1999-01-10 17:12:30'),(2,1021,'sit amet','2011-12-16 14:51:25','2019-11-03 05:02:09'),(2,1040,'incididunt ','2017-06-17 08:14:37','2019-01-08 20:42:10'),(2,1047,'adipisci','2007-12-15 02:19:46','1995-10-17 14:38:26'),(2,1050,'ex ','2004-12-11 12:53:45','2005-01-15 12:53:35'),(2,1053,'ut aliqui','1995-10-17 15:52:45','1985-03-02 03:44:06'),(2,1062,'tempor ','2003-06-08 02:36:40','1997-12-15 23:05:53'),(2,1080,'irure dolor in r','2013-06-08 19:50:24','2013-04-17 13:35:29'),(3,1,'non proident, su','1995-11-04 06:15:24','2018-01-05 13:11:12'),(3,5,'deserunt mollit ani','2019-11-21 12:57:59','1981-01-13 19:29:12'),(3,10,'aliquip ','1994-09-07 03:00:51','1988-04-07 07:13:50'),(3,13,'anim id est labor','1982-06-06 14:04:32','2012-08-16 04:08:52'),(3,14,'id est labo','1993-10-17 08:52:12','2003-07-03 02:14:24'),(3,18,'laboris','1996-06-08 16:41:26','1991-02-09 19:29:02'),(3,21,'aliq','1998-03-27 14:56:28','2017-05-31 14:37:41'),(3,26,'in culpa qui','2018-03-23 23:19:51','2011-11-25 10:20:04'),(3,33,'id est lab','1989-11-15 02:25:51','2005-11-22 01:50:17'),(3,37,'esse cillum dolore e','1995-01-12 07:29:22','2016-05-28 20:50:00'),(3,39,'elit, sed do eiusmod','1982-01-09 13:24:32','2009-02-12 10:00:04'),(3,40,'est labo','2018-01-07 23:31:13','1983-07-14 23:33:55'),(3,45,'magn','1991-12-07 22:34:54','1984-03-10 18:28:42'),(3,47,'Excepteur sint','2004-09-30 02:19:19','2009-06-17 05:20:42'),(3,50,'Except','2004-11-23 12:03:31','2005-07-13 15:24:16'),(3,51,'eu fugiat','1993-03-20 20:15:28','2015-11-03 18:17:33'),(3,54,'non proident, su','1997-02-16 09:38:35','2007-10-03 15:10:24'),(3,58,'moll','1984-12-20 03:08:20','1985-01-03 22:13:12'),(3,60,'borum.Lorem ips','1995-02-21 23:58:06','1980-08-25 19:47:46'),(3,61,'quis nostrud ex','2004-09-22 20:19:09','2018-03-27 18:06:15'),(3,64,'pariatur. Excepteu','1985-04-29 21:18:55','1980-03-13 17:54:08'),(3,67,'consectetur adipisc','1985-09-24 11:38:36','2017-08-26 22:21:36'),(3,70,'consectetur a','1998-12-15 03:05:44','1995-03-20 10:17:43'),(3,73,'pariatur. Except','1983-01-26 17:36:11','1990-09-08 08:02:36'),(3,76,'labori','2010-01-05 10:38:05','2010-11-25 15:52:07'),(3,83,'ut aliquip ex ','2011-03-03 04:19:52','1994-04-08 04:49:14'),(3,100,'ut l','2019-09-19 06:33:20','2013-10-15 02:18:04'),(3,102,'min','1983-05-12 15:40:39','2013-02-06 10:10:42'),(3,110,'Excepteur si','2007-08-25 12:19:35','2015-11-10 12:57:28'),(3,118,'s','2016-02-18 16:10:35','2019-11-10 10:36:56'),(3,119,'magna aliqua. Ut eni','2014-01-11 21:01:03','2018-06-08 21:56:51'),(3,124,'sunt in culpa qui of','2014-03-14 16:55:13','2014-10-05 21:48:58'),(3,132,'proident, ','1996-10-16 20:40:03','2014-09-07 04:43:44'),(3,133,'ullamco laboris nisi','1980-11-12 05:56:33','2000-06-09 05:15:19'),(3,137,'in reprehenderit in ','2018-12-31 09:04:51','1982-10-28 18:05:05'),(3,138,'dolore eu f','1995-07-10 08:50:27','2000-09-03 22:40:17'),(3,140,'tem','1998-12-20 09:34:33','1988-12-28 05:07:02'),(3,141,'nulla','2003-07-23 14:19:19','2004-02-25 06:13:09'),(3,143,'iru','2018-08-11 19:04:45','2015-12-15 14:34:10'),(3,144,'nulla pariatu','1981-04-22 09:35:33','1987-06-05 04:40:06'),(3,147,'aborum.Lorem ipsu','1985-05-25 01:52:21','1986-08-19 00:47:34'),(3,152,'in voluptate vel','1996-02-12 21:11:29','1983-08-23 14:30:15'),(3,153,'nulla pariatur.','1997-11-02 09:53:22','1987-05-03 22:19:43'),(3,155,'in reprehen','2018-09-28 01:26:44','1997-06-23 10:18:59'),(3,158,'tempor inc','2010-12-05 15:25:02','1988-12-11 19:59:46'),(3,161,'labore et do','1992-12-18 10:25:20','1989-07-24 04:15:34'),(3,166,'f','2008-03-24 03:33:38','1988-11-12 17:39:09'),(3,167,'aute irure dol','2003-02-17 23:58:00','1989-01-11 03:58:09'),(3,169,'non proid','2018-12-23 07:28:57','2011-07-02 02:27:27'),(3,171,'culpa qui o','1988-02-16 13:27:58','1989-02-10 02:02:32'),(3,172,'dolor in rep','1992-05-10 02:31:22','2009-04-27 01:58:43'),(3,180,'e','2010-05-09 02:31:30','1981-04-23 18:46:33'),(3,188,'sunt in culpa','2008-08-28 20:21:07','2005-02-22 11:32:09'),(3,193,'mollit anim id est','2006-04-05 13:06:48','2015-12-22 04:07:01'),(3,197,'dolor','1996-03-21 17:36:42','1990-04-07 05:33:59'),(3,198,'a','2016-12-30 22:06:49','2002-06-12 16:04:29'),(3,199,'non proident, sunt','2016-04-08 16:33:11','1983-03-03 02:53:31'),(3,210,'tempor incid','2003-08-12 07:22:55','2001-01-13 01:02:06'),(3,216,'consequa','2005-04-17 07:06:04','1987-06-07 21:40:13'),(3,231,'mollit ','1998-07-26 12:50:34','2012-03-01 06:21:12'),(3,233,'ad minim veni','2000-06-10 14:02:41','2007-07-29 17:38:51'),(3,235,'proident, sunt','1997-09-20 10:56:00','2014-11-06 03:47:12'),(3,240,'tempor incididun','1996-04-01 23:47:51','1993-03-21 11:26:57'),(3,243,'anim','1990-12-22 20:26:47','1987-05-26 00:42:16'),(3,244,'dolo','1981-03-17 16:42:22','1992-11-30 16:11:59'),(3,247,'velit esse cill','1987-09-30 11:54:14','1990-10-24 22:02:38'),(3,272,'sunt in culpa ','2008-03-18 11:16:48','1999-03-13 05:40:12'),(3,275,'tempor i','1986-11-07 02:46:52','1986-09-21 20:18:05'),(3,276,'in rep','1984-05-18 11:03:43','2017-11-14 14:52:20'),(3,277,'Ut enim ad minim ','2004-07-29 03:35:34','2011-03-09 10:39:31'),(3,280,'am','2000-10-23 15:33:59','1997-02-27 03:31:52'),(3,281,'in voluptate velit','2018-07-02 09:17:48','2016-04-25 06:32:31'),(3,283,'venia','2000-08-03 20:21:48','2011-04-04 19:38:25'),(3,284,'sed do eiusm','2008-02-19 15:25:14','2001-07-05 08:11:03'),(3,290,'in voluptate velit','1997-05-02 21:49:27','1987-02-22 16:46:08'),(3,291,'Ut enim ad min','1982-07-05 23:03:22','1986-03-09 00:01:27'),(3,294,'amet, consec','1992-09-15 18:32:00','2001-08-30 14:01:37'),(3,295,'labore ','1991-12-08 14:28:27','1982-11-15 23:51:34'),(3,297,'.Lorem','1989-02-21 13:57:07','2017-04-06 02:47:56'),(3,301,'o','2015-09-24 05:04:21','2004-10-01 16:59:31'),(3,303,'eu fugiat','1991-04-10 02:15:22','1995-08-16 01:46:37'),(3,304,'consequa','1983-07-06 13:02:07','2019-10-10 16:21:20'),(3,310,'et ','2016-06-06 03:29:01','2018-10-19 21:00:05'),(3,313,'minim veniam, quis n','1998-05-17 00:21:23','1997-04-17 20:04:46'),(3,314,'sun','2010-10-26 14:56:20','1983-08-18 23:58:52'),(3,321,'anim id est ','1980-12-19 23:40:42','2019-12-15 13:17:03'),(3,323,'velit','1997-05-18 14:57:14','1989-05-21 23:34:40'),(3,327,'velit esse cillum ','1991-08-25 14:25:06','2001-12-22 21:42:13'),(3,330,'aliqua. U','2001-02-22 21:30:27','1989-12-20 21:38:47'),(3,333,'ullamco laboris ','2013-05-15 10:30:18','2001-11-06 20:45:20'),(3,336,'ut aliquip e','1984-12-13 00:18:03','1995-09-09 11:21:51'),(3,343,'in','2001-07-04 03:08:50','1981-09-27 18:21:51'),(3,349,'es','2010-06-19 03:57:42','2002-05-16 06:58:47'),(3,353,'quis nostrud','1993-04-23 02:22:14','1984-08-15 00:41:04'),(3,355,'ullamco laboris ','1995-12-03 02:20:08','1994-03-29 17:03:00'),(3,357,'adipi','2014-06-02 13:11:08','2018-05-28 13:27:20'),(3,359,'tempor inc','1996-09-05 19:06:18','1994-11-19 19:16:35'),(3,362,'quis nostrud ','2019-07-03 09:21:00','2010-08-31 15:16:02'),(3,365,'deserunt mollit an','2017-02-07 05:29:22','2001-09-28 10:30:39'),(3,367,'sed do ','2010-11-03 12:44:04','2004-05-16 22:51:54'),(3,371,'cupi','1999-05-20 17:07:57','2009-06-04 12:49:16'),(3,372,'Duis aut','2012-10-16 19:26:32','1998-04-20 12:30:10'),(3,374,'adipiscing elit, ','1984-11-08 02:38:40','2018-09-17 10:06:50'),(3,387,'irure','1980-01-22 06:06:23','1985-10-25 23:50:07'),(3,389,'rum.Lorem ipsum dol','1989-08-30 04:02:35','1990-06-20 16:53:46'),(3,391,'Excepteur si','2017-11-15 05:26:17','1983-09-04 13:29:59'),(3,394,'do eiusmod t','1992-01-22 05:14:34','1983-03-27 18:16:29'),(3,396,'cu','1982-08-06 17:14:01','1991-09-10 14:07:15'),(3,402,'ut l','2016-04-28 00:18:43','2002-02-18 22:41:43'),(3,410,'non proident, sunt i','1983-02-15 00:12:54','1985-03-31 22:47:42'),(3,411,'ut labore et dolore ','1991-04-14 06:38:19','1999-12-04 01:46:24'),(3,415,'magna a','2017-05-02 01:25:55','2011-12-19 02:49:54'),(3,416,'exercitation ','1981-10-08 03:44:48','2007-01-05 09:38:42'),(3,421,'nis','2001-04-23 14:17:46','1991-11-21 02:10:54'),(3,422,'cillum dolo','2009-02-20 14:30:46','2007-06-27 07:52:17'),(3,424,'laboris nisi ut a','2003-10-15 21:18:51','1980-01-25 16:28:06'),(3,425,'adipiscing elit, sed','1987-08-04 11:38:26','2014-08-22 20:14:39'),(3,426,'mollit anim i','2012-09-24 05:37:21','2002-11-15 06:24:20'),(3,430,'incidi','2009-05-23 08:19:24','1999-02-28 06:53:01'),(3,431,'magna ali','2015-10-17 03:23:39','2010-09-13 20:35:43'),(3,435,'aliquip ex ea ','1982-07-25 11:16:38','2013-11-19 04:19:50'),(3,438,'aute irure dolor i','1981-05-16 02:52:12','1994-06-26 12:40:35'),(3,440,'et dolore','1980-05-19 17:30:40','2010-12-07 12:48:47'),(3,442,'qui','1994-07-26 20:36:03','1980-06-19 17:08:01'),(3,445,'sed do','1994-07-05 02:35:56','2016-01-25 16:50:10'),(3,449,'consect','2012-08-04 10:33:32','2007-04-12 08:47:09'),(3,450,'Excepteur sint occae','1991-02-20 07:37:30','2004-07-18 04:57:01'),(3,455,'s','1986-10-08 17:05:47','2012-03-01 12:50:00'),(3,456,'in v','1991-08-23 05:30:07','1982-02-18 15:57:22'),(3,457,'aute irur','2017-06-16 19:23:02','1990-05-29 04:05:36'),(3,465,'mollit a','1991-11-11 09:33:38','1999-01-11 18:10:12'),(3,471,'repreh','1998-04-30 22:32:27','1987-05-11 04:38:12'),(3,472,'ullamco laboris nis','2019-01-19 01:57:47','2017-06-11 09:26:28'),(3,482,'minim ','1988-12-15 08:41:18','2014-06-28 17:12:39'),(3,486,'dolore eu fugiat nul','1984-03-07 11:20:01','2017-06-28 15:14:13'),(3,489,'dolore eu fugiat nul','1994-06-25 10:44:35','2015-12-06 07:03:51'),(3,491,'qu','2012-08-04 00:42:58','2009-06-17 10:10:05'),(3,498,'in','1989-06-20 10:14:12','2006-09-09 04:04:31'),(3,500,'reprehender','1997-10-23 09:27:58','1981-08-05 14:44:28'),(3,502,'ve','1985-09-09 19:09:19','2009-09-01 10:35:05'),(3,507,'in repr','1998-07-08 00:33:43','1995-11-01 08:00:27'),(3,511,'non proident, ','2005-09-22 15:31:19','2019-07-08 07:13:45'),(3,514,'dolor sit amet, co','1990-11-29 11:11:20','2018-07-30 18:29:09'),(3,523,'in r','1987-09-08 14:43:09','1986-06-16 02:54:06'),(3,525,'cupidat','1985-05-01 02:38:55','2016-01-03 08:01:25'),(3,535,'mollit anim id e','2007-11-15 01:58:00','1988-12-30 04:39:17'),(3,544,'cupidatat non p','2008-12-04 21:22:04','2011-07-08 13:31:41'),(3,549,'do eiusmo','2009-12-15 06:58:23','2000-10-05 17:11:47'),(3,556,'irure dolor in repre','1984-02-03 18:25:47','2019-03-31 02:38:56'),(3,559,'aliq','1988-12-19 20:17:13','2010-03-05 21:14:32'),(3,584,'esse cillum ','1998-04-12 07:55:56','1996-02-12 04:08:27'),(3,592,'laboris nisi ut al','2006-08-20 19:58:25','1988-03-10 00:50:13'),(3,593,'Excepteur s','1982-11-25 17:25:18','2008-08-17 06:39:52'),(3,601,'deserunt mollit a','1998-04-17 08:49:03','2005-02-25 20:25:12'),(3,602,'v','1987-04-08 10:38:56','2019-10-24 09:22:18'),(3,608,'dolor sit amet','1996-03-08 06:56:37','1999-05-06 15:19:42'),(3,612,'e','2014-08-04 03:51:35','1999-08-05 01:43:40'),(3,623,'Ut enim ad minim ','2008-11-25 17:41:30','2002-12-07 21:15:12'),(3,624,'cupidatat ','2012-10-16 18:19:31','1994-07-22 19:08:34'),(3,628,'nisi ut aliquip ex e','1994-05-30 01:12:33','1992-05-23 08:13:32'),(3,630,'id est laborum.Lorem','1988-09-22 15:21:27','1980-02-26 16:06:10'),(3,634,'aliquip ex ea','1982-12-10 06:03:53','1999-07-27 07:57:36'),(3,638,'aliquip ex ea commo','2003-12-04 09:29:12','1984-08-24 21:37:28'),(3,643,'adipiscing elit, ','1992-12-18 04:06:04','2006-04-28 07:06:12'),(3,649,'e','1996-04-12 21:17:37','2017-08-07 19:49:20'),(3,654,'elit, sed do e','1990-08-19 03:07:35','2011-02-28 19:01:58'),(3,655,'Ut enim ','2014-04-22 18:15:15','2018-09-18 22:29:53'),(3,663,'ullamco laboris n','1993-08-14 23:59:20','2005-01-28 12:44:33'),(3,665,'ut labore e','2018-03-13 11:53:41','2019-12-29 10:45:56'),(3,672,'Excepte','2009-05-23 17:37:36','2009-09-11 11:13:00'),(3,673,'qui officia de','2000-08-10 00:02:42','1985-05-24 09:53:35'),(3,674,'labor','1993-02-22 18:32:43','2011-10-31 13:51:43'),(3,684,'laborum.Lorem ipsu','1993-03-08 21:18:28','1996-02-09 14:39:33'),(3,688,'consequ','2019-11-11 04:44:10','2009-10-19 23:53:33'),(3,689,'tempor inci','1993-01-14 10:05:49','1993-06-07 23:48:52'),(3,694,'nostrud ex','2016-10-15 11:16:43','1990-12-10 21:34:15'),(3,695,'ad m','1982-11-30 05:07:39','1989-10-10 00:16:28'),(3,696,'in reprehenderit','2004-09-30 02:55:13','2012-07-20 16:51:29'),(3,698,'in volupta','2016-05-01 15:20:05','2014-11-27 13:44:51'),(3,703,'E','1982-06-24 05:57:14','2008-04-22 04:23:59'),(3,704,'sunt in culp','2017-09-24 17:02:43','2018-06-10 12:42:58'),(3,706,'consectetur adipi','2019-01-29 22:10:49','1999-07-27 18:31:16'),(3,709,'et d','2002-05-07 12:53:27','2006-12-31 23:41:40'),(3,713,'deserunt mo','2015-09-23 13:31:36','1985-07-02 07:47:53'),(3,716,'incididun','1999-01-20 20:19:24','2005-04-12 18:10:15'),(3,720,'ut aliquip ex ea ','1995-11-23 20:45:01','1983-03-03 10:48:53'),(3,722,'nulla par','1986-03-20 23:33:34','1998-06-10 05:38:18'),(3,724,'deserunt mo','2004-01-12 20:24:06','2000-12-22 01:56:18'),(3,726,'mollit anim','2010-08-29 12:52:34','2017-02-24 03:32:03'),(3,731,'est ','1982-12-31 16:49:17','1981-06-20 17:33:48'),(3,737,'ad minim veniam, qui','1985-09-29 06:48:56','2012-12-03 10:34:35'),(3,746,'nostrud exercitatio','2008-07-31 22:17:39','1991-11-22 19:55:04'),(3,749,'irure dolor in repre','2017-12-06 11:47:00','1996-10-13 12:52:24'),(3,750,'dolore eu fugiat nu','2018-10-02 08:57:27','1990-12-16 14:18:23'),(3,754,'cupidata','1992-05-21 16:48:48','1980-08-10 11:38:37'),(3,761,'non proident','1991-10-31 15:04:02','2004-07-15 06:21:36'),(3,763,'Excep','1990-02-07 22:47:24','2000-07-24 16:36:38'),(3,766,'exercita','1987-10-07 06:10:49','1987-03-26 10:37:46'),(3,771,'quis nostr','1997-11-30 18:44:56','1997-07-23 12:53:31'),(3,772,'qui officia deseru','1989-07-03 13:18:17','2004-10-21 06:52:59'),(3,773,'deseru','1983-09-27 17:57:14','2018-09-05 14:39:06'),(3,775,'Du','1982-06-27 15:42:59','2016-08-29 08:56:36'),(3,776,'nisi ut ','1995-09-22 02:40:48','1999-03-10 13:52:27'),(3,777,'pariatur.','1993-04-28 14:22:50','1993-01-06 16:52:42'),(3,798,'qui','1993-04-29 00:04:25','1990-06-13 13:25:19'),(3,803,'minim veniam, quis ','1992-07-17 17:34:41','1995-01-24 20:18:39'),(3,806,'c','1985-08-18 14:09:22','2007-11-01 07:36:26'),(3,812,'sed do e','2019-11-01 19:25:16','1992-03-10 11:28:27'),(3,817,'sunt in culpa qui o','1990-06-26 17:46:53','2007-07-30 12:13:14'),(3,818,'sit','2006-02-24 03:12:13','2014-04-01 06:27:31'),(3,820,'culpa','2008-02-27 11:24:43','1985-01-12 12:40:42'),(3,825,'sed ','2016-06-03 02:15:12','1999-10-18 08:48:05'),(3,826,'veniam,','2002-01-24 12:02:43','2008-06-24 03:07:57'),(3,827,'ipsum','1995-07-01 09:12:27','1987-04-02 21:10:32'),(3,832,'in reprehend','2012-07-15 02:04:35','2002-03-06 01:09:20'),(3,834,'id est','2001-09-19 02:21:15','1993-06-16 10:49:40'),(3,849,'esse','1986-05-07 17:19:19','1993-01-30 07:15:31'),(3,851,'ad ','1987-05-15 23:55:00','2011-09-14 19:47:50'),(3,854,'com','2009-08-03 09:10:31','2014-09-13 13:21:03'),(3,855,'irure dolor in repr','1981-05-11 04:07:32','1995-01-01 05:22:49'),(3,858,'magna al','1999-11-19 09:27:11','1986-02-23 15:23:35'),(3,863,'sint oc','1997-08-04 07:00:52','2016-09-05 02:47:47'),(3,868,'deserunt mollit an','1994-05-13 20:53:15','1989-01-29 23:24:52'),(3,875,'Excepteur sint o','1998-11-20 11:29:22','2002-06-27 21:41:50'),(3,881,'no','2019-03-04 20:27:36','1982-11-29 15:37:07'),(3,884,'laboris nisi ','1994-07-04 15:05:22','2003-07-30 07:47:42'),(3,886,'m','2013-11-22 08:14:31','1984-02-24 16:06:41'),(3,887,'aut','2019-09-24 17:59:17','1987-02-17 18:18:13'),(3,889,'aliqua. Ut enim ad','2018-05-03 07:46:37','2008-03-26 11:35:24'),(3,891,'proident, sunt in ','2001-02-18 05:27:27','2004-10-09 12:41:23'),(3,902,'pariatur. Excep','1981-12-22 12:32:57','2001-11-13 16:20:40'),(3,903,'e','2005-02-01 11:27:09','1985-02-21 01:57:12'),(3,916,'qui','2000-07-29 01:18:57','2016-09-06 00:59:04'),(3,917,'el','1995-01-03 04:41:57','1981-07-28 02:26:09'),(3,923,'consequat. Du','2005-05-22 16:36:23','2000-04-01 23:56:14'),(3,925,'ad min','2005-11-25 16:01:49','2006-10-05 13:33:23'),(3,936,'ex ea ','2009-01-23 00:32:13','2006-06-25 19:26:34'),(3,939,'esse ','2001-08-14 02:38:59','1990-10-08 04:46:07'),(3,940,'ut labore et ','2017-09-12 16:12:09','2019-04-16 21:32:10'),(3,941,'s','1993-06-25 21:51:32','2012-05-30 02:08:17'),(3,946,'aute ','2006-12-21 11:19:31','2006-04-14 03:45:17'),(3,953,'ul','1990-11-20 15:58:17','1991-01-08 22:10:30'),(3,958,'in voluptate velit e','1990-02-17 11:05:13','1982-11-14 09:09:06'),(3,960,'reprehenderit in vol','1991-03-06 15:33:59','1990-10-24 04:51:00'),(3,968,'in culpa qui offic','2018-02-03 20:35:02','2015-09-29 20:12:53'),(3,973,'ad minim veniam,','2017-06-06 14:08:55','1997-07-10 14:41:11'),(3,975,'Excepteur s','2005-10-16 17:38:48','1983-10-29 07:52:08'),(3,976,'sint occaecat ','1987-05-23 05:45:28','2013-06-06 14:14:17'),(3,977,'officia deserunt mol','2016-08-25 02:11:11','1982-11-13 05:00:42'),(3,980,'culpa qui ','1997-02-02 18:32:20','2009-04-15 03:00:48'),(3,981,'qui off','1987-08-24 17:57:35','1984-01-27 12:48:14'),(3,983,'nisi ut aliquip e','2018-06-05 04:44:07','2011-02-18 12:27:01'),(3,984,'aborum.Lorem ipsu','2002-07-15 03:01:34','1995-12-27 11:59:27'),(3,987,'exercitatio','1986-11-29 00:45:23','1988-07-28 07:05:20'),(3,990,'el','1980-10-25 18:12:55','2010-10-29 11:03:54'),(3,991,'Excepteur s','1992-07-07 04:10:33','1999-06-25 18:36:27'),(3,992,'ull','1986-04-30 03:36:34','2003-07-25 12:36:42'),(3,1000,'id est laborum.Lo','2017-07-31 05:38:48','1989-02-12 12:11:14'),(3,1003,'ut labore et do','2019-05-29 10:54:33','2004-10-27 19:21:54'),(3,1004,'consequat.','2019-05-20 04:07:32','2000-10-19 19:05:52'),(3,1016,'Ut','1985-11-15 14:33:26','1986-12-21 17:17:27'),(3,1018,'volu','1999-03-26 09:28:12','2016-02-17 14:26:50'),(3,1026,'orum.Lorem ipsum do','2008-05-21 16:15:57','2006-05-30 19:34:12'),(3,1034,'anim id','2012-12-25 19:51:00','2005-10-12 14:02:02'),(3,1038,'ut labore e','1982-03-09 08:32:59','2010-08-31 03:44:36'),(3,1040,'dolo','2011-04-20 10:21:57','2014-11-10 09:25:34'),(3,1043,'id es','1989-02-02 22:32:18','2007-10-26 07:50:06'),(3,1046,'id est la','1987-12-01 13:07:11','2005-12-05 23:04:36'),(3,1047,'in voluptat','2012-10-25 09:16:47','2014-09-22 07:07:12'),(3,1051,'cupidatat ','1988-09-21 05:10:46','2019-08-03 23:53:57'),(3,1052,'id est','2001-01-18 23:19:19','2004-03-19 23:38:48'),(3,1053,'ea commodo ','2011-02-23 17:37:24','2007-08-11 20:57:52'),(3,1055,'sint occae','1985-11-09 09:51:19','1989-02-03 16:59:19'),(3,1058,'esse cillum dolore e','2002-12-07 08:24:14','2013-07-23 10:06:31'),(3,1060,'sunt in culpa','2013-05-08 04:00:43','2005-10-01 12:11:59'),(3,1064,'Ut','2012-04-26 21:09:18','2014-12-19 11:25:29'),(3,1065,'magna aliqua. Ut','1993-02-25 14:27:09','1995-06-11 15:10:03'),(3,1069,'veniam, qui','1994-11-14 13:30:38','2006-05-04 21:58:59'),(3,1070,'commodo consequa','2000-05-04 01:10:01','1990-05-11 02:18:47'),(3,1080,'sunt in culpa qui ','2014-09-30 17:08:02','1985-07-13 20:10:40'),(4,1,'velit ','2007-12-19 16:41:00','2005-03-24 19:28:56'),(4,7,'consequat. Du','2007-08-01 00:32:41','2013-06-24 21:22:11'),(4,9,'sit amet, co','2010-10-10 13:09:35','1996-07-23 09:13:42'),(4,10,'quis','2010-04-14 06:39:15','2003-02-28 00:39:16'),(4,11,'e','1981-05-20 10:32:21','1987-10-29 17:50:17'),(4,14,'ad mi','2019-09-16 00:19:19','1994-10-06 09:44:49'),(4,15,'ni','1983-06-25 05:34:39','2015-12-28 18:50:52'),(4,16,'Duis aute ir','2013-02-02 13:20:41','2002-05-08 11:05:55'),(4,23,'ullamco la','1988-09-23 05:50:23','2016-02-23 01:01:01'),(4,24,'cul','2005-10-11 08:01:57','2019-10-25 16:22:34'),(4,27,'Ut enim','2010-03-17 18:29:16','1999-07-21 14:56:07'),(4,30,'in voluptat','2005-11-21 20:44:57','1980-04-05 16:23:13'),(4,31,'eiusmod tempor i','2012-09-29 09:18:09','1980-06-17 07:19:22'),(4,32,'ad minim veniam, ','1985-03-31 09:46:14','1999-09-18 02:27:47'),(4,42,'eu fugia','2011-08-21 17:47:48','2014-05-30 07:12:52'),(4,44,'dolor in rep','2012-06-25 12:02:27','1990-04-04 07:24:25'),(4,45,'mi','2015-11-07 01:02:43','2010-05-29 18:08:34'),(4,55,'null','2015-02-20 17:11:13','2019-04-23 17:29:47'),(4,61,'exercitat','2017-06-30 18:52:06','1990-10-15 05:10:12'),(4,67,'Duis au','2006-05-31 07:47:37','1980-08-28 20:19:33'),(4,69,'velit ess','2001-10-24 21:26:36','2019-03-23 07:00:27'),(4,73,'magna aliqua. Ut eni','2001-08-12 09:33:35','2007-11-28 13:36:14'),(4,75,'d','1983-09-25 17:30:37','2015-06-06 12:44:25'),(4,78,'laboris nisi ut','1987-10-12 12:32:54','2017-07-30 07:34:14'),(4,80,'c','1991-10-21 02:24:29','1997-12-03 09:55:26'),(4,81,'dolore eu fugiat n','1991-10-23 16:09:06','2004-02-06 05:54:22'),(4,84,'a','2017-10-02 15:57:57','1988-06-29 12:25:43'),(4,88,'non proident, sunt','1994-09-05 18:35:50','2014-08-18 02:14:42'),(4,90,'magna ali','1992-01-11 20:43:15','1984-09-24 17:15:52'),(4,94,'sint o','1983-01-09 22:50:41','1994-02-04 04:05:39'),(4,96,'adipi','1991-07-26 22:16:40','1995-11-20 22:05:21'),(4,97,'Ut e','1996-02-15 12:26:52','1987-01-16 14:38:43'),(4,103,'sunt i','2002-11-19 10:36:09','2004-04-25 21:55:09'),(4,104,'anim i','1991-08-13 23:52:14','2000-12-10 09:28:14'),(4,107,'et dolore m','1984-04-11 13:18:33','2018-01-19 05:36:27'),(4,111,'eiusmod tempo','2014-12-24 12:06:37','1986-07-28 14:45:44'),(4,118,'elit, sed do','1994-12-07 16:49:04','1994-10-04 17:14:28'),(4,119,'ex ea commod','2000-06-24 11:31:08','2018-12-31 22:26:17'),(4,124,'sed do eiusmod ','2005-02-15 14:14:14','2003-02-25 17:55:44'),(4,126,'cupida','1988-07-01 05:44:16','1982-09-18 00:20:00'),(4,130,'cupidatat non pr','2014-09-30 12:54:29','1983-06-02 18:32:25'),(4,135,'ve','1987-01-22 19:15:28','2010-09-22 01:13:21'),(4,136,'nisi ut aliquip ex ','2016-04-09 10:50:57','2004-06-05 03:54:49'),(4,137,'eu fugiat nulla','2014-04-22 02:50:17','1991-11-23 10:57:39'),(4,138,'d','1996-07-07 13:27:51','1995-04-23 18:59:56'),(4,139,'anim id est l','2009-04-16 23:54:10','1980-07-13 04:00:21'),(4,145,'sit amet, con','1988-01-12 00:24:24','2014-07-07 22:54:49'),(4,160,'et do','2017-09-15 00:35:23','2001-06-25 09:58:18'),(4,176,'Ut','2013-04-14 15:12:03','2014-12-03 03:53:34'),(4,178,'sunt in cu','2014-10-26 21:53:30','2013-09-07 10:15:13'),(4,179,'commodo conse','2016-08-18 04:53:57','2010-11-09 15:24:23'),(4,181,'do eiusmo','1996-12-28 02:21:18','1999-02-20 18:34:56'),(4,188,'cupidatat non','1991-02-21 08:12:24','2014-04-16 02:05:13'),(4,196,'e','1996-05-18 20:48:45','1982-03-25 21:27:30'),(4,200,'nisi ut aliquip ex ','1993-12-05 22:04:04','2009-11-10 03:10:50'),(4,201,'in voluptate ve','2017-11-13 08:17:36','1996-05-27 04:34:20'),(4,202,'id est laborum.','2017-02-13 23:05:16','1984-06-11 21:28:01'),(4,223,'ea com','1983-09-21 11:44:20','2018-07-08 13:06:56'),(4,226,'ut labore et dolore','2012-06-18 04:55:36','2000-04-27 15:48:22'),(4,228,'voluptate velit esse','1983-12-09 21:35:43','1993-05-11 13:17:32'),(4,231,'in reprehenderit i','2019-01-22 04:12:23','2006-02-08 14:29:01'),(4,232,'in voluptat','2004-02-29 19:15:12','2002-09-29 20:02:23'),(4,234,'eu ','2001-03-10 07:25:07','1986-02-26 12:50:23'),(4,235,'Excepteur sin','1998-02-01 06:06:15','2000-01-04 05:21:46'),(4,243,'aliqua. Ut enim','1993-05-11 17:10:09','2013-03-12 05:27:59'),(4,244,'Duis aute irure dolo','1998-12-25 04:56:06','1982-01-29 22:38:36'),(4,248,'exercitati','1983-04-10 13:36:28','1997-09-02 19:58:08'),(4,255,'in ','2007-02-15 04:23:08','2016-09-02 14:59:29'),(4,262,'c','2004-11-26 10:06:54','2012-05-21 00:36:35'),(4,275,'non proident,','2014-01-31 07:36:07','1980-02-12 19:40:40'),(4,276,'nostrud exerc','2018-03-15 18:37:43','2011-08-04 17:45:01'),(4,277,'adipisci','2010-12-11 15:57:25','2001-11-14 22:44:24'),(4,288,'dolor ','1988-11-06 22:54:04','1980-06-11 23:42:07'),(4,290,'ullamco laboris','2012-05-19 02:47:32','1982-12-19 22:41:20'),(4,293,'nisi','1997-02-10 04:07:18','1980-05-22 11:33:22'),(4,294,'veniam, ','2013-04-14 07:06:48','2003-12-01 23:16:30'),(4,299,'sed do eiusmod ','1987-10-24 15:43:53','1999-12-02 02:51:16'),(4,302,'non proident, su','2017-06-09 23:00:25','2002-05-03 19:18:44'),(4,303,'adipiscing elit, se','2013-07-25 04:27:17','2007-08-20 18:24:59'),(4,304,'ma','2005-04-15 12:47:27','2007-07-16 20:49:34'),(4,312,'ut labor','1980-08-22 04:06:49','2006-06-19 03:44:41'),(4,313,'adipiscing elit, ','2019-02-06 12:44:53','1984-05-23 18:36:05'),(4,319,'quis nostrud ex','2014-07-14 03:33:05','2016-10-14 13:09:08'),(4,320,'sed do eiu','2008-07-07 09:49:36','2002-08-10 02:25:31'),(4,321,'Duis aute irure do','2006-02-08 16:29:16','1989-03-23 11:10:51'),(4,323,'non p','1997-08-30 13:28:40','2006-09-18 01:34:56'),(4,324,'in culpa qui off','1995-06-28 15:23:18','1996-05-19 08:31:16'),(4,327,'officia deserunt mo','2011-05-29 13:49:16','1999-04-19 09:04:42'),(4,329,'mollit','1988-09-07 01:01:16','1986-02-13 08:54:50'),(4,335,'nulla pariatur. ','2007-12-14 19:28:01','2000-03-14 19:56:15'),(4,337,'Except','1992-10-23 02:25:47','1985-07-28 07:23:17'),(4,340,'cupidat','1989-09-24 13:06:40','1994-10-23 09:36:17'),(4,343,'si','2015-03-13 12:07:58','2019-11-17 04:02:16'),(4,360,'est laborum.Lorem','2018-02-02 11:55:45','1984-02-27 07:10:18'),(4,361,'ullamco lab','1983-10-20 12:48:16','1995-01-13 18:44:06'),(4,362,'pariatur. E','2015-02-05 06:57:14','1991-04-06 19:42:15'),(4,367,'nulla pariatu','2004-04-13 13:37:05','2006-06-22 16:40:28'),(4,368,'id est laborum','2018-11-24 16:50:40','1985-01-12 14:51:19'),(4,372,'dolor','1986-06-26 09:57:06','2000-10-15 21:44:10'),(4,374,'consequat. Duis aut','1986-05-06 08:46:58','2018-03-22 15:38:54'),(4,378,'non proide','1997-02-05 07:22:21','2014-12-09 09:33:09'),(4,385,'eli','1990-09-13 08:08:55','2016-04-05 08:51:22'),(4,389,'quis nostrud exerci','1983-04-19 16:27:32','2005-05-10 08:22:36'),(4,390,'sit amet, consectet','2019-02-05 18:28:59','1981-05-26 06:05:55'),(4,391,'sunt in cu','2003-04-13 13:53:54','2017-01-05 11:56:14'),(4,405,'aborum.Lor','1981-01-29 19:54:53','1985-01-01 10:32:26'),(4,407,'mollit','2003-01-27 06:46:40','1994-05-13 22:05:13'),(4,411,'laboris nisi ut ','1989-11-04 18:59:47','2016-07-18 20:09:59'),(4,413,'nisi ut aliquip ex e','2002-10-20 18:03:45','1996-08-06 20:36:31'),(4,414,'sint occaecat ','1994-02-17 05:24:22','1992-11-13 01:39:00'),(4,417,'in voluptate vel','1997-12-04 15:43:15','2002-10-06 18:01:25'),(4,420,'in voluptat','1996-02-16 16:54:02','2008-06-20 06:31:17'),(4,428,'irur','2000-04-11 20:43:52','1984-09-19 18:45:51'),(4,435,'dolor sit amet, co','2007-06-30 05:42:05','1997-08-25 04:27:52'),(4,436,'consequ','1980-11-07 11:05:18','1981-01-04 04:55:44'),(4,438,'la','1984-01-16 04:19:17','1986-03-09 18:30:27'),(4,439,'Ut e','2015-03-29 16:44:48','2019-12-12 02:49:16'),(4,442,'irure dolor in repr','1987-06-16 18:57:04','1990-02-16 06:37:34'),(4,443,'elit, sed do eiusmo','2005-05-02 04:47:47','2003-09-12 03:52:09'),(4,445,'mollit anim ','1986-06-16 13:05:11','1998-06-16 09:33:31'),(4,448,'v','2014-12-12 10:05:25','2009-11-29 08:46:00'),(4,450,'moll','1980-07-03 23:07:50','2009-10-05 09:26:15'),(4,455,'non proident, sun','2011-04-13 21:20:29','2012-04-08 13:43:33'),(4,456,'Excepteu','2013-12-23 05:36:00','1981-01-09 03:44:38'),(4,457,'Duis aute ','1990-07-08 08:51:13','2001-05-29 12:44:40'),(4,461,'Ut enim ad ','1989-09-30 06:19:13','2001-11-01 18:03:50'),(4,462,'eiusmod temp','2007-05-19 02:53:22','1987-11-20 22:00:52'),(4,474,'amet','2017-12-14 16:56:45','1986-03-21 22:12:31'),(4,475,'enim ad minim v','1984-12-26 03:29:04','1982-03-31 12:27:50'),(4,476,'Ut enim ad minim','1985-05-18 11:47:53','1990-07-16 10:21:51'),(4,492,'Duis aute irure dolo','1985-09-12 19:51:23','1995-09-14 02:57:26'),(4,498,'nisi ut aliq','1996-05-08 09:32:45','2010-01-24 22:05:08'),(4,500,'id est laborum.','2003-06-10 03:31:11','2006-12-13 21:57:37'),(4,505,'sin','1996-10-24 07:00:29','1999-01-08 18:55:52'),(4,507,'sunt in culpa ','2008-04-16 06:45:17','1996-04-24 17:17:24'),(4,514,'labore et dol','2006-03-01 15:54:22','1988-04-16 22:04:21'),(4,521,'ipsum dolor sit a','2005-02-18 15:55:19','2016-11-17 22:48:08'),(4,522,'dolor sit amet, con','1993-05-29 15:53:55','1983-02-26 04:35:57'),(4,530,'v','1999-03-30 23:11:39','2015-05-06 00:40:02'),(4,533,'Duis aute irure dolo','1995-02-20 20:42:15','1996-12-26 07:38:03'),(4,534,'in','2000-11-25 20:56:47','1993-08-10 00:13:26'),(4,538,'eiusmod te','2006-07-13 19:58:20','1982-12-07 19:43:12'),(4,539,'Duis aute i','2003-06-01 02:14:18','1999-05-23 11:27:40'),(4,543,'Duis aute','2013-10-05 13:40:59','1983-02-15 13:14:11'),(4,548,'non pro','1983-01-25 17:31:35','1991-07-01 17:17:05'),(4,551,'a','1980-07-18 00:51:04','1987-02-16 21:26:18'),(4,561,'exercit','1982-11-23 05:59:58','1996-07-13 23:05:13'),(4,562,'in voluptat','1990-02-01 22:03:40','1999-09-22 14:03:58'),(4,563,'minim veniam, q','2007-01-22 22:36:00','1995-10-16 19:28:38'),(4,568,'moll','2010-12-27 03:19:13','2018-10-29 18:27:43'),(4,569,'sunt in cul','1991-03-06 03:01:49','2010-09-23 09:15:19'),(4,571,'elit,','1987-09-29 21:50:58','2000-03-17 20:29:30'),(4,572,'cillum dolore eu','1981-12-11 18:35:04','2011-10-04 14:57:46'),(4,573,'dolore eu fugiat','1985-10-14 11:29:32','1990-02-08 20:45:05'),(4,576,'ipsum dolo','1982-01-12 13:49:44','2004-09-05 02:31:43'),(4,577,'et dolore magna','1988-06-19 16:35:01','1981-12-16 16:05:07'),(4,578,'quis nos','1999-08-31 13:55:54','2006-06-07 21:06:43'),(4,579,'ulla','1985-08-06 17:20:49','1980-03-08 22:23:59'),(4,584,'voluptate velit ess','2019-06-03 05:30:05','2014-11-21 03:22:37'),(4,586,'eu fugiat nulla pari','2013-06-05 23:44:36','1994-06-24 10:39:11'),(4,589,'consectet','2007-07-13 16:06:08','2018-01-06 08:14:22'),(4,594,'tempor inci','1984-04-17 06:38:18','2014-06-12 15:03:33'),(4,596,'reprehende','2019-07-13 02:08:26','2018-09-30 03:45:21'),(4,601,'i','1990-04-25 18:43:04','2001-01-10 21:01:33'),(4,606,'s','1996-09-13 08:49:17','1989-06-16 17:41:06'),(4,610,'nu','2019-09-01 23:26:26','1980-03-01 19:39:35'),(4,611,'ullamco la','1989-09-23 06:26:57','2005-04-16 19:30:17'),(4,619,'minim venia','1988-10-29 12:29:10','2003-05-07 06:08:30'),(4,620,'sed do eiusmod ','1992-05-31 06:46:28','2005-08-22 17:54:00'),(4,621,'nisi ut','2016-08-03 05:18:26','2018-01-23 11:52:39'),(4,628,'commodo consequat. ','1995-12-22 05:38:20','1981-06-17 13:12:20'),(4,631,'quis nostrud ex','1986-07-22 17:16:49','2017-03-17 00:00:43'),(4,633,'ullamco labori','1990-07-06 17:36:02','1995-02-25 07:31:50'),(4,641,'elit, ','2014-04-09 01:03:02','2010-07-17 03:53:50'),(4,642,'culpa','1980-02-09 05:34:55','1998-06-16 00:08:50'),(4,644,'sunt in culpa q','1988-08-17 02:54:00','1986-01-03 17:24:47'),(4,647,'dolore eu fugiat nu','1981-06-27 16:52:14','1994-06-12 23:06:30'),(4,649,'.','1989-03-08 01:28:39','1986-07-20 18:58:56'),(4,654,'adipisci','2007-01-25 19:40:22','1997-02-01 20:48:35'),(4,655,'sit amet, cons','2006-01-10 08:54:25','1995-11-13 20:34:10'),(4,657,'sed do eiusmod te','2018-12-23 17:05:49','1999-08-09 06:34:45'),(4,662,'in culpa qui of','1995-05-03 07:54:17','1992-10-28 17:24:30'),(4,663,'eu fugi','2004-05-22 17:13:48','1988-06-17 15:34:36'),(4,666,'ut aliquip','2012-09-25 16:07:06','2011-01-02 19:12:40'),(4,668,'tempor incididun','2000-03-10 14:45:43','2014-01-18 13:34:27'),(4,669,'sunt in culpa qui ','2012-05-03 14:42:41','1986-11-04 13:10:30'),(4,670,'dolore eu fugiat nul','2006-06-07 15:33:58','2017-03-25 00:36:38'),(4,671,'m.Lorem','1995-12-02 09:51:14','2016-12-12 20:51:32'),(4,680,'aliq','2012-08-31 17:34:31','1996-04-19 20:05:54'),(4,681,'qui officia dese','2002-03-20 15:26:47','1993-12-22 20:24:59'),(4,685,'qui','1980-04-01 12:20:52','2013-11-23 18:19:00'),(4,686,'aut','1987-08-23 15:39:08','2017-01-10 15:37:38'),(4,687,'Excepteur sint ','1992-12-25 08:43:06','2005-01-28 22:31:28'),(4,693,'quis nostr','1992-04-10 20:55:59','1997-12-27 12:45:55'),(4,694,'eu fugiat','1988-04-17 00:33:09','2014-10-29 09:31:05'),(4,703,'magna','1984-01-24 04:07:29','2003-02-22 00:58:01'),(4,716,'id est laborum','1998-11-22 04:17:23','1999-07-30 12:24:29'),(4,718,'ut labo','1983-05-04 11:24:15','2012-12-13 10:16:34'),(4,719,'si','1989-09-17 07:37:07','1980-08-07 18:14:52'),(4,724,'ma','1985-05-06 20:13:41','2000-01-23 10:28:20'),(4,728,'ad minim veniam, qui','1983-08-28 07:12:53','1980-02-25 09:05:25'),(4,730,'adipisc','1980-02-24 21:10:23','1981-11-02 18:39:50'),(4,731,'magna a','1997-01-29 01:09:40','1987-03-25 04:05:18'),(4,744,'nostrud ex','2000-11-18 18:11:43','2006-06-30 00:20:23'),(4,750,'t','2000-12-16 08:35:32','1982-05-31 00:29:42'),(4,753,'aliqua. Ut e','2014-01-27 21:58:44','1982-05-29 23:19:07'),(4,754,'qui off','2002-09-01 00:14:48','2019-11-30 06:14:06'),(4,763,'dolor sit amet, co','2005-04-25 16:01:42','2011-05-04 22:18:25'),(4,764,'velit esse ','2014-08-31 23:50:31','1997-06-08 02:58:36'),(4,765,'cons','1991-10-13 09:09:58','1982-03-06 22:49:57'),(4,770,'sunt in culpa qu','1996-12-13 21:26:04','1999-09-28 11:31:42'),(4,771,'ips','1985-06-06 21:30:09','2015-02-16 15:02:32'),(4,776,'adipiscing elit, sed','2016-10-31 01:02:12','1983-02-24 16:14:02'),(4,779,'sint occaecat','2013-10-25 04:18:01','1985-12-16 07:54:56'),(4,788,'rum.Lorem','1994-10-05 05:56:00','2011-05-03 08:49:50'),(4,790,'eu fugiat nulla','1983-01-15 05:40:11','1984-08-02 08:37:19'),(4,804,'id est labor','2013-08-17 08:19:32','1986-01-28 14:00:38'),(4,805,'tempor incidid','1995-10-12 05:05:34','2000-06-23 04:29:42'),(4,808,'nisi ut aliqui','2007-08-29 10:00:00','2000-01-06 18:35:05'),(4,823,'cupidatat non','2002-02-07 04:45:42','1994-03-16 03:44:35'),(4,828,'tem','1994-09-17 17:31:34','2006-12-17 13:42:23'),(4,831,'non proident, sunt i','2018-01-01 23:10:05','2003-01-25 23:39:09'),(4,832,'non proident, sunt','1983-02-06 14:39:27','1989-07-20 00:50:32'),(4,833,'do eiusmod tempo','1999-12-26 10:05:13','2019-11-02 15:32:17'),(4,839,'ul','2009-09-01 10:55:44','2000-04-29 14:34:11'),(4,842,'laborum.Lor','1995-09-04 05:38:30','2013-03-10 23:42:05'),(4,845,'cu','2004-03-26 20:49:02','1988-12-02 14:32:42'),(4,849,'Duis aute iru','2014-07-06 05:19:25','1990-03-29 10:12:50'),(4,850,'Ut enim','2007-03-20 18:32:22','1985-09-01 07:23:07'),(4,870,'dolor i','2003-04-09 03:42:27','1999-10-16 17:37:04'),(4,873,'ipsum dolor sit amet','1981-11-25 03:31:53','1983-10-20 15:45:38'),(4,874,'occaecat','2018-12-02 09:16:43','1989-02-28 19:41:16'),(4,878,'vel','1999-07-29 23:26:46','1992-08-17 08:42:14'),(4,886,'veniam, quis nos','1989-06-28 22:10:44','1998-09-23 14:39:08'),(4,887,'ex ea commodo con','2001-09-23 19:33:09','2013-01-24 19:06:11'),(4,888,'des','1992-10-08 14:50:15','1982-11-26 17:18:47'),(4,889,'ut aliqu','1994-07-15 00:38:22','2011-04-28 17:33:28'),(4,896,'pariatu','1985-12-04 10:36:28','1995-09-04 12:04:11'),(4,898,'ipsum dolo','1991-03-08 09:49:38','2015-11-29 23:42:26'),(4,923,'pariatur. ','2001-06-21 12:47:37','1987-04-10 17:50:33'),(4,927,'e','1994-03-06 18:33:20','2008-01-02 02:30:08'),(4,929,'nostrud exercita','1980-01-10 20:02:59','2004-06-05 08:51:05'),(4,932,'exercitatio','1980-03-31 20:33:34','1980-07-23 11:20:16'),(4,938,'laboris ','2010-04-28 04:13:08','2015-04-30 23:01:00'),(4,950,'non proident, sunt i','2001-04-08 14:40:10','1993-03-17 19:07:57'),(4,965,'Ut enim ad mini','2009-07-14 22:15:22','1990-12-22 23:56:39'),(4,966,'reprehenderit in ','2000-04-02 06:55:36','1980-05-09 21:01:58'),(4,967,'tempor','2002-01-13 18:23:11','1991-04-26 22:07:23'),(4,973,'magna aliqua. U','2001-08-15 16:04:59','2011-08-01 18:48:42'),(4,977,'consect','2008-03-19 00:52:08','1993-08-03 15:38:23'),(4,981,'d','2009-05-15 12:52:26','2000-11-11 06:30:33'),(4,983,'dolore ','1996-02-26 08:39:42','1980-02-21 15:26:00'),(4,984,'a','2000-05-16 16:26:51','1983-10-31 16:29:24'),(4,990,'irure dolor in ','1981-03-30 09:46:37','2014-06-13 04:59:08'),(4,995,'magna aliqua. Ut eni','1992-06-05 09:18:44','1993-08-25 11:49:50'),(4,1001,'Excepteur si','1997-11-08 15:09:14','2015-12-18 13:08:47'),(4,1009,'eiusmod temp','2018-12-31 04:09:11','1980-11-07 19:21:12'),(4,1016,'voluptate velit e','2010-03-03 14:19:18','1992-06-03 20:30:11'),(4,1025,'nisi ut aliqui','1993-10-24 14:30:47','1992-01-21 20:21:06'),(4,1035,'e','2003-10-25 23:58:41','2013-09-09 13:10:04'),(4,1043,'culpa qu','1992-07-11 20:22:53','2019-10-20 09:20:16'),(4,1044,'veniam, quis nostru','1991-02-19 13:50:40','2000-02-14 00:13:52'),(4,1046,'dol','1999-04-25 01:45:07','2002-05-11 23:38:14'),(4,1050,'laboris nisi ut ali','2006-07-01 16:30:52','2005-06-06 21:53:27'),(4,1052,'elit, s','1982-10-26 03:00:09','1986-11-08 02:06:08'),(4,1060,'d','1995-04-24 14:28:11','2012-06-25 14:50:16'),(4,1065,'labore et dolore mag','1988-05-30 15:47:45','2001-10-08 15:18:11'),(4,1067,'au','2004-08-23 06:15:12','2019-12-07 01:04:20'),(4,1069,'exercita','2001-12-24 13:16:30','2019-08-12 07:48:42'),(4,1073,'Duis aute iru','1993-12-28 07:40:30','2018-08-19 00:33:50'),(4,1077,'Ex','2019-09-29 04:35:58','1988-05-17 11:17:54'),(5,5,'anim ','1983-12-14 15:37:20','2010-02-28 16:16:18'),(5,17,'ullamco lab','2009-09-02 04:02:04','1990-04-13 05:26:39'),(5,24,'nostr','2018-04-04 08:20:44','1989-10-02 08:35:34'),(5,27,'Excepteur ','1984-05-23 07:45:35','1999-10-01 07:43:28'),(5,31,'consequa','2015-06-21 07:54:09','2001-12-04 19:08:32'),(5,32,'occaecat cupid','2002-03-19 08:34:36','2008-04-06 03:30:51'),(5,36,'sunt in culpa ','2009-09-24 16:50:19','1999-07-16 10:44:26'),(5,37,'adipiscin','2017-11-03 08:35:29','2008-11-08 02:09:30'),(5,41,'cillum dol','2019-05-17 22:54:10','1983-12-24 13:22:49'),(5,48,'mol','1993-01-21 14:12:38','1988-09-03 18:12:28'),(5,50,'laboris nisi ','1990-08-05 05:46:38','2018-05-02 03:58:42'),(5,51,'sunt in culp','1982-07-09 20:35:25','2010-07-15 20:57:11'),(5,61,'nisi ut aliquip e','2005-11-23 01:46:14','2009-02-01 15:56:13'),(5,65,'sunt in cul','2019-07-14 19:32:12','1985-07-18 01:25:32'),(5,67,'et dolore magn','2007-04-14 21:19:33','1993-04-15 21:00:23'),(5,78,'aut','2018-12-06 16:44:55','2006-01-01 00:00:49'),(5,85,'cillum ','1987-12-16 07:00:36','1980-05-03 18:55:25'),(5,92,'ut aliqu','2002-02-06 12:10:21','2006-10-11 12:27:48'),(5,93,'elit, sed do eiu','2010-02-12 03:03:52','2006-10-11 23:13:10'),(5,103,'in voluptate velit','2012-06-20 14:16:55','1980-01-07 02:07:27'),(5,106,'qu','2003-01-01 19:15:51','2000-01-20 22:10:48'),(5,109,'Duis aute irure','2010-02-12 09:25:11','2001-08-03 19:14:23'),(5,110,'anim id est lab','1981-07-16 22:27:22','1991-06-16 05:45:26'),(5,113,'amet, consectetu','1981-12-11 13:04:53','2016-09-23 11:36:21'),(5,116,'nulla paria','2015-05-06 10:28:09','2011-10-29 00:15:07'),(5,118,'incididunt ut ','2012-01-18 19:43:17','1991-06-10 05:59:43'),(5,119,'dolore e','1981-04-10 11:44:52','2018-03-31 00:05:51'),(5,124,'qui','1993-04-30 11:37:15','1988-05-16 03:40:46'),(5,126,'u','2008-07-16 03:16:43','1982-09-09 14:54:13'),(5,128,'nostrud exer','1981-01-19 07:07:42','2006-06-05 05:34:56'),(5,131,'tem','1991-04-21 05:19:53','2010-02-24 03:20:54'),(5,136,'laboris nisi ut ','2005-10-29 00:25:21','2005-01-17 14:19:35'),(5,138,'sunt in culpa qui ','1981-05-26 21:16:23','1999-08-24 01:56:58'),(5,139,'eiusmo','2014-10-14 22:09:17','2016-11-23 23:36:13'),(5,142,'proident, sunt in ','2004-11-24 07:10:49','1997-09-02 04:07:06'),(5,143,'irure do','2008-03-31 22:46:00','2006-11-06 07:19:13'),(5,152,'nulla pari','1984-02-08 07:41:16','1988-04-30 21:22:28'),(5,153,'Duis aute ','2011-07-01 18:55:09','1982-01-25 16:12:54'),(5,158,'voluptat','2005-12-25 09:52:22','2015-05-12 22:36:30'),(5,159,'exercitation ','1987-10-11 12:20:42','1986-08-13 23:37:53'),(5,161,'dolore eu ','2016-03-22 21:04:52','2007-12-14 14:10:00'),(5,163,'d','1980-08-09 21:25:38','1985-07-03 17:56:30'),(5,164,'tempor in','1989-02-14 00:19:37','2002-02-15 10:20:43'),(5,171,'non proide','1996-05-12 10:21:53','2009-11-27 14:23:53'),(5,189,'cupidatat no','1982-05-07 02:46:36','2006-10-16 12:41:18'),(5,190,'pariatur. Ex','2010-05-16 22:11:23','2008-02-12 20:58:44'),(5,193,'ex ea co','1998-08-10 22:53:40','1988-11-22 07:31:05'),(5,195,'au','1986-05-29 06:25:17','1980-04-15 17:20:53'),(5,196,'Excepteur s','2009-01-21 15:20:14','2012-10-15 01:56:08'),(5,202,'velit esse cillum d','1983-03-30 09:29:05','2011-06-10 16:32:54'),(5,205,'occaecat cu','1993-03-14 09:40:38','2009-10-06 01:11:15'),(5,210,'ad minim veniam, q','2005-04-10 07:07:40','1990-12-25 14:38:18'),(5,222,'t','1994-03-06 05:20:18','2015-03-31 06:54:01'),(5,225,'Duis au','1986-04-09 20:37:46','1993-01-26 11:55:17'),(5,226,'qui offi','2008-06-02 06:29:20','1982-12-15 18:34:59'),(5,227,'tempor ','2011-02-12 19:11:14','1991-08-11 13:33:50'),(5,229,'anim id est labor','1998-05-27 07:01:32','2010-12-27 18:59:25'),(5,232,'Excepteur sint occa','1994-08-10 07:53:53','1985-12-20 13:56:55'),(5,238,'velit es','1993-04-23 20:36:25','1995-10-09 18:41:26'),(5,241,'inci','2017-11-18 15:16:08','1993-10-31 00:03:46'),(5,253,'sunt in culpa qu','1996-03-14 19:28:16','2014-12-09 22:41:33'),(5,254,'eu','2000-04-22 14:11:39','1980-12-04 19:05:32'),(5,255,'fugia','1987-11-24 00:52:46','2016-06-14 07:19:56'),(5,256,'magna aliq','2014-01-31 14:22:16','1997-10-30 10:23:20'),(5,257,'sint occae','2004-01-28 07:15:44','1986-01-19 04:21:27'),(5,262,'in voluptate v','1990-12-11 05:25:36','2018-01-08 06:46:47'),(5,263,'Lorem ipsum dolor si','1989-05-11 06:52:18','1991-01-11 04:26:12'),(5,264,'eu fugiat','1989-10-10 02:00:03','2000-01-05 20:10:50'),(5,265,'ad minim veniam, qu','2006-07-24 15:50:04','2005-07-02 14:43:05'),(5,266,'fu','2000-05-14 02:58:09','2019-05-29 15:51:32'),(5,267,'esse cillum dolore','1985-11-21 03:13:08','2010-01-22 14:14:55'),(5,271,'ullamco laboris nisi','1998-07-21 05:18:26','1986-08-13 14:12:30'),(5,284,'Ut enim a','1990-05-04 06:42:47','2016-04-19 02:38:44'),(5,288,'sed d','2009-09-03 00:27:36','2005-12-03 21:44:41'),(5,290,'consequat. Duis','1982-08-06 15:32:46','1990-03-24 11:28:08'),(5,293,'consequat','2015-01-13 03:49:36','2012-05-18 09:20:14'),(5,295,'non proident, sunt','2008-10-07 19:56:33','2008-11-08 13:01:45'),(5,296,'ut labore et','2005-11-13 23:14:17','1987-03-10 01:13:23'),(5,302,'.','2011-01-06 13:03:45','1984-04-27 19:46:16'),(5,311,'mollit anim id est','2004-12-20 15:56:43','2002-01-13 10:28:22'),(5,312,'ull','1987-04-25 14:50:15','2007-03-27 08:52:42'),(5,313,'non proident, ','1981-02-04 23:37:56','2015-06-14 06:39:30'),(5,318,'dolo','1986-01-13 03:22:51','2012-09-03 13:57:33'),(5,319,'tempor i','1980-09-08 11:53:18','2019-12-04 08:06:35'),(5,322,'do','1980-06-19 21:09:34','2010-07-24 12:33:49'),(5,326,'mag','1991-04-13 23:45:04','2008-09-02 02:41:55'),(5,328,'mol','1989-04-29 19:01:37','1993-07-09 07:40:30'),(5,335,'deserun','1984-07-16 14:50:34','2015-12-13 07:01:05'),(5,343,'eiu','1991-04-23 11:20:33','2017-08-13 19:58:31'),(5,345,'enim','2006-10-24 01:19:40','1980-03-10 17:19:33'),(5,349,'dolore magna ','2013-06-24 05:28:22','1992-03-08 08:21:50'),(5,350,'sunt in ','2005-02-24 14:18:04','2008-10-07 08:19:20'),(5,354,'tempor in','1987-09-05 01:39:14','2003-07-28 13:12:59'),(5,355,'sit amet, consecte','1986-01-07 08:45:43','2002-10-28 15:37:09'),(5,358,'nostrud exe','1985-12-03 00:49:07','1986-02-09 07:30:40'),(5,359,'ea co','2019-05-25 06:25:01','1992-06-19 23:16:01'),(5,365,'labor','1990-03-03 17:37:41','2002-03-06 06:54:53'),(5,370,'pariatur. E','2007-12-10 15:02:17','2002-04-18 09:39:25'),(5,371,'ullamco labori','2019-07-13 00:49:51','1985-08-06 18:54:57'),(5,372,'tempor incididun','2016-01-14 02:40:33','2014-03-25 02:12:45'),(5,374,'se','2013-06-05 02:38:52','2003-08-22 22:07:55'),(5,377,'mollit anim id e','2014-03-06 14:46:01','2003-02-22 16:24:17'),(5,383,'do eiusmod tempor in','2013-10-07 19:13:06','1987-03-16 13:13:51'),(5,391,'non proid','2012-04-22 08:42:48','1987-07-01 20:34:47'),(5,392,'ex ea commodo ','1998-10-24 07:41:07','2011-10-16 05:28:15'),(5,394,'conseq','1991-11-19 22:50:07','2017-04-03 13:38:45'),(5,396,'Duis aute irure','1990-12-14 16:51:16','1989-09-05 21:19:42'),(5,399,'ex ea commo','2018-10-15 13:13:58','1988-11-13 21:58:25'),(5,407,'ut labore et','1998-09-25 23:53:26','2008-08-02 18:47:23'),(5,410,'sunt in','1986-12-02 02:58:59','1990-10-15 15:21:58'),(5,416,'labo','2005-12-25 18:59:14','1985-02-10 08:20:41'),(5,418,'sint occaecat cu','2011-06-15 15:09:33','1994-01-19 20:11:37'),(5,422,'Duis aute','1998-10-21 14:40:12','1991-12-23 15:04:42'),(5,424,'dolor sit ame','1995-10-10 23:23:53','1989-01-31 04:57:18'),(5,426,'mollit','1984-02-20 16:05:04','1991-12-08 04:52:16'),(5,427,'consequat. ','2000-09-30 16:19:38','2012-07-03 14:01:50'),(5,428,'commodo','2006-02-28 19:15:01','1994-05-18 22:22:46'),(5,433,'qui offic','2019-06-03 15:54:11','2014-01-18 08:48:07'),(5,437,'dolor in repr','1993-07-05 22:39:07','2004-02-23 15:32:30'),(5,438,'laboris nisi ut al','1999-02-25 23:34:29','1982-10-01 02:27:48'),(5,442,'nulla pari','1995-04-10 19:17:06','1993-09-14 15:57:53'),(5,445,'nostrud ex','2015-02-27 22:52:25','1981-07-12 02:04:11'),(5,446,'enim ad m','1990-01-19 08:08:24','1994-10-10 13:19:00'),(5,457,'laboris nis','1991-11-26 10:06:42','1997-11-23 09:23:58'),(5,459,'in reprehender','1987-04-09 16:20:55','1999-03-17 10:08:34'),(5,467,'proident,','1984-12-18 02:24:09','2009-06-26 11:31:32'),(5,469,'mollit','1980-08-03 01:48:48','1990-12-22 23:31:32'),(5,470,'anim id est labor','1989-04-27 17:02:16','2003-02-18 12:10:38'),(5,471,'deser','2006-11-09 23:46:04','1980-08-20 17:26:10'),(5,476,'i','2010-08-03 07:16:21','1999-12-29 10:27:52'),(5,488,'et dolore magna a','2004-07-29 22:26:17','2006-11-14 03:42:18'),(5,491,'nulla pariatur. Exce','1981-01-06 11:04:45','1998-12-31 19:58:26'),(5,493,'ea commodo conse','2007-08-31 20:27:40','2004-05-27 19:25:25'),(5,496,'incididunt ut lab','2004-09-04 21:54:02','2014-03-19 22:36:29'),(5,497,'quis nos','1997-07-19 11:35:05','2015-06-05 20:41:24'),(5,498,'esse cil','1980-05-07 11:59:38','1984-03-16 13:04:04'),(5,501,'proident, sunt in ','1980-01-28 19:06:06','1981-01-28 12:26:25'),(5,511,'exercitation ','1999-07-20 15:00:28','1981-12-06 20:30:11'),(5,512,'proide','2003-05-23 04:58:32','1989-02-23 15:40:38'),(5,519,'qui officia','2011-12-11 14:47:09','2004-02-22 20:46:57'),(5,520,'nulla paria','2004-03-17 03:39:24','2004-12-08 09:18:51'),(5,524,'cillum dolore e','1987-01-04 02:16:35','2008-04-13 06:37:15'),(5,534,'con','2012-09-04 18:49:19','2019-09-27 22:49:19'),(5,544,'deseru','1984-06-23 17:26:30','2017-09-25 07:07:29'),(5,545,'reprehenderit i','1997-12-21 01:01:10','2013-05-23 13:45:40'),(5,552,'dolore eu fugiat','2017-07-13 16:57:34','1981-05-02 23:50:28'),(5,555,'i','2008-03-06 11:19:27','2002-06-23 22:19:13'),(5,562,'in reprehenderi','1994-05-16 18:02:20','2002-04-30 13:43:03'),(5,567,'mollit anim ','1981-02-01 07:00:40','1985-03-17 13:44:46'),(5,568,'non proident,','1989-01-04 07:11:42','1983-03-11 03:28:43'),(5,569,'Excepteur sint ','1994-07-28 03:24:08','1992-09-10 19:19:17'),(5,574,'ut aliq','1980-11-20 21:58:57','2005-12-07 14:09:03'),(5,578,'quis nostrud e','1996-06-14 23:05:25','1994-09-29 00:41:33'),(5,579,'exercitation u','2018-08-29 13:11:04','1995-10-27 15:45:46'),(5,580,'Excepteur sint o','2000-12-08 21:15:08','2008-09-17 08:37:16'),(5,581,'labo','2001-11-30 11:57:25','1989-05-15 01:03:46'),(5,584,'tempor i','1993-05-26 20:36:35','1980-03-01 06:14:58'),(5,586,'aliqua. Ut enim','1984-09-06 04:17:47','1983-12-15 09:28:20'),(5,590,'tempor incididunt ut','1996-10-03 10:34:15','1990-01-03 16:26:54'),(5,593,'cupidatat non','2001-02-02 22:47:10','2016-08-02 14:18:22'),(5,597,'laboris nisi ','1999-04-21 12:32:08','2000-05-03 20:26:41'),(5,600,'in voluptate veli','1986-06-22 01:45:22','2019-07-22 17:18:37'),(5,604,'ut','2001-07-21 16:08:14','1999-10-15 11:47:54'),(5,608,'ut labore et dolore ','1998-02-08 20:41:26','1997-07-13 19:47:39'),(5,611,'adipi','2013-06-04 22:14:34','1994-03-07 09:20:21'),(5,615,'esse cillum dolore ','2005-10-24 13:37:35','1986-05-17 13:34:57'),(5,616,'reprehenderit i','1988-09-29 18:08:39','1986-07-22 03:48:06'),(5,623,'sit am','2003-05-26 02:42:54','2003-09-15 00:59:21'),(5,632,'et dolore magna a','1983-08-01 11:15:00','2019-09-10 08:36:46'),(5,633,'ut aliquip ex e','1997-05-22 01:58:37','2007-05-20 19:56:00'),(5,636,'quis n','1994-12-22 19:16:18','2018-10-19 14:16:19'),(5,638,'quis nostrud exe','1999-07-20 05:34:24','2000-01-01 22:21:14'),(5,639,'ullamco labori','1994-01-12 18:28:15','1998-09-02 21:51:52'),(5,646,'nostrud exercit','1981-08-18 00:46:44','1988-09-09 08:59:24'),(5,652,'in volup','2012-04-30 00:29:59','2006-10-28 02:22:37'),(5,653,'quis nostru','1993-09-24 11:11:05','1994-11-21 00:53:35'),(5,655,'dolore','1993-08-23 13:07:56','1980-12-26 23:08:46'),(5,657,'mag','2004-05-03 14:05:24','2010-10-20 16:05:00'),(5,658,'ullamco ','1985-02-21 01:23:54','2008-11-18 05:41:41'),(5,659,'sint o','2003-05-22 02:48:35','2005-02-20 16:32:33'),(5,664,'sit a','1980-07-04 15:20:11','2004-11-20 18:47:12'),(5,668,'sunt','1997-11-23 08:05:41','1985-04-01 10:02:28'),(5,674,'irure dolor in ','2019-10-26 12:31:07','2004-07-23 11:52:33'),(5,685,'elit, sed d','1980-07-28 23:59:18','2010-02-04 07:55:28'),(5,694,'eiusmod tem','1996-01-26 15:30:13','2009-03-26 00:55:21'),(5,698,'non proident, sunt','1997-10-24 01:41:10','2001-11-03 08:47:21'),(5,700,'dolor','1985-11-21 00:53:02','2007-06-04 03:05:00'),(5,702,'ullamco laboris nisi','1990-09-25 07:28:06','1985-04-06 10:56:28'),(5,704,'tempor inc','2004-08-29 10:26:00','2009-12-03 11:10:51'),(5,709,'nulla par','1990-02-22 10:55:12','2016-11-22 16:13:12'),(5,710,'incididunt ut lab','1981-06-16 04:27:46','2004-11-07 10:50:26'),(5,713,'dolore','1983-06-09 01:24:37','1996-04-12 08:32:16'),(5,716,'ad minim','1982-07-27 07:23:13','2017-11-23 18:44:51'),(5,718,'Excepteu','1995-08-27 22:36:27','2012-06-16 06:47:49'),(5,720,'a','1989-10-31 06:49:30','2012-11-11 05:04:17'),(5,732,'non pro','1989-05-01 21:20:06','1992-05-16 03:07:45'),(5,738,'aute irure dolor i','1992-02-23 03:21:57','2001-06-19 16:52:41'),(5,745,'cupidatat non ','2005-03-26 22:48:24','2009-05-02 00:18:08'),(5,746,'cillum dolore eu f','1985-05-29 17:17:47','1993-03-11 11:35:09'),(5,763,'nisi ut aliqui','1998-10-14 07:21:48','2014-05-28 07:18:36'),(5,764,'sunt in','2006-02-05 04:53:55','2008-10-25 19:50:24'),(5,765,'adipiscing elit, se','1991-06-09 01:23:23','2001-08-21 06:14:40'),(5,766,'tempor incidid','1993-10-31 15:48:52','1997-04-14 13:54:17'),(5,767,'ex ea commodo ','2019-11-08 12:34:50','2007-02-10 02:12:16'),(5,775,'Exc','1998-06-07 17:08:50','2009-12-26 04:40:18'),(5,780,'dolo','2006-09-18 19:03:43','1998-10-09 20:36:48'),(5,790,'nostrud exerci','2013-10-30 12:00:28','1983-07-03 14:58:39'),(5,792,'Duis aute irure do','1993-10-07 14:38:23','2001-12-04 15:11:31'),(5,794,'quis nostrud exerc','2010-03-14 14:38:25','1993-09-22 22:09:48'),(5,801,'U','1987-07-09 03:37:26','1996-12-26 23:05:51'),(5,803,'dese','2019-02-02 04:33:36','1984-05-12 15:41:45'),(5,805,'officia deserunt','1994-07-11 20:32:41','2011-05-13 11:02:48'),(5,813,'dolore eu fugiat n','1987-11-28 19:23:31','2000-10-08 00:44:21'),(5,820,'sint occ','1987-03-03 06:28:46','1980-09-30 09:50:49'),(5,823,'nulla pari','1985-01-01 15:38:26','2012-08-19 19:47:09'),(5,824,'incididunt ut ','2008-08-10 00:12:48','2002-06-15 03:57:32'),(5,825,'.Lore','2004-04-19 04:24:22','2011-10-27 22:34:19'),(5,828,'laboris nis','1990-04-13 16:49:22','1987-12-07 23:45:31'),(5,840,'labor','1981-10-20 08:23:17','1996-09-03 16:55:13'),(5,845,'aliquip ex ea commo','2008-04-11 08:56:18','1985-03-19 20:23:05'),(5,848,'um.L','1981-03-28 22:19:12','2001-07-12 21:29:35'),(5,849,'anim id est labo','1981-01-24 15:00:01','2005-09-29 07:45:32'),(5,851,'ipsum dolor sit ame','2016-02-24 16:23:12','1998-09-22 22:34:57'),(5,858,'esse ci','1989-09-26 20:26:16','2007-07-06 18:48:25'),(5,864,'sed do e','1998-07-03 09:30:29','2000-11-23 05:05:32'),(5,866,'sed do e','1991-01-11 02:00:02','1997-02-12 06:00:04'),(5,867,'com','1997-06-13 23:05:18','2018-04-03 16:53:24'),(5,875,'par','2001-07-30 09:28:10','2010-12-15 13:53:36'),(5,876,'um.Lore','2005-06-25 09:36:37','1984-06-01 06:38:49'),(5,877,'incidid','2006-07-25 01:05:48','2004-04-29 18:03:42'),(5,880,'q','2002-05-13 06:08:41','1997-06-27 20:44:09'),(5,882,'officia des','2003-01-07 03:34:54','1998-01-17 16:58:58'),(5,888,'nisi ut aliquip ex e','1995-08-12 18:00:43','1989-02-24 13:48:31'),(5,889,'cupidatat no','1997-11-12 00:27:52','2006-03-12 17:20:17'),(5,891,'es','1997-04-16 19:43:28','1992-11-30 15:51:40'),(5,893,'ulla','1982-05-01 05:13:30','1992-07-31 16:02:24'),(5,896,'qui officia d','1983-07-22 07:43:35','1993-10-30 09:05:07'),(5,901,'sed ','1996-04-04 02:37:18','1991-09-21 07:48:46'),(5,906,'nostrud exerci','2012-03-12 06:32:20','2004-07-11 20:42:10'),(5,912,'Exce','1981-01-10 05:00:55','1995-05-23 03:49:35'),(5,919,'ad minim venia','1988-02-15 22:26:34','2001-02-22 15:03:21'),(5,923,'m.','1986-02-23 11:43:18','1981-03-01 13:06:16'),(5,924,'dolor in reprehender','1983-05-07 10:11:22','2017-02-14 10:05:05'),(5,925,'deserunt','2012-05-24 07:55:43','2009-02-25 11:15:18'),(5,930,'in','1987-03-10 15:58:56','2016-12-30 20:27:41'),(5,934,'cillum dolore eu','2012-11-15 05:23:32','2006-04-22 16:00:41'),(5,936,'elit, sed do eiusmod','1994-04-17 09:32:15','1984-03-10 07:53:59'),(5,939,'ad minim veniam, q','2007-05-09 22:33:16','1985-09-07 03:54:49'),(5,946,'dolor in reprehen','1995-01-16 12:52:15','1987-05-02 01:25:38'),(5,951,'nulla pa','1988-08-18 00:24:08','1999-09-30 05:19:08'),(5,960,'sed do eius','2010-11-24 08:59:27','2004-09-28 19:01:49'),(5,964,'do eiusmod t','1999-11-23 03:16:48','1989-03-08 21:42:45'),(5,965,'deserunt mollit anim','2015-12-23 07:52:09','1984-11-18 18:45:08'),(5,968,'voluptate velit ess','2000-10-04 09:38:50','2006-02-20 17:34:10'),(5,974,'nisi','2015-05-06 00:56:59','1981-02-04 13:56:22'),(5,975,'Excepteur sint occa','1993-10-24 12:47:32','1981-11-18 09:14:35'),(5,976,'incididunt ut labore','1998-05-18 19:52:31','1994-02-03 23:18:26'),(5,978,'aute irur','2000-01-13 17:25:02','1995-04-29 03:00:53'),(5,979,'reprehenderit in v','2005-04-17 13:04:02','1992-05-24 20:40:24'),(5,983,'cupidatat n','1998-06-01 11:13:20','1986-08-29 13:53:50'),(5,988,'in repreh','2009-06-02 23:25:58','1994-07-03 21:16:53'),(5,991,'elit, sed do ei','2008-12-16 16:39:42','2015-07-12 18:13:46'),(5,992,'dolore eu ','1981-06-12 15:24:55','2008-09-14 07:39:51'),(5,994,'quis nostru','1991-07-08 00:53:54','1985-01-27 14:17:06'),(5,996,'dolore magna ','1986-09-07 06:50:49','2008-07-24 10:19:22'),(5,997,'tempor incidi','2004-04-20 23:06:38','1984-05-30 04:18:51'),(5,1000,'proident, sun','1995-07-10 22:09:35','2017-02-19 20:00:30'),(5,1007,'velit es','2017-07-29 22:03:35','1995-06-25 15:47:48'),(5,1013,'Ut enim ','2019-01-21 13:12:50','2006-07-16 11:51:39'),(5,1017,'eni','2010-11-21 12:40:55','1991-08-15 13:13:00'),(5,1019,'lab','2003-06-04 16:55:36','1985-07-19 19:04:49'),(5,1025,'esse cillum do','1997-11-15 04:36:19','2014-04-05 08:03:26'),(5,1034,'orum.Lor','1992-11-20 04:08:53','1987-01-05 09:36:19'),(5,1036,'aute irure dol','2004-01-04 02:10:28','1989-06-27 10:24:17'),(5,1037,'nost','1988-02-20 10:17:09','1982-07-27 03:53:27'),(5,1038,'Ut enim ad minim ven','2010-10-17 20:45:37','1998-11-12 13:42:53'),(5,1043,'esse cillum dolor','1994-07-25 02:01:45','2003-08-18 01:47:45'),(5,1044,'sint occaecat cup','1988-03-27 11:08:37','2004-04-05 21:46:33'),(5,1057,'ut aliquip e','2006-04-05 23:47:35','1981-05-15 05:23:51'),(5,1060,'Duis ','1992-07-06 02:53:20','2007-12-01 06:32:39'),(5,1062,'sit amet, ','1988-03-02 13:47:59','1985-10-05 08:38:30'),(5,1077,'al','1990-07-20 17:20:20','2017-09-16 13:01:06'),(6,2,'adipiscing eli','1990-01-26 04:50:06','2006-08-04 23:00:13'),(6,4,'ul','1980-11-05 01:47:13','2010-12-14 04:32:24'),(6,6,'officia deseru','2016-11-20 23:13:07','1986-04-27 06:03:40'),(6,7,'velit esse cillum','1987-10-22 02:40:12','2004-12-09 22:53:17'),(6,11,'amet, conse','1982-08-14 15:28:36','2008-01-20 11:54:50'),(6,12,'amet, consect','1988-12-14 13:12:57','2006-08-16 10:30:38'),(6,26,'sint occaecat cu','2010-01-15 15:09:26','1989-01-25 12:20:07'),(6,27,'ullam','1982-02-07 14:13:22','1987-07-31 07:24:17'),(6,31,'Duis au','2019-10-24 18:15:06','2008-07-10 19:25:25'),(6,34,'in culpa qui officia','2003-12-23 23:20:39','1983-07-23 22:02:46'),(6,36,'elit, se','2005-01-19 16:58:06','1982-02-08 03:09:05'),(6,38,'consequat. Du','1981-06-21 15:57:57','1995-11-29 07:07:58'),(6,39,'rum.Lorem','2002-06-20 08:15:28','2015-05-14 10:49:18'),(6,43,'dolor in','1980-09-21 23:27:03','1980-04-14 01:01:03'),(6,52,'sed do eius','2008-06-29 04:33:17','2016-10-09 21:05:35'),(6,55,'nisi u','1996-07-15 20:11:44','2003-02-11 01:03:20'),(6,57,'ipsum dolor sit','2005-07-09 22:44:07','2012-02-03 14:18:58'),(6,64,'sit amet, co','2012-12-07 23:53:09','2019-08-08 06:42:32'),(6,73,'sint occaecat cup','2009-12-23 05:23:48','1993-04-27 20:31:04'),(6,75,'qui officia deseru','1988-03-21 12:15:53','2001-03-11 09:35:01'),(6,78,'pari','1984-08-29 19:40:28','2013-08-23 11:54:48'),(6,79,'ullamco l','2014-02-11 19:42:19','2000-11-08 08:58:35'),(6,80,'dolor sit amet, c','1999-03-18 17:30:32','2012-01-04 07:20:50'),(6,81,'ut aliqui','2007-02-01 23:19:42','2016-09-02 12:29:00'),(6,86,'Duis aute irure','1992-05-20 08:45:49','1987-11-16 21:03:54'),(6,87,'pariatur. Ex','2002-08-08 22:16:53','1993-05-07 15:04:11'),(6,89,'nisi ut ','1988-04-10 12:55:10','1984-12-09 04:24:48'),(6,91,'nostrud exercitation','2001-06-18 04:44:46','2019-05-29 22:08:34'),(6,92,'si','1994-11-28 15:57:57','1997-04-19 23:15:31'),(6,93,'aliqua. Ut e','2010-05-03 16:09:44','1996-05-02 02:28:55'),(6,95,'mol','1986-01-03 21:20:04','1992-04-10 11:09:54'),(6,96,'reprehe','2009-03-30 10:56:04','2018-01-29 02:01:35'),(6,97,'elit, sed do ','2013-05-17 10:50:02','2019-06-03 00:09:56'),(6,100,'Excepteur ','2006-08-04 05:45:53','1998-11-22 13:04:26'),(6,106,'c','1986-04-12 20:34:35','2019-12-06 10:46:35'),(6,107,'dolore magna ali','2010-11-04 04:35:16','1983-05-07 09:08:58'),(6,114,'do ','2014-05-13 20:02:39','2005-09-05 08:15:21'),(6,119,'Excepteur sint','2004-11-28 19:45:55','2008-03-24 22:13:34'),(6,123,'do eiusmod temp','1995-05-05 11:24:35','2016-04-10 09:35:05'),(6,127,'labore et dolore m','1999-01-26 11:28:16','2000-02-27 12:05:19'),(6,129,'adipiscing elit, se','1987-10-25 03:59:06','1991-09-25 01:05:28'),(6,131,'cupidatat non pro','2008-10-12 19:03:12','2008-11-14 03:00:50'),(6,135,'sunt in ','1989-03-21 14:10:32','2006-03-05 15:47:49'),(6,137,'ullamco l','1989-06-16 17:26:49','1990-03-14 21:16:07'),(6,138,'exercitati','2003-03-24 05:05:12','2000-01-18 20:25:22'),(6,144,'nisi ut aliqu','2000-05-15 16:52:55','2013-01-20 18:55:30'),(6,146,'nostrud exercita','2012-04-04 09:53:31','1980-06-27 05:27:47'),(6,149,'exercita','2014-04-27 23:58:52','1992-03-01 11:32:44'),(6,150,'n','2016-06-04 03:41:47','2009-11-23 23:56:02'),(6,158,'dolor sit amet, c','1984-07-02 03:11:03','2000-10-26 09:49:26'),(6,163,'et dolore ','2002-04-10 10:00:28','2005-12-22 08:10:41'),(6,167,'sint occa','1983-09-05 13:34:00','2001-06-11 03:36:04'),(6,176,'Exc','2005-09-21 19:33:35','1996-08-28 04:51:56'),(6,178,'qui offici','2011-07-25 02:58:31','2000-10-29 11:31:15'),(6,181,'voluptate vel','2000-07-04 09:51:20','2012-11-14 00:41:34'),(6,185,'nulla pariat','2019-04-06 06:14:58','1997-12-24 22:45:59'),(6,186,'cupida','1990-06-04 11:51:43','2018-08-23 18:59:39'),(6,187,'et d','2011-06-20 23:58:18','1994-07-26 13:11:27'),(6,191,'ex ea commodo conseq','1993-07-17 03:00:00','2005-04-26 20:12:07'),(6,192,'Duis aute irure d','1992-09-16 19:12:23','1986-07-22 15:59:51'),(6,196,'cu','1992-12-18 13:52:41','2014-05-10 11:11:44'),(6,198,'quis nostrud exerc','1989-10-05 13:20:40','1995-12-24 17:55:39'),(6,199,'velit esse cill','2000-04-28 15:32:13','1980-12-27 19:25:35'),(6,202,'i','2003-04-15 13:17:54','2013-06-16 05:30:56'),(6,228,'quis','1982-02-22 09:02:25','1992-12-07 18:11:09'),(6,230,'non proident,','2015-12-05 02:22:07','1983-12-26 21:59:05'),(6,232,'amet, c','1987-02-05 15:35:45','1984-12-18 06:13:02'),(6,233,'non proident, sunt','2007-07-31 12:40:31','1998-03-14 16:23:23'),(6,238,'mollit anim','2002-12-14 05:50:57','2009-02-04 18:04:08'),(6,247,'ipsum dol','2011-05-20 06:57:47','1993-12-20 18:07:53'),(6,248,'magna aliqua.','2016-05-03 15:18:32','2001-03-11 06:11:12'),(6,253,'ullamco laboris nisi','1981-09-17 06:35:46','1996-07-23 11:12:53'),(6,255,'sed do e','2016-08-19 13:08:11','1998-07-11 23:43:28'),(6,258,'dolor in reprehender','1992-04-02 13:07:37','2017-11-17 06:52:43'),(6,259,'ad','2019-07-28 17:46:26','1998-03-25 15:31:00'),(6,262,'Ut enim a','1985-04-01 16:26:19','2011-12-04 07:23:17'),(6,263,'incididu','2015-04-30 09:37:59','1982-10-01 23:49:32'),(6,265,'e','2014-08-14 12:56:35','1989-08-21 00:44:20'),(6,267,'co','1982-09-02 11:57:39','2010-09-27 07:27:52'),(6,275,'deserunt mollit anim','2011-08-11 03:54:44','1992-09-05 08:32:12'),(6,289,'et dolore m','2014-11-25 15:45:31','1992-01-27 12:26:11'),(6,290,'a','1984-10-31 18:05:04','1985-07-06 21:48:09'),(6,296,'in volupta','1982-04-21 08:03:35','1999-04-17 23:13:39'),(6,299,'enim ad mi','2009-05-20 13:42:08','1996-02-04 17:17:43'),(6,304,'si','1997-11-08 12:17:37','1990-10-27 19:27:12'),(6,305,'id est laborum.L','2006-10-13 08:00:06','2017-12-13 03:16:44'),(6,310,'el','1984-03-13 04:52:11','1991-05-17 16:25:41'),(6,313,'exercitati','1989-10-31 19:52:49','1987-11-25 19:08:11'),(6,318,'sint occaecat cupida','2012-08-31 19:19:30','1994-06-06 07:59:25'),(6,325,'dolor in re','2001-10-05 07:15:47','2012-05-14 19:16:59'),(6,326,'et dolo','2015-05-12 03:59:44','1980-10-20 22:19:38'),(6,328,'sit','2015-06-16 00:41:48','2019-12-29 07:02:52'),(6,329,'sed do ','1997-08-16 15:49:43','1993-08-27 22:36:23'),(6,330,'irure dolor ','2001-02-15 21:56:39','2002-03-17 06:15:29'),(6,332,'.Lorem i','1992-11-15 12:45:49','1985-07-09 05:40:34'),(6,338,'quis nost','1997-08-17 04:47:13','1981-04-18 09:35:44'),(6,343,'adipiscin','2012-12-18 06:03:20','2011-11-29 00:42:34'),(6,350,'cillum ','2002-11-28 12:31:03','2017-07-25 13:29:48'),(6,355,'incid','2016-05-06 16:36:07','1989-05-20 00:52:54'),(6,381,'eu fugiat nulla','1983-08-12 21:12:25','1981-06-14 08:47:03'),(6,383,'sunt in culpa ','2016-06-23 15:33:33','1993-04-06 17:21:39'),(6,385,'cupidata','2007-05-25 16:39:42','1984-09-24 13:05:30'),(6,390,'incididunt ut lab','1990-01-03 00:36:16','1999-03-27 09:52:32'),(6,395,'ni','2006-07-30 15:32:27','2017-12-23 02:06:14'),(6,396,'consequat.','1985-03-24 04:38:28','1982-11-19 15:14:39'),(6,397,'s','2019-09-27 03:58:56','2009-06-23 01:01:10'),(6,401,'es','2006-10-06 20:55:52','1989-11-23 06:55:09'),(6,403,'labore et dolore ','2014-09-13 19:16:47','2008-11-09 23:58:58'),(6,404,'mollit anim id est l','2004-05-17 03:09:55','2006-06-24 04:41:01'),(6,405,'minim ','1988-07-21 12:19:10','2005-03-21 14:32:53'),(6,407,'deserunt mollit ani','2005-02-28 02:04:52','1996-02-20 09:13:54'),(6,412,'dolore eu ','1999-06-03 06:14:31','2019-08-05 08:04:14'),(6,414,'esse cillum dolo','1989-10-03 02:31:51','1981-03-08 09:09:07'),(6,419,'tempor incididunt u','1993-10-11 09:59:48','2006-05-07 20:26:10'),(6,421,'ea commod','2006-09-08 08:43:13','1990-02-23 10:11:24'),(6,429,'sed do eiusmod temp','1988-09-27 15:21:35','1996-08-10 10:40:03'),(6,430,'quis nost','2007-06-23 08:37:37','1993-02-08 06:53:34'),(6,436,'fugiat nulla p','1989-07-17 00:37:48','2016-05-20 03:53:33'),(6,440,'exercitation','2018-09-28 20:18:35','1985-04-30 19:16:47'),(6,451,'ex ea commo','2002-09-17 15:27:30','1992-02-12 09:01:29'),(6,452,'velit','1985-10-20 17:28:41','2000-10-18 16:55:07'),(6,461,'tempor incididunt ut','2005-01-02 09:17:30','1983-02-08 21:26:59'),(6,464,'consequat. Duis aut','1989-04-11 03:28:58','2001-10-09 23:09:19'),(6,466,'qui officia deserun','1986-06-16 07:20:15','2007-08-27 13:45:35'),(6,471,'do eiusmod tem','2000-07-15 16:04:14','2016-01-17 20:54:56'),(6,475,'elit, sed do eius','2007-08-17 17:49:04','2005-09-23 00:01:43'),(6,476,'mollit anim id e','2004-08-06 05:47:55','1995-03-30 00:02:11'),(6,477,'ad minim veni','2003-07-03 01:29:30','1985-03-19 03:59:04'),(6,478,'ad minim v','2011-05-11 11:29:43','1990-09-06 13:37:30'),(6,479,'dolor sit','1984-06-12 00:57:48','2012-02-08 05:54:06'),(6,483,'ut aliquip e','2002-05-29 13:42:58','1986-07-01 18:10:25'),(6,489,'nostrud','2019-07-04 17:08:52','2019-09-18 04:00:50'),(6,491,'sint occa','2012-03-28 17:40:24','2001-11-16 17:42:03'),(6,494,'et dol','1999-06-25 12:06:48','1990-05-25 18:50:49'),(6,496,'esse cillum dolore','1999-02-27 01:27:32','2012-05-14 23:44:36'),(6,497,'ullamco la','1990-08-21 05:09:23','2002-04-09 16:16:51'),(6,498,'i','1983-06-11 22:37:56','1994-05-14 04:43:41'),(6,500,'do eiusmod ','2014-08-01 15:38:52','1990-12-09 10:48:16'),(6,502,'laboris nisi ut ali','2013-09-09 20:35:13','2006-11-06 18:00:32'),(6,507,'occaeca','1986-02-26 12:35:30','2003-03-15 10:58:51'),(6,509,'magna aliqua. Ut en','2003-10-06 16:53:52','2019-06-20 04:15:18'),(6,513,'deserunt ','2002-01-16 20:44:37','1991-12-07 19:21:17'),(6,514,'ad minim venia','1990-07-13 17:36:46','2017-05-24 09:54:32'),(6,517,'consectetur adipis','1992-06-29 16:56:40','1989-08-11 13:58:08'),(6,519,'in voluptate ve','2000-01-01 08:49:51','1985-10-27 11:39:46'),(6,520,'dolor sit ame','2013-08-13 14:27:52','2004-12-04 08:38:53'),(6,522,'consectetur a','2010-05-27 09:31:26','2011-12-17 03:20:13'),(6,525,'magn','1995-07-02 23:51:25','2002-09-27 15:06:52'),(6,528,'pari','2018-05-26 14:40:47','1991-07-22 13:44:29'),(6,529,'si','1982-02-01 12:33:24','1987-03-11 05:04:55'),(6,534,'laborum.Lor','1984-03-15 17:11:30','2007-03-29 04:12:23'),(6,535,'e','1990-01-12 08:40:10','2018-05-26 02:54:46'),(6,538,'offici','1991-06-25 18:41:25','1990-06-24 04:19:57'),(6,540,'exercitat','1999-01-01 16:20:00','1982-03-29 07:20:26'),(6,544,'qui offici','2007-11-27 15:48:28','2006-11-20 21:12:50'),(6,545,'non pro','1985-03-19 10:04:39','1997-09-23 12:24:02'),(6,560,'cul','1993-03-30 06:24:01','2001-03-18 02:06:25'),(6,562,'in voluptate velit','1994-05-09 23:46:18','1985-03-24 12:13:14'),(6,563,'dolor in r','1999-05-10 15:32:33','1992-09-15 17:16:07'),(6,565,'in culpa qui offici','2012-09-17 03:55:46','1989-05-01 17:56:21'),(6,568,'ullamco lab','1983-06-30 09:35:45','2005-01-26 01:28:19'),(6,572,'ullamco laboris nis','1989-10-22 23:41:54','1993-05-01 23:59:12'),(6,578,'ipsum dolor sit ','2014-07-30 17:27:57','2002-08-14 05:31:03'),(6,581,'u','1984-09-09 06:18:34','1984-12-09 05:39:02'),(6,582,'co','1983-05-30 16:32:04','1982-03-25 16:45:04'),(6,584,'pa','2014-01-31 18:04:25','1993-08-28 18:08:12'),(6,585,'laboris nisi ut a','2006-03-25 09:06:59','1999-02-27 04:56:29'),(6,588,'ull','2002-10-22 01:38:04','1997-05-29 21:11:47'),(6,601,'co','1991-10-27 06:24:08','2018-02-27 18:14:17'),(6,604,'qui officia deserun','1980-12-14 08:29:56','1992-01-25 17:22:51'),(6,607,'eu ','1993-10-13 01:27:42','1987-07-12 06:28:28'),(6,609,'consectetur adip','2003-02-17 12:40:57','2008-10-26 12:26:27'),(6,610,'veniam,','1984-12-06 03:41:07','2018-02-14 16:02:54'),(6,612,'eu fugiat nulla','1991-07-17 10:01:04','2010-06-21 21:16:13'),(6,619,'aliqua','2005-10-05 02:13:30','1994-11-14 17:18:57'),(6,624,'adipisc','2008-02-14 04:10:03','2002-03-24 00:13:38'),(6,625,'non proi','2016-01-16 19:51:39','1991-05-22 03:29:19'),(6,626,'ullamco la','1993-12-15 13:53:25','2003-08-18 17:19:28'),(6,629,'Ut enim ad ','1995-07-16 04:04:48','1994-06-01 16:18:01'),(6,630,'dolor sit a','1985-02-04 05:45:01','2008-05-01 03:20:08'),(6,633,'sunt in','2006-09-27 12:25:52','1988-07-30 17:44:53'),(6,647,'officia deserun','2016-09-13 10:25:15','1991-08-02 19:57:01'),(6,649,'Excepteur sint occ','1995-04-03 19:40:29','2011-06-07 19:31:23'),(6,652,'in voluptat','2004-06-03 10:20:36','1981-07-31 05:34:10'),(6,653,'in r','2011-05-13 16:27:39','2019-11-10 22:54:13'),(6,659,'eu fu','1990-11-18 00:27:14','2004-01-15 07:00:59'),(6,660,'nostrud exerc','1980-03-07 05:49:43','2007-08-04 11:20:33'),(6,663,'quis nostrud ex','1993-06-25 01:26:50','2012-03-30 19:15:01'),(6,670,'pr','1982-09-02 07:21:35','2007-10-15 10:04:14'),(6,671,'in voluptate vel','2008-04-08 00:31:57','1981-04-10 12:31:11'),(6,683,'iru','1990-02-23 01:23:07','1993-04-17 15:21:43'),(6,684,'occaecat cupida','2004-08-06 17:30:04','2011-11-11 03:22:01'),(6,687,'et do','1999-07-14 18:22:17','2017-10-14 13:40:53'),(6,689,'Lorem ip','1982-02-11 08:22:04','1996-06-08 08:50:14'),(6,692,'do e','1984-04-13 18:56:24','1989-08-03 18:47:11'),(6,696,'ex e','1993-04-10 04:07:15','1986-07-18 07:55:20'),(6,699,'mollit an','2013-05-09 06:59:18','2015-04-17 12:58:47'),(6,701,'do eiusmod ','2007-07-14 10:42:25','1982-08-11 02:17:48'),(6,704,'cillum dolore eu fug','2016-05-07 19:08:45','1984-07-19 08:26:47'),(6,707,'Duis aute irure d','1999-10-01 00:58:18','1985-01-30 02:01:59'),(6,708,'U','1994-07-08 14:58:13','1982-08-11 07:51:54'),(6,712,'um.Lorem ipsum','1989-07-10 20:29:29','1995-10-03 16:01:11'),(6,713,'elit, ','1991-08-17 07:21:36','1994-06-11 21:57:42'),(6,714,'oc','1992-09-06 01:53:52','2010-10-09 18:47:07'),(6,721,'adipiscing el','2004-12-21 12:26:04','2015-03-15 16:39:59'),(6,725,'consequat. ','1996-01-18 19:12:04','2018-07-18 02:45:34'),(6,726,'in voluptat','1995-05-11 16:42:32','2004-07-17 02:50:26'),(6,727,'et dolore','1983-12-09 06:41:21','1996-11-06 11:23:12'),(6,728,'ad m','2012-09-28 01:00:48','2007-10-20 23:31:51'),(6,730,'e','1998-05-05 04:04:19','2015-09-01 02:18:30'),(6,732,'laboris ni','1990-09-07 15:50:46','1990-04-14 03:34:42'),(6,740,'in volupta','1986-08-08 11:10:38','2018-04-12 09:15:11'),(6,741,'sint occaecat cup','1987-03-08 17:03:02','1980-11-08 15:47:51'),(6,745,'tempo','1981-12-30 11:17:24','1995-06-09 01:13:11'),(6,748,'elit, sed do eiusmod','1987-12-31 05:23:17','1995-03-31 05:39:04'),(6,751,'Excepteur si','2016-08-25 20:31:07','1980-11-14 18:47:33'),(6,754,'deserun','1989-11-27 19:54:31','1996-07-19 10:09:43'),(6,755,'incidid','2016-01-27 18:41:52','1984-09-03 00:32:43'),(6,757,'eu fugiat nulla pari','2004-07-27 16:24:13','2001-09-30 12:48:10'),(6,763,'nostrud exercitat','2015-01-22 20:35:37','2011-04-07 00:46:01'),(6,764,'occaecat cupida','1985-03-25 06:58:51','1997-12-01 23:51:46'),(6,772,'proident, sunt ','1982-10-10 12:38:09','2006-10-15 07:16:22'),(6,777,'aute i','1999-03-31 21:47:06','2012-07-09 22:58:08'),(6,781,'sit amet, consec','1984-03-05 02:01:41','1988-11-01 07:13:40'),(6,799,'velit ess','1997-05-29 23:07:44','2003-03-15 22:38:56'),(6,805,'d','1996-05-15 11:14:58','1991-07-12 21:12:12'),(6,806,'co','2005-05-30 15:04:35','1999-03-09 02:15:34'),(6,807,'quis nostru','1988-06-05 21:58:45','1985-01-04 04:30:24'),(6,817,'mi','1999-12-12 06:08:51','2012-12-07 08:06:16'),(6,828,'anim ','1992-12-25 07:10:20','2019-06-28 07:36:55'),(6,831,'quis nostrud e','2015-09-01 14:55:33','2016-02-13 14:56:09'),(6,838,'cupid','2008-04-07 01:47:33','1983-08-01 18:51:36'),(6,839,'voluptate vel','2017-11-03 01:51:58','1998-11-25 21:37:49'),(6,841,'anim','2017-06-18 23:03:46','1995-12-13 16:45:00'),(6,842,'exercitatio','2010-09-06 07:49:01','2010-01-24 01:07:32'),(6,847,'adipisc','1983-01-10 06:04:02','2012-12-14 00:09:03'),(6,848,'in voluptate ','1992-02-13 16:34:24','2014-10-28 09:25:20'),(6,849,'in culpa qui off','1998-01-10 16:19:26','2013-08-09 23:32:34'),(6,851,'in v','1991-06-22 14:05:17','2015-09-08 22:15:13'),(6,856,'aliquip ex ea ','2019-08-28 12:08:17','1982-04-25 16:43:08'),(6,859,'esse cillum dolore e','2002-11-13 00:05:53','2012-06-05 04:01:37'),(6,863,'do','1981-05-25 05:13:48','2015-07-12 00:47:20'),(6,866,'quis nostrud exerci','1988-05-26 08:34:32','2000-01-06 13:30:48'),(6,870,'Duis a','2004-11-04 23:03:11','2007-06-09 09:02:57'),(6,873,'mollit','1994-07-17 16:40:19','1988-03-24 17:43:05'),(6,877,'Duis aute irur','1983-05-13 19:26:21','1992-02-26 20:17:16'),(6,882,'non proident, sun','2009-01-09 10:24:59','1981-12-13 09:47:35'),(6,884,'sed do eiusmod tem','1990-06-14 02:59:56','1987-08-25 15:03:22'),(6,887,'pariatur. Exc','2017-07-31 21:59:47','2013-12-27 20:42:28'),(6,894,'ut aliquip ex ea co','2006-04-23 04:19:49','1995-10-02 06:33:32'),(6,896,'qui officia','1991-06-05 21:09:21','1988-01-12 20:31:01'),(6,898,'consequat. Duis ','1995-08-30 08:18:40','2005-07-28 05:22:44'),(6,899,'ea comm','1983-03-11 11:40:23','1984-03-12 11:34:14'),(6,906,'laboru','2009-04-19 09:42:47','2019-04-29 04:12:21'),(6,908,'fugiat nulla','1984-10-02 05:28:54','2004-06-06 00:33:56'),(6,912,'aute irure dol','1991-10-23 14:45:43','2004-04-19 14:25:25'),(6,922,'i','1981-04-28 15:19:39','2016-07-06 19:21:38'),(6,929,'cupidatat non','1999-04-20 02:06:10','2015-06-06 11:31:06'),(6,938,'nisi ut aliquip ','2017-12-05 04:33:13','2011-06-23 11:45:49'),(6,947,'in reprehen','1990-04-20 10:45:16','2004-10-29 04:17:48'),(6,948,'inc','1996-09-02 04:57:37','2003-04-15 19:21:54'),(6,950,'reprehenderit in ','1995-04-17 16:46:32','2007-07-09 06:32:13'),(6,951,'pariatur. Excepteur','2014-07-09 05:21:42','2006-08-12 16:16:07'),(6,961,'nulla pariat','1999-04-20 04:29:41','2008-01-20 07:48:19'),(6,965,'inc','2005-07-11 17:07:34','2006-07-23 11:48:39'),(6,972,'ut aliquip ex ea co','2016-09-30 01:57:27','1989-09-22 11:09:13'),(6,973,'occaecat c','2019-11-19 05:15:10','1991-06-20 18:58:10'),(6,983,'dolor in ','1981-12-21 06:35:35','2010-08-17 08:46:48'),(6,984,'anim id ','1987-06-07 19:23:35','1984-11-08 16:21:12'),(6,986,'sit','2004-05-17 17:54:03','1980-09-15 21:16:18'),(6,988,'cupidatat non proide','2006-10-31 10:12:21','1983-03-26 00:37:41'),(6,995,'cupidatat non p','1999-02-05 20:16:50','2001-10-01 12:42:33'),(6,996,'cupidatat non proi','2006-07-19 11:42:00','1984-06-24 17:01:13'),(6,997,'ad m','1995-07-09 14:25:17','2016-09-05 14:31:31'),(6,1000,'ea com','1985-10-24 12:27:16','1983-03-04 21:30:47'),(6,1003,'non pr','2014-07-02 00:40:35','1986-03-12 07:54:10'),(6,1005,'quis nostrud exer','1996-03-06 15:09:16','1982-12-09 06:00:39'),(6,1008,'con','1997-05-02 21:07:42','1994-09-02 22:31:53'),(6,1013,'ullamco labor','2004-10-13 05:55:56','2010-12-19 15:21:20'),(6,1019,'exer','1980-06-17 14:56:44','2011-06-13 01:55:03'),(6,1020,'ex e','2006-02-20 22:07:25','2000-05-22 14:21:42'),(6,1036,'do eiusmod ','1998-03-13 03:19:12','2007-03-02 10:46:05'),(6,1043,'v','1988-12-03 13:06:56','2010-05-18 21:31:04'),(6,1046,'nostrud','2004-03-15 06:08:34','1980-02-01 13:12:12'),(6,1055,'vo','2014-05-06 14:36:43','1996-05-14 15:55:54'),(6,1057,'dolore magna ali','2003-06-09 03:48:25','2003-01-14 05:24:45'),(6,1061,'occaecat cu','1985-12-04 06:06:34','2005-11-12 17:57:39'),(6,1062,'Duis aute iru','1982-01-11 19:25:31','2016-05-21 08:26:29'),(6,1073,'reprehenderit in vol','2009-09-10 01:44:07','1993-06-22 06:29:14');
/*!40000 ALTER TABLE `products_options` ENABLE KEYS */;
UNLOCK TABLES;

--
-- Temporary table structure for view `products_options_value`
--

DROP TABLE IF EXISTS `products_options_value`;
/*!50001 DROP VIEW IF EXISTS `products_options_value`*/;
SET @saved_cs_client     = @@character_set_client;
SET character_set_client = utf8;
/*!50001 CREATE VIEW `products_options_value` AS SELECT 
 1 AS `product_id`,
 1 AS `product_variant_id`,
 1 AS `name`,
 1 AS `value`*/;
SET character_set_client = @saved_cs_client;

--
-- Table structure for table `products_price_log`
--

DROP TABLE IF EXISTS `products_price_log`;
/*!40101 SET @saved_cs_client     = @@character_set_client */;
/*!40101 SET character_set_client = utf8 */;
CREATE TABLE `products_price_log` (
  `product_variant_id` bigint(20) unsigned NOT NULL COMMENT 'id варианта товара',
  `old_price` int(10) unsigned DEFAULT NULL COMMENT 'Старая цена',
  `new_price` int(10) unsigned NOT NULL COMMENT 'Новая цена',
  `updated_at` datetime DEFAULT CURRENT_TIMESTAMP ON UPDATE CURRENT_TIMESTAMP
) ENGINE=ARCHIVE DEFAULT CHARSET=latin1 COMMENT='Лог изменения цен на варианты товаров';
/*!40101 SET character_set_client = @saved_cs_client */;

--
-- Dumping data for table `products_price_log`
--

LOCK TABLES `products_price_log` WRITE;
/*!40000 ALTER TABLE `products_price_log` DISABLE KEYS */;
INSERT INTO `products_price_log` VALUES (18,19212,19312,'2019-08-02 13:06:42'),(1082,NULL,10000,'2019-08-02 13:08:32');
/*!40000 ALTER TABLE `products_price_log` ENABLE KEYS */;
UNLOCK TABLES;

--
-- Temporary table structure for view `products_rates`
--

DROP TABLE IF EXISTS `products_rates`;
/*!50001 DROP VIEW IF EXISTS `products_rates`*/;
SET @saved_cs_client     = @@character_set_client;
SET character_set_client = utf8;
/*!50001 CREATE VIEW `products_rates` AS SELECT 
 1 AS `product_id`,
 1 AS `review_rate`,
 1 AS `reviews_count`*/;
SET character_set_client = @saved_cs_client;

--
-- Table structure for table `products_types`
--

DROP TABLE IF EXISTS `products_types`;
/*!40101 SET @saved_cs_client     = @@character_set_client */;
/*!40101 SET character_set_client = utf8 */;
CREATE TABLE `products_types` (
  `id` tinyint(3) unsigned NOT NULL AUTO_INCREMENT COMMENT 'id типа товара',
  `name` varchar(255) NOT NULL COMMENT 'Название',
  PRIMARY KEY (`id`),
  UNIQUE KEY `id` (`id`)
) ENGINE=InnoDB AUTO_INCREMENT=6 DEFAULT CHARSET=latin1 COMMENT='Таблица с типами товаров';
/*!40101 SET character_set_client = @saved_cs_client */;

--
-- Dumping data for table `products_types`
--

LOCK TABLES `products_types` WRITE;
/*!40000 ALTER TABLE `products_types` DISABLE KEYS */;
INSERT INTO `products_types` VALUES (1,'offline'),(2,'digital music'),(3,'digital video'),(4,'digital books'),(5,'digital software');
/*!40000 ALTER TABLE `products_types` ENABLE KEYS */;
UNLOCK TABLES;

--
-- Table structure for table `products_variants`
--

DROP TABLE IF EXISTS `products_variants`;
/*!40101 SET @saved_cs_client     = @@character_set_client */;
/*!40101 SET character_set_client = utf8 */;
CREATE TABLE `products_variants` (
  `id` bigint(20) unsigned NOT NULL AUTO_INCREMENT COMMENT 'id варианта товара',
  `product_id` bigint(20) unsigned NOT NULL COMMENT 'id товара, к которому привязан данный вариант',
  `name` varchar(255) NOT NULL COMMENT 'Название',
  `short_desription` text COMMENT 'Короткое описание',
  `desription` text COMMENT 'Описание',
  `url` varchar(255) NOT NULL COMMENT 'УРЛ варианта товара, типа pen-123',
  `price` int(10) unsigned NOT NULL COMMENT 'Цена',
  `weight` int(10) unsigned NOT NULL COMMENT 'Вес товара',
  `used` tinyint(1) NOT NULL DEFAULT '0' COMMENT 'Если ноль, то товар новый. Если не 0 - то б/у',
  `created_at` datetime DEFAULT CURRENT_TIMESTAMP,
  `updated_at` datetime DEFAULT CURRENT_TIMESTAMP ON UPDATE CURRENT_TIMESTAMP,
  PRIMARY KEY (`id`),
  UNIQUE KEY `id` (`id`),
  UNIQUE KEY `url` (`url`),
  KEY `products_variants_product_id_fk` (`product_id`),
  KEY `products_variants_name_idx` (`name`),
  KEY `products_variants_url_idx` (`url`),
  KEY `products_variants_price_idx` (`price`),
  CONSTRAINT `products_variants_product_id_fk` FOREIGN KEY (`product_id`) REFERENCES `products` (`id`)
) ENGINE=InnoDB AUTO_INCREMENT=1083 DEFAULT CHARSET=latin1 COMMENT='Таблица с вариантами товаров';
/*!40101 SET character_set_client = @saved_cs_client */;

--
-- Dumping data for table `products_variants`
--

LOCK TABLES `products_variants` WRITE;
/*!40000 ALTER TABLE `products_variants` DISABLE KEYS */;
INSERT INTO `products_variants` VALUES (1,13,'NON PROIDENT, SUNT IN CUL','dolore eu fugiat nulla par','deserunt mollit anim id est laborum.Lorem ipsum dolor sit amet,','excepteur sint o',20432,3548,0,'1982-01-27 19:31:39','1995-01-21 03:44:34'),(2,9,'ENIM AD MINIM VE','et dolore magna aliqua. ','ad minim veniam, quis nostrud exer','cillum dolore e',24624,13414,0,'1984-06-17 12:33:49','1986-08-29 21:04:31'),(3,20,'EXCEPTE','eu fugiat nulla pariatur. Ex','veniam, quis nostrud exercitation ullamco laboris nisi ut aliquip ex ea commodo consequat. Duis aut','excepteur sint occae',30503,6143,0,'2013-06-26 11:31:12','1994-07-30 22:02:04'),(4,9,'DESERUNT M','Excepteur sint occaec','tempor incididunt ut labore et dolore magna aliqua. Ut enim ad minim veniam, quis n','sunt in c',27459,22437,0,'1995-05-03 16:57:52','2001-10-15 16:58:35'),(5,5,'SINT OCCAECAT CUPIDATAT N','reprehenderit in volu','veniam, quis nostrud exercitation ullamco laboris nisi','laboris nisi ut',1833,32065,0,'2014-11-22 03:06:21','1987-01-09 02:46:55'),(6,9,'MOLLIT ANIM','et dolore magna aliqua. U','nisi ut aliquip ex ea commodo consequat. Duis au','ea comm',20662,16602,0,'2001-04-24 15:30:57','2008-07-21 06:38:20'),(7,17,'SIT AMET, CONSECTETUR A','cillum dolore eu fugiat nulla ','sit amet, consectetur adipiscing elit, sed','in voluptate velit ',19105,13827,0,'2003-05-26 10:52:24','2011-03-28 07:25:35'),(8,18,'TEMPOR INCIDID','Duis aute irure dolor i','officia deserunt mollit anim id est laborum.Lorem ipsum dolor sit amet, consectetur adipiscing elit','quis nostrud ex',13037,695,0,'2013-05-21 14:32:44','1982-10-29 12:12:10'),(9,4,'MOLLIT AN','deserunt mollit anim id es','elit, sed do eiusmod tempor incididunt ut labore et do','exercit',13126,28601,0,'1995-09-13 18:17:23','2017-12-23 23:30:02'),(10,29,'QUIS NOSTRUD EXERCITA','veniam, quis nostrud exerci','qui officia deserunt mollit anim ','duis aute irur',1646,98,0,'1996-05-05 22:43:22','2017-09-25 11:24:25'),(11,19,'DOLOR SIT AMET, CONSEC','magna aliqua. Ut enim ad m','mollit anim id est laborum.Lorem ipsum dolor sit a','laboris nisi',4442,2170,0,'2009-08-03 19:37:11','2008-09-25 17:17:21'),(12,3,'ADIPISCING ELIT, SED DO','non proident, sunt in c','dolore magna aliqua. Ut enim ad minim veniam, quis nostrud exercitation ullamco l','officia des',26580,25287,0,'2006-09-25 21:35:04','2012-11-01 17:29:13'),(13,26,'EU FUGIAT NULLA PARIATUR. EX','velit esse cillum dolore eu f','tempor incididunt ut labore et dolore magna aliqua. Ut enim ad minim veniam, quis nostrud','dolor in repreh',22973,16627,0,'1999-05-26 20:03:02','1982-03-16 23:30:01'),(14,26,'ULLAMCO LABORIS NISI UT ALIQ','dolore magna aliqua. Ut ','ipsum dolor sit amet, consectetur adipiscing elit, sed do eiusmod tempor incididunt ','ut labore et dolor',8400,21240,0,'1995-09-30 04:15:12','1994-09-12 17:46:13'),(15,5,'NULLA PARIATUR. EXCEPTEUR SIN','eu fugiat nulla pariatur. Ex','elit, sed do eiusmod tempor incididunt ut labore','reprehenderit ',32671,29049,0,'2007-10-08 19:52:38','2012-11-10 12:58:24'),(16,3,'.LOREM IPSUM DOLOR SIT','irure dolor in reprehe','consectetur adipiscing elit, sed do eiusmod tempor incididunt ut labo','velit esse cill',28223,12517,0,'2002-03-02 18:08:59','2013-02-02 16:27:03'),(17,5,'ULLAMCO LABORIS NIS','velit esse cillum dolo','sed do eiusmod tempor incididunt ut labore et dolore magna aliqua. Ut enim ad mini','duis aute irure d',23534,11986,0,'2017-05-06 12:43:52','2006-08-26 19:45:28'),(18,7,'OCCAECAT CUPIDATAT NON ','nulla pariatur. Excep','anim id est laborum.Lorem ipsum dolor sit amet, consectetur adipiscing elit, sed do eiu','consectetu',19312,30868,0,'2010-01-16 21:09:42','2019-08-02 13:06:42'),(19,26,'AUTE IRURE DOLOR','magna aliqua. Ut enim ad','tempor incididunt ut labore et dolore magna aliqua. Ut enim ad minim veniam, quis nostrud exerc','elit, sed do e',2949,23784,0,'2000-12-24 06:53:10','1991-08-24 18:36:22'),(20,17,'ULLAMCO LABORIS NISI UT A','esse cillum dolore eu fugiat n','ut labore et dolore magna aliqua. Ut enim ad minim veniam, quis','in culpa qui o',1521,14273,0,'2009-12-04 13:42:32','1986-09-18 15:09:47'),(21,7,'ET DOLORE MA','id est laborum.Lorem ips','qui officia deserunt mollit anim id est laborum.Lorem ipsum dolor sit','amet, consectetur ',4515,18906,0,'1992-01-09 07:19:54','1986-08-31 10:33:25'),(22,12,'SINT OCCAECAT CUPIDATA','ipsum dolor sit amet,','adipiscing elit, sed do eiusmod tempor incididunt ut labore et dolore magna aliqua.','dolore magna aliqua',26186,7412,0,'2006-01-20 07:50:59','1999-02-04 11:12:27'),(23,8,'ALIQUIP EX EA COMMODO CONSE','eu fugiat nulla pariat','mollit anim id est laborum.Lorem ipsum dolor sit amet, consectetur adipiscing elit,','dolor s',1372,9835,0,'2017-05-05 20:31:45','1991-02-26 02:49:08'),(24,16,'IN REPREHENDERIT IN VOLUPTAT','mollit anim id est laborum.','ut aliquip ex ea commodo consequat. Duis aute irure dolor in ','veniam, qui',14216,5226,0,'1986-01-26 02:59:01','2005-04-11 07:40:15'),(25,29,'UT LABORE ','cupidatat non proiden','nisi ut aliquip ex ea commodo consequat. Duis aute irure dolor in repreh','aliqua. ut enim',32157,14302,0,'2001-09-13 12:36:04','1990-09-17 01:07:01'),(26,23,'NULLA PARIATUR. EXCE','dolore magna aliqua. Ut e','enim ad minim veniam, quis nostrud exercitation ullamco laboris nisi ut aliquip ex ea commodo conseq','deserunt molli',27040,3304,0,'1996-02-18 23:29:05','2003-09-10 06:45:13'),(27,22,'CUPIDATAT NON ','minim veniam, quis nostru','ipsum dolor sit amet, consectetur a','laborum.lorem ipsu',4900,22979,0,'2016-12-29 11:48:06','2001-03-12 02:47:35'),(28,29,'LABORIS NISI UT ','cupidatat non proiden','anim id est laborum.Lorem ipsum dolor sit amet, consectetur adipisc','reprehenderit in v',28103,8154,0,'1991-12-08 16:15:40','2016-08-18 06:32:51'),(29,19,'IN VOLUPTATE VELIT','proident, sunt in culpa','mollit anim id est laborum.Lorem ipsum dolor sit amet, consectetur adipiscing elit, sed do eiusmod t','esse cillum dolo',28056,5661,0,'2016-03-02 12:51:52','2002-11-05 02:09:54'),(30,13,'COMMODO CONSEQU','Ut enim ad minim veniam, quis','proident, sunt in culpa qui officia deserunt mollit anim id es','tempor incididunt',17127,7950,0,'2000-05-07 23:04:58','1985-03-05 20:35:00'),(31,23,'ADIPISCING ELIT, SED DO EIU','ipsum dolor sit amet, consec','magna aliqua. Ut enim ad minim veniam, quis nostrud exercitation ullamco laboris nisi ','elit, sed do eiu',20464,31541,0,'1999-06-12 03:08:00','1986-03-31 02:44:39'),(32,21,'ELIT, SED DO EIUSMOD TEMPOR IN','pariatur. Excepteur si','sint occaecat cupidatat non proident, sunt ','elit, sed',26620,11299,0,'1980-05-16 18:18:01','2010-09-17 04:44:07'),(33,3,'UT LABORE ET DOLO','mollit anim id est labor','consequat. Duis aute irure dolor in reprehenderi','duis aute ir',8027,15861,0,'1997-04-18 11:21:00','1999-07-02 03:16:20'),(34,23,'NON PROIDENT, SUNT IN CULPA ','sunt in culpa qui offici','adipiscing elit, sed do eiusmod tempor incididunt ut labore et dolore mag','mollit anim id ',22719,22630,0,'1989-05-20 20:40:23','1996-07-24 23:58:44'),(35,16,'ID EST LABOR','velit esse cillum dolore eu','velit esse cillum dolore eu fugiat nulla pariatur. Excepteur sint occaecat cupidatat non proident','laborum.l',31382,13637,0,'1995-04-28 21:04:07','2008-05-31 01:53:27'),(36,6,'IN VOLUPTATE VELIT ESSE CI','cillum dolore eu fug','aliqua. Ut enim ad minim veniam,','non proident, su',14829,2161,0,'2013-06-01 13:13:02','1980-08-08 16:05:46'),(37,29,'VENIAM, ','magna aliqua. Ut enim ad','sed do eiusmod tempor incididunt ut labore et dolore magna aliqua. Ut ','non proident',12472,14485,0,'1988-01-26 15:40:36','2003-04-17 09:32:46'),(38,5,'DOLOR SIT AMET, CONSECTETUR A','veniam, quis nostrud exercit','tempor incididunt ut labore et dolore ma','ad minim veniam,',10046,2030,0,'1993-07-28 07:19:02','2002-02-11 07:18:40'),(39,30,'ET DOLO','in culpa qui officia ','irure dolor in reprehenderit in voluptate velit e','dolor in reprehen',27876,19623,0,'1993-07-26 20:28:25','2005-09-29 03:52:14'),(40,25,'EXCEPTEUR SINT OCCAECAT C','deserunt mollit anim id est la','in voluptate velit esse cillum dolore eu fu','ut enim ad minim',22742,31694,0,'2013-05-01 06:25:17','1992-02-09 12:59:29'),(41,12,'OCCAECAT CUPIDATAT NON PRO','anim id est laborum.Lorem','veniam, quis nostrud exercitation ullamco laboris nisi ut aliqui','pariatur. exc',12372,19450,0,'1997-07-11 23:32:49','1991-02-20 21:36:28'),(42,12,'UT ENIM AD MINIM VEN','m.Lorem ipsum dolor sit amet,','id est laborum.Lorem ipsum dolor sit amet, consectetur adipiscing elit, sed d','do eiusmod temp',19909,31473,0,'2011-07-20 13:02:10','1989-03-07 06:03:19'),(43,1,'IN VOLUPTATE VELIT E','qui officia deserunt','quis nostrud exercitation ullamco laboris nisi ut ','ullamco labor',1766,4845,0,'1994-11-05 10:42:53','1990-12-27 19:11:04'),(44,24,'ALIQUA. UT ENIM AD MINIM VENI','magna aliqua. Ut enim ','ex ea commodo consequat. Duis aute irure dolor ','mollit ',17410,5968,0,'1999-02-25 10:27:44','2000-01-13 01:46:26'),(45,24,'DESERUNT MOLLIT ANIM ID ES','ipsum dolor sit amet,','adipiscing elit, sed do eiusmod tempor incididunt ut labore et dolore magna a','occaecat ',6470,15627,1,'2001-08-27 08:08:16','2019-07-31 16:06:20'),(47,16,'EU FUGIAT NULLA PAR','ut labore et dolore ','nulla pariatur. Excepteur sint ','quis nostrud exercit',20442,15384,0,'2015-04-14 16:32:36','2008-01-21 02:48:12'),(48,2,'IN CULPA QUI O','borum.Lorem ipsum dolor si','aute irure dolor in reprehenderit in voluptate velit esse cillum dolore eu fugiat nulla pariatur','ullamco labori',10968,25781,0,'1987-03-09 03:03:01','2018-09-16 22:27:19'),(49,21,'MOLLIT A','sunt in culpa qui officia de','id est laborum.Lorem ipsum dolor sit amet,','quis nostrud ',23471,10303,0,'2013-01-28 07:29:43','1993-08-11 09:53:18'),(50,26,'EX EA COMMOD','nostrud exercitation','adipiscing elit, sed do eiusmod tempor incididunt ut labore et dolore magna aliqua. Ut enim ad ','cupidatat non proid',24397,28870,0,'2000-10-04 18:48:18','1993-03-27 20:06:16'),(51,28,'AD MINI','voluptate velit esse ci','in reprehenderit in voluptate velit esse cillum dolor','in repre',18554,31439,0,'1997-12-30 03:32:40','2001-03-07 09:10:02'),(52,5,'MAGNA AL','dolor in reprehenderit in volu','aliqua. Ut enim ad minim veniam, quis nostrud exercitation ullamco','pariatur. ',2347,3938,0,'2010-01-01 22:00:44','2010-09-12 05:12:47'),(53,1,'INCIDIDUNT','do eiusmod tempor inc','dolore magna aliqua. Ut enim ad minim veniam, quis nostrud exercitation ullamco laboris nisi ','dolore eu fugiat ',20646,11241,0,'1990-12-27 19:18:33','1989-07-29 07:44:27'),(54,13,'UT LABORE ET DOLORE MAGNA AL','laborum.Lorem ipsum','sunt in culpa qui officia deserunt mollit anim id est laborum.Lorem ipsum dolor sit amet, co','sint occa',2290,18587,0,'2000-11-23 15:45:31','1992-04-30 17:55:10'),(55,2,'IN CULPA QUI OFFICIA DE','ea commodo consequat. Duis a','rum.Lorem ipsum dolor sit amet, consectetur adipiscing elit, s','labore et dolore ',18562,6817,0,'2018-01-02 23:13:00','1992-10-19 07:34:08'),(56,16,'COMMODO CONSEQUAT','in voluptate velit esse cillum','ullamco laboris nisi ut aliquip ex ea commodo consequat. Duis aute iru','in voluptat',3546,12817,0,'1987-04-02 10:36:03','2001-11-06 13:49:08'),(57,7,'IN VOLUPTATE','in reprehenderit in voluptate ','eu fugiat nulla pariatur. Excepteur sint occaecat cupidatat non proident, sunt in culpa qui officia','dolore eu fugia',6083,3301,0,'1997-06-01 01:34:12','1997-09-30 06:35:20'),(58,16,'CONSEQUAT. DUIS AUTE IRUR','reprehenderit in voluptat','pariatur. Excepteur sint occaecat cupidatat non pro','proident, sunt in cu',22237,28233,0,'1987-05-21 09:06:33','1988-12-12 04:08:29'),(59,26,'FUGIAT NULLA PARIATUR. EXC','in voluptate velit e','m.Lorem ipsum dolor sit amet, consectetur adipiscing elit, sed d','duis aute',17252,30544,0,'2009-10-05 21:51:31','1981-09-06 15:30:22'),(60,24,'MAGNA ALIQUA. UT ENIM AD ','ullamco laboris nisi u','consectetur adipiscing elit, sed do eius','sed do eius',16091,29782,0,'2003-10-01 12:26:02','1997-02-10 23:29:13'),(61,16,'MOLLIT ANI','nisi ut aliquip ex ea co','magna aliqua. Ut enim ad minim veniam, quis n','qui officia d',24820,32740,0,'1987-12-24 20:18:55','1984-03-23 20:01:18'),(62,21,'REPREHENDERIT IN ','sed do eiusmod tempor incid','Duis aute irure dolor in reprehenderit in voluptate velit esse cillum dolore eu fugiat nulla paria','ut labore et',11376,32184,0,'2019-08-21 08:36:14','1980-03-23 07:01:41'),(63,17,'ADIPISCING ELIT,','labore et dolore mag','veniam, quis nostrud exercitation ullamco laboris nisi ut ali','id est labo',30283,11238,0,'1990-05-22 21:24:23','2017-02-17 05:22:16'),(64,26,'ALIQUIP E','cillum dolore eu fugi','sed do eiusmod tempor incididunt ut l','aliquip ex ea',12529,6033,0,'2004-07-04 22:15:34','1995-12-24 11:30:59'),(65,10,'SINT OCCAECAT CUPIDATAT NON','Duis aute irure dolor in r','deserunt mollit anim id est laborum.Lorem ipsum dolor sit amet, consectetur adipiscing','non proide',3370,22390,0,'1988-03-25 01:56:23','2004-08-27 12:33:47'),(66,14,'TEMPOR INCIDIDUNT UT LABOR','veniam, quis nostrud e','nulla pariatur. Excepteur sint occaecat cupidatat non pr','nulla p',25154,26264,0,'1998-04-21 08:51:13','1983-06-25 22:56:52'),(67,10,'NULLA PARIATUR. EXCEP','pariatur. Excepteur sint occ','nisi ut aliquip ex ea commodo consequat. Duis aute irure dolor in reprehenderit in voluptate vel','nostrud exercitati',19359,9130,0,'1995-10-16 13:57:57','1992-12-22 15:26:45'),(68,20,'CONSECTETUR ADIPISCING ','non proident, sunt in culp','ullamco laboris nisi ut aliquip ex ea comm','nulla pariat',20595,31658,0,'2019-03-31 13:33:37','1992-06-24 18:05:18'),(69,19,'QUIS NOSTRUD EXERCITAT','mollit anim id est laborum','incididunt ut labore et dolore magna aliq','dolor sit amet, c',23735,42,0,'1989-08-13 10:41:52','2009-04-21 17:27:09'),(70,4,'SIT AMET, CONSECTETUR ','in voluptate velit ess','cillum dolore eu fugiat nulla pariatur. Excepteur sint occaecat cupidatat ','magna aliqua. ut',15043,21260,0,'1998-12-24 19:29:42','1983-12-06 13:15:32'),(71,18,'AUTE IRURE DOLOR IN REP','in voluptate velit esse ','esse cillum dolore eu fugiat nulla pariatu','quis nostrud exerci',11869,23302,0,'1981-03-15 18:16:54','1992-05-29 04:04:25'),(72,23,'EXCEPTEUR SINT OCCAECAT CUPIDA','ipsum dolor sit amet, c','officia deserunt mollit anim id est laborum.Lore','et dolore',9123,134,0,'2015-02-27 06:02:18','2014-01-01 18:30:01'),(73,3,'ESSE CILLUM DOLORE EU','irure dolor in reprehen','est laborum.Lorem ipsum dolor sit amet, consectetur adipiscing elit, sed do eiusmod tempor incid','dolor in ',4670,29243,0,'1986-06-24 02:28:34','2018-08-15 18:46:50'),(74,25,'ULLAMCO LABORI','dolor in reprehenderit in v','dolor in reprehenderit in voluptate velit esse cillum dolore eu fugiat nulla pariatur. Excep','sit amet,',29980,880,0,'1998-05-30 21:01:37','2008-04-24 10:30:42'),(75,10,'DOLOR SIT AMET, CONSE','cillum dolore eu fugi','magna aliqua. Ut enim ad minim veniam, quis nostrud exercit','in culpa qui off',6612,5586,0,'1991-12-01 20:41:26','1995-11-29 08:37:43'),(76,23,'ANIM ID EST LABORUM.LORE','adipiscing elit, sed do eiusm','ipsum dolor sit amet, consectetur adipiscing elit, sed do eiu','incididunt ut',7728,31141,0,'1999-12-22 14:40:00','2019-02-06 11:37:12'),(77,4,'MAGNA ALIQUA. UT ENIM AD MINIM','nisi ut aliquip ex ea commodo','Ut enim ad minim veniam, quis no','deserunt mollit ',1345,4468,0,'2002-06-10 08:40:05','1988-03-09 00:07:17'),(78,21,'DUIS AUTE IRURE ','in voluptate velit esse cillu','adipiscing elit, sed do eiusmod tempor incididu','tempor inc',20222,163,0,'1997-07-08 15:42:35','1987-09-10 17:15:45'),(79,28,'UT ENIM AD MINIM VENIAM','in voluptate velit esse','in voluptate velit esse cillum dolore eu fugiat nulla p','nulla pa',26691,7193,0,'2006-04-17 02:06:35','1983-05-19 19:45:13'),(80,19,'ADIPISCING ELIT, SED DO EIUSM','ipsum dolor sit amet, consecte','in reprehenderit in voluptate velit esse cillum dolore eu fugiat ','ullamco',4272,11847,0,'1989-01-10 15:39:21','2010-06-12 01:40:45'),(81,26,'EXERCITATION U','occaecat cupidatat non p','nisi ut aliquip ex ea commodo consequat. Duis aute irure dolor in reprehenderit in voluptate velit e','nostrud exe',6004,22982,0,'1995-05-20 19:03:15','2010-01-19 09:15:20'),(82,8,'NOSTRUD EXE','qui officia deserunt mollit a','proident, sunt in culpa qui officia ','aliquip ',19238,29904,0,'2013-11-05 18:26:37','2016-04-12 17:56:00'),(83,15,'EXERCITATI','et dolore magna aliq','Duis aute irure dolor in reprehenderit in voluptate velit ess','incididunt ut la',15653,11839,0,'1994-04-23 04:38:40','2019-01-28 03:17:01'),(84,7,'SINT OCCAECAT CUPID','in voluptate velit esse ','ipsum dolor sit amet, consectetur adipiscing elit, sed do eiusmod tempor incididunt ut labore et d','exercitatio',30185,6323,0,'2012-12-25 13:04:04','2017-02-21 05:41:21'),(85,15,'MAGNA ALIQUA. UT ENIM AD MINIM','ut aliquip ex ea commodo c','commodo consequat. Duis aute irure dolor in reprehenderit in voluptate velit esse c','mollit ani',23590,12468,0,'2009-06-02 09:29:12','1993-07-23 23:20:04'),(86,13,'NISI UT ','magna aliqua. Ut enim ','in culpa qui officia deserunt mollit anim id est laborum.L','ut enim ad',7064,7509,0,'2018-07-18 02:27:12','2000-10-19 17:57:57'),(87,6,'BORUM.LOREM IPSUM D','laboris nisi ut aliq','velit esse cillum dolore eu fugiat nulla pariatur. Excepteur sint occaecat cupidatat non proident, ','anim id est labor',26100,21709,0,'2015-08-19 03:25:36','2007-08-17 09:10:43'),(88,10,'NON PROIDENT, SUNT IN CULPA QU','tempor incididunt ut ','elit, sed do eiusmod tempor incididunt ut labore et dolore magna aliqua. Ut en','exercitation ul',23277,17456,0,'1983-04-05 19:38:54','1983-09-13 14:10:14'),(89,23,'SED DO E','in culpa qui officia deseru','nisi ut aliquip ex ea commodo conseq','minim veniam,',281,16700,0,'2008-05-09 13:29:01','1990-08-15 22:48:12'),(90,28,'EIUSMOD ','incididunt ut labore et dol','tempor incididunt ut labore et dolore magna aliqua. Ut enim ad minim veniam, qui','in culpa q',7068,7925,0,'1995-10-08 04:38:35','2015-05-08 11:27:34'),(91,21,'VELIT ESSE CILLUM DOLORE ','cupidatat non proident, ','ut labore et dolore magna aliqua. Ut enim ad minim veniam, quis nostrud ','sunt in culpa',11892,30718,0,'2008-03-14 19:29:09','1980-04-20 12:09:37'),(92,12,'VENIAM, QUIS N','et dolore magna aliqua. Ut en','cupidatat non proident, sunt in culpa qui officia deserunt mollit anim','sed do eiu',24106,18864,0,'2015-02-13 09:16:47','1990-02-06 06:10:33'),(93,9,'CONSEQUAT. DUIS AUTE IRUR','cillum dolore eu fugiat','ex ea commodo consequat. Duis aute irure dolor in reprehenderit in volup','exercitation ullamc',11360,27034,0,'2017-10-31 12:42:33','2003-01-30 04:23:55'),(94,3,'UT ENIM AD MINIM VENIAM, Q','consectetur adipiscing eli','eiusmod tempor incididunt ut labore et dolore magna aliqu','do eiusmod tem',22177,4180,0,'1981-06-30 12:19:04','2005-01-03 21:56:29'),(95,25,'EX EA COMMODO','aute irure dolor in rep','dolor sit amet, consectetur adipiscing elit, sed do eiusmod tempor incid','laborum.lorem i',27521,18084,0,'2012-11-26 18:26:45','2005-12-13 12:51:31'),(96,20,'OFFICIA DESER','rum.Lorem ipsum dolor sit','et dolore magna aliqua. Ut enim ad ','aute ir',17584,32724,0,'2019-11-29 11:33:04','2011-06-12 10:37:18'),(97,3,'DOLOR SIT AMET','cillum dolore eu fugiat ','sit amet, consectetur adipiscing elit, sed do eiusmod tempor incididunt ut labore et','anim id est ',2798,30676,0,'1982-08-05 20:24:02','1991-09-01 09:38:16'),(98,9,'IPSUM DOLOR','nulla pariatur. Excepteur s','ad minim veniam, quis nostrud exercitation ','aute irure dol',11884,19729,0,'1991-02-24 09:33:38','2007-12-13 12:20:36'),(100,11,'EIUSMOD ','aute irure dolor in re','non proident, sunt in culpa qui officia deserunt mollit anim id est laborum.Lorem ipsum dolor s','mollit an',27662,31650,0,'1987-10-27 10:20:05','1981-10-25 00:17:54'),(101,9,'SUNT IN C','non proident, sunt in ','adipiscing elit, sed do eiusmod tempor incididunt ut labore et dolore magna aliqua. Ut enim','nostrud exercit',14218,15274,0,'1981-01-20 16:09:26','1999-02-22 02:03:33'),(102,6,'CULPA QUI OFFICIA DE','ut labore et dolore magna ','pariatur. Excepteur sint occaecat cupi','dolor sit amet, cons',19445,5822,0,'1984-10-26 15:20:53','2005-06-21 11:36:48'),(103,6,'ULLAMCO LABORI','in voluptate velit esse cill','in voluptate velit esse cillum dolore eu fugiat nulla pariatur. E','qui offici',31514,5436,0,'1998-09-24 23:17:35','1998-01-17 23:58:16'),(104,15,'IRURE DOLOR I','Ut enim ad minim veniam,','ea commodo consequat. Duis aute irure d','anim id est la',27208,31701,0,'2014-02-03 04:39:25','2000-04-27 07:58:06'),(106,5,'ADIPISCING ELIT, SED DO EIU','Duis aute irure dolo','ex ea commodo consequat. Duis aute irure dolor in reprehenderit in v','excepteur s',9095,12120,0,'2010-12-03 22:24:20','1987-01-06 16:24:41'),(107,17,'CONSECTETU','in voluptate velit esse cillum','aute irure dolor in reprehenderit in volu','in culpa qui of',4522,18365,0,'2009-03-10 16:02:17','2011-06-24 22:42:21'),(108,30,'DO EIUSMOD TEMPOR INCID','magna aliqua. Ut enim ad mi','laborum.Lorem ipsum dolor sit amet, consectetur adipiscing eli','commodo consequ',31871,18768,0,'1988-12-24 06:20:03','2012-05-29 01:55:14'),(109,18,'VENIAM, QUIS N','ex ea commodo consequa','deserunt mollit anim id est laborum.Lorem ipsum dolor sit amet, conse','.lorem ipsum d',21445,69,0,'1982-03-05 20:38:59','1983-05-08 12:24:58'),(110,17,'ADIPISCING ELIT, SED','ipsum dolor sit amet, consec','eu fugiat nulla pariatur. Excepteur sint occaecat c','cillum dolore eu fu',30168,29621,0,'2009-04-11 13:41:37','1993-09-04 02:08:08'),(111,3,'TEMPOR INCIDIDUN','velit esse cillum dolore e','nulla pariatur. Excepteur sint occaecat cupida','nostrud exer',10695,9022,0,'1993-09-05 20:03:49','2009-08-23 19:57:55'),(112,8,'CUPIDATAT ','sit amet, consectetur adi','Duis aute irure dolor in reprehenderit in voluptate velit esse cillum d','ut enim ad mini',30744,31721,0,'2016-05-25 14:49:04','1995-05-23 21:08:25'),(113,15,'IPSUM DOLOR SIT AMET, CO','mollit anim id est labor','fugiat nulla pariatur. Excepteur sint o','sint occaeca',17011,31059,0,'2005-12-12 02:25:37','2019-02-15 10:46:34'),(114,11,'PARIATUR. ','quis nostrud exercitation ulla','Duis aute irure dolor in reprehenderit ','cupidatat non pr',23783,2765,0,'2016-03-05 13:52:57','1989-08-17 00:04:12'),(115,13,'DESERUNT MOLLIT ANIM ID ES','sed do eiusmod tempor in','in voluptate velit esse cillum dolore eu fugiat nulla pa','dolor in reprehende',17104,12456,0,'2009-09-05 15:17:47','1989-07-09 17:12:59'),(116,6,'DUIS AUTE IRURE DOL','ex ea commodo consequ','anim id est laborum.Lorem ipsum dolor sit amet,','dolore eu fugi',18748,27471,0,'1980-10-27 21:21:02','2008-08-20 01:14:58'),(117,11,'NULLA PARIATUR. EXCEPTEU','commodo consequat. Duis ','Excepteur sint occaecat cupidatat non proident, sunt ','exercitation ull',26302,1062,0,'2019-06-06 08:05:15','1983-05-11 20:49:54'),(118,3,'SUNT IN CUL','ipsum dolor sit amet, cons','occaecat cupidatat non proident, sunt in culpa qui officia deserunt','sunt in culpa q',7307,396,0,'2019-12-09 06:01:38','2018-02-25 20:34:19'),(119,22,'IN VOLUPTATE VELIT ESS','labore et dolore magna al','veniam, quis nostrud exercitation ullamco laboris nisi ut aliquip ex ea c','ad minim veniam',16747,8296,0,'2009-02-22 11:34:32','1992-03-05 12:15:20'),(120,2,'ORUM.LOREM IPSUM DOLOR SI','est laborum.Lorem ip','laborum.Lorem ipsum dolor sit amet,','consectetur adipisc',9393,24710,0,'1998-06-25 02:08:41','2013-09-15 09:37:10'),(121,8,'NON PROIDENT, SUNT IN ','ut labore et dolore ','in voluptate velit esse cillum d','adipiscin',16882,9161,0,'2015-03-14 19:01:32','2017-06-22 00:36:45'),(122,30,'SINT OCCAECAT CUPIDATAT','in voluptate velit es','ut labore et dolore magna aliqua. U','quis nostr',7119,8547,0,'1992-05-25 11:02:08','2016-08-13 11:05:17'),(123,5,'QUI OFFIC','veniam, quis nostrud e','Duis aute irure dolor in reprehenderit in vol','pariatur',22933,11113,0,'1988-12-15 13:55:28','1989-02-20 11:24:31'),(124,19,'ESSE CILLUM DOLORE EU ','tempor incididunt ut labore ','ut labore et dolore magna aliqua','adipiscing elit, se',29234,23795,0,'2003-08-29 11:14:28','2014-08-04 11:47:22'),(126,15,'CONSEQUAT. DUIS A','ex ea commodo consequat.','in voluptate velit esse cillum dolore eu fugiat nulla pariatur. Excepteur sint occaecat ','eiusmod t',7498,31347,0,'1983-09-19 07:11:26','1985-10-26 00:03:37'),(127,30,'ABORUM.LOREM IPSUM DOLOR SIT','velit esse cillum dolor','orum.Lorem ipsum dolor sit amet, consectetur adipiscing elit, sed','excepte',1162,17186,0,'1988-05-14 05:34:35','2008-11-19 22:34:28'),(128,18,'VOLUPTATE VELIT ESSE CILLUM','non proident, sunt in culpa ','ut labore et dolore magna aliqua. Ut enim ad mi','consectetur adipis',6022,187,0,'2018-10-05 09:16:36','2001-11-29 03:38:46'),(129,16,'RUM.LOREM IPS','adipiscing elit, sed do','velit esse cillum dolore eu fugiat nulla pariatur. Excepteur sint occaecat','velit esse cil',6571,22552,0,'1980-08-10 03:23:08','1984-01-18 10:38:57'),(130,17,'NON PROIDENT, SUNT IN CULPA Q','mollit anim id est laborum.Lo','voluptate velit esse cillum dolore eu fugi','culpa q',437,30941,0,'2010-11-14 09:03:20','1980-03-08 20:18:28'),(131,30,'SUNT IN CULPA QUI OFFICIA D','dolore eu fugiat nulla pari','laborum.Lorem ipsum dolor sit amet, consectetur adipiscing elit, sed do eiusmod tempor incididunt u','laboris nisi ut ali',4285,21726,0,'2003-06-12 17:58:59','2018-06-13 02:32:30'),(132,21,'ET DOLO','laborum.Lorem ipsum do','amet, consectetur adipiscing elit, sed do eiusmod te','sint occ',13229,17067,0,'2012-10-29 07:15:28','2019-12-15 09:01:17'),(133,17,'SIT AMET, CONSECTETUR ADIPIS','culpa qui officia deserunt mo','Excepteur sint occaecat cupidatat non proident, sun','eu fugiat nulla',18251,29417,0,'1986-03-14 11:34:32','1981-01-20 08:10:45'),(134,11,'VOLUPTATE VELIT ','non proident, sunt in culpa','culpa qui officia deserunt mollit anim id est ','et dolore magna ',6472,28471,0,'2004-02-12 06:40:16','2019-09-25 16:44:45'),(135,28,'ADIPISCING ELIT, SED DO E','esse cillum dolore eu fu','pariatur. Excepteur sint occaecat cupidatat non proident, sunt in culpa qui officia des','aliquip ex ea comm',2119,18497,0,'2000-09-10 07:54:27','1998-05-13 17:42:23'),(136,3,'EA COMMOD','aliqua. Ut enim ad minim','aute irure dolor in reprehenderit in voluptate velit esse cillum dolore eu fugiat nul','voluptate ve',1206,18606,1,'2007-08-06 16:43:25','2019-07-31 16:06:20'),(137,5,'EX EA COMMODO CONSEQUAT. ','aute irure dolor in reprehe','reprehenderit in voluptate velit esse cillum dolore eu fugiat nulla pariatur. Excepteur sint occaeca','velit esse cillum d',30189,32357,0,'1984-04-06 19:33:21','2012-09-28 23:03:03'),(138,6,'SINT OCCAEC','in voluptate velit esse','Duis aute irure dolor in reprehenderit in voluptate velit esse cillum d','incididunt',17757,18183,0,'1991-04-29 18:53:47','2007-06-12 13:24:13'),(139,17,'ESSE CILLUM DOLORE EU FUGIAT ','aliqua. Ut enim ad minim ve','nisi ut aliquip ex ea commodo consequat. Duis aute irure dolor in re','sint occaecat',31789,6268,0,'2003-05-25 12:02:45','2017-09-19 01:19:19'),(140,22,'IN REPREHENDERIT ','labore et dolore magna al','non proident, sunt in culpa qui officia deserunt mollit anim id est laboru','voluptate vel',8658,16455,0,'1994-10-02 12:31:12','2007-11-25 07:27:11'),(141,5,'ALIQUA. UT ENIM AD MI','esse cillum dolore eu f','ut labore et dolore magna aliqua. Ut ','exercitation u',29418,16480,0,'2017-04-11 13:47:36','1993-07-12 00:31:49'),(142,11,'NULLA PA','orum.Lorem ipsum dolor','fugiat nulla pariatur. Excepteur sint occaecat cupidatat non pro','adipiscing ',27922,642,0,'2014-05-18 16:25:22','1999-09-07 01:34:03'),(143,6,'INCIDIDUNT UT LABORE ET ','incididunt ut labore et dolore','elit, sed do eiusmod tempor incididunt ut labore et dol','proident, sunt',14641,29525,0,'1995-03-13 02:13:37','1997-05-13 15:39:15'),(144,26,'DESERUNT MOLLIT AN','do eiusmod tempor incididunt','in culpa qui officia deserunt mollit anim id est laborum.Lorem','incidid',26210,6989,0,'1980-12-17 16:41:27','2007-12-06 10:41:34'),(145,7,'ADIPISCING ELIT,','ut aliquip ex ea com','in culpa qui officia deserunt mollit anim id est laborum.Lorem ipsum dolor sit amet, consectetur ad','fugiat nulla pari',31687,8626,0,'1992-06-21 11:58:30','2014-12-03 19:15:11'),(146,7,'VENIAM, QUIS NOSTR','id est laborum.Lorem ipsu','deserunt mollit anim id est laborum.Lorem ipsum dolor sit amet, co','id est laborum.lo',3251,27044,0,'1992-08-22 22:12:51','2012-11-03 12:55:32'),(147,27,'.LOREM IPSUM DOLOR SIT AMET,','nisi ut aliquip ex ea c','cillum dolore eu fugiat nulla pariatur. Excepteur sint occaecat cupidatat non pr','cillum dolore eu',1229,10461,0,'2009-10-10 15:56:23','1990-07-09 03:29:47'),(148,10,'IPSUM DOLOR SIT AMET, CONSE','sed do eiusmod tempor incid','fugiat nulla pariatur. Excepteur sint occaecat cupidatat non proident, sunt in culpa ','eiusmod tempor inc',25077,3499,0,'2018-02-17 03:47:06','2017-03-03 06:44:58'),(149,18,'TEMPOR INCIDIDUNT UT LA','occaecat cupidatat non proide','in voluptate velit esse cillum dolore eu fugiat','ut enim ad mi',23377,5534,0,'1990-05-31 09:55:08','2010-09-05 02:31:53'),(150,23,'INCIDIDUNT UT LABORE ET D','nisi ut aliquip ex ea','ut labore et dolore magna aliqua. Ut enim ad minim veniam, quis nostrud exercitation ullamc','dolor sit ',28907,7979,0,'2015-06-16 10:38:58','2005-05-26 14:07:02'),(151,14,'NISI UT ALIQUI','dolore eu fugiat nulla ','anim id est laborum.Lorem ipsum dolor sit amet, consectetur adipiscing elit, sed do ei','ex ea commodo',16201,27157,0,'1982-01-20 09:54:23','2008-08-21 17:48:25'),(152,2,'NON PROIDENT, SU','magna aliqua. Ut enim','nostrud exercitation ullamco laboris nisi ut aliquip ex ea commodo consequat.','velit ess',23577,5533,0,'1993-01-29 23:52:02','1987-03-08 19:22:42'),(153,11,'CONSEQUAT. DUI','dolore eu fugiat nulla','nostrud exercitation ullamco laboris nisi ut aliquip ex ea commo','laborum.',4049,25592,0,'1987-03-15 11:50:54','2016-03-20 08:41:45'),(154,12,'ELIT, SED DO EIUSMOD TEMPOR','Duis aute irure dolor in repre','ullamco laboris nisi ut aliquip ex ea commodo consequat. Duis aute irure dolor in reprehenderit i','esse ci',31682,28860,0,'1986-02-14 09:40:09','2007-03-02 05:58:06'),(155,16,'MOLLIT ANIM ','quis nostrud exercit','Ut enim ad minim veniam, quis nost','eiusmod temp',10712,23727,0,'2014-04-13 19:54:16','1986-11-23 17:07:22'),(156,28,'LOREM IPSUM D','sed do eiusmod tempor in','non proident, sunt in culpa qui officia deserunt mollit anim id est laborum.Lore','um.lorem i',31292,14439,0,'1986-11-30 21:45:21','1993-07-31 18:38:20'),(157,25,'EXERCITATION ULLAMCO L','fugiat nulla pariatur. Ex','velit esse cillum dolore eu fugiat','ullamco la',4035,6026,0,'2000-02-01 08:00:12','1995-01-08 18:33:17'),(158,24,'ANIM ID EST LABORUM.','labore et dolore magna al','commodo consequat. Duis aute irure dolor in reprehenderit in voluptate velit esse ','qui officia dese',8855,18,0,'2012-12-11 00:28:21','1991-03-08 14:53:57'),(159,4,'SIT AMET, CONSECTETUR ADIPISCI','nisi ut aliquip ex ea ','quis nostrud exercitation ullamco labori','lorem ipsum dol',5582,25964,0,'1986-09-17 01:53:37','1984-02-13 18:54:03'),(160,12,'NOSTRUD EXERCITATION ULLAMC','ut labore et dolore mag','quis nostrud exercitation ullamco laboris nisi ut aliquip ex ea commodo consequat','ut enim a',22735,29248,0,'1985-09-23 23:01:07','2010-08-23 19:01:10'),(161,30,'TEMPOR INCIDIDUNT UT LA','Ut enim ad minim veniam, q','fugiat nulla pariatur. Excepteur sint o','eu fugiat',2777,18299,0,'2016-05-20 06:54:45','2002-09-08 13:32:13'),(162,23,'LABORIS NISI U','sit amet, consectetur adipisc','voluptate velit esse cillum dolore eu fugiat nulla paria','tempor incidi',10609,24997,0,'1998-02-04 10:48:01','1990-12-09 09:45:46'),(163,24,'LABORIS NISI UT ','et dolore magna aliqua. Ut ','elit, sed do eiusmod tempor incididunt ut labore e','ut labo',27710,14967,0,'1983-01-12 07:19:34','2014-01-05 14:23:58'),(164,3,'DOLORE EU FUGIAT ','laboris nisi ut aliquip ex ea','quis nostrud exercitation ullamc','elit, s',28685,8380,1,'1999-03-22 15:51:35','2019-07-31 16:06:20'),(165,30,'DOLORE EU FUGIAT NULLA','non proident, sunt in culpa','labore et dolore magna aliqua. Ut enim ad ','incididunt ut labore',12527,31869,0,'1989-10-08 21:54:15','2017-08-28 17:36:33'),(166,24,'EU FUGIAT NULLA PARIATUR.','ullamco laboris nisi ut al','ex ea commodo consequat. Duis aute irure d','laboris ni',30996,0,1,'2015-09-27 18:26:57','2019-07-31 16:06:20'),(167,29,'LABORUM.LOREM IPSUM DOL','dolore magna aliqua. Ut enim a','ex ea commodo consequat. Duis aute irure dolor in reprehenderit in volup','velit esse c',19269,21139,0,'2012-03-08 14:49:52','2017-07-30 06:55:10'),(168,2,'UT ENIM AD MINIM VEN','id est laborum.Lorem ipsu','non proident, sunt in culpa qui officia deserunt mollit anim id es','in culpa qui ',26607,27544,0,'2005-06-16 21:18:12','1982-08-29 18:59:05'),(169,11,'TEMPOR I','ad minim veniam, quis ','Duis aute irure dolor in reprehenderit in volupta','duis aute i',6395,4051,0,'1990-06-12 19:32:18','2004-06-18 05:19:28'),(170,21,'EU FUGIAT NULLA PARIATUR. EX','veniam, quis nostrud ex','aute irure dolor in reprehenderit in voluptate velit esse cillum','consequat',19046,31068,0,'2018-01-13 09:36:53','1981-01-31 03:53:08'),(171,27,'SINT OCCAECAT C','sint occaecat cupidat','Duis aute irure dolor in reprehenderit in vol','aliqua. ut enim ad ',26753,7593,0,'2007-06-04 05:01:28','1990-03-04 00:42:45'),(172,20,'EXERCITATION ULLAMCO LABORIS N','nisi ut aliquip ex ea ','tempor incididunt ut labore et dolore magna aliqua. Ut enim ad m','do eius',3552,24714,0,'2003-05-12 02:42:47','2003-07-20 00:49:06'),(173,5,'AD MINIM VENI','in voluptate velit esse cillum','borum.Lorem ipsum dolor sit amet, consectetur a','nulla pariatu',21990,5143,0,'2007-06-27 01:43:30','1992-12-07 09:15:38'),(175,16,'SINT OCCAECAT CUPIDATAT NON','irure dolor in reprehe','quis nostrud exercitation ullamco','tempor incididun',32337,7889,0,'2018-06-12 10:51:20','2016-04-24 21:06:43'),(176,7,'DUIS AUTE IRURE DOLOR IN R','Duis aute irure dolor','exercitation ullamco laboris nisi ut aliquip e','velit esse cillum do',29181,6945,0,'2004-10-18 08:17:30','2016-06-08 11:10:56'),(178,20,'NISI UT ALIQUIP EX EA COMMOD','nostrud exercitation','in voluptate velit esse cillum dolore eu fugiat null','pariatur. e',671,21671,0,'2000-12-27 04:26:26','2002-07-16 14:59:30'),(179,14,'ULLAMCO LABORIS NISI','mollit anim id est laborum','ipsum dolor sit amet, consectetur adipiscing elit, sed do eiusmod tempor incididunt ut labore et ','exercitation ullamco',17299,32679,0,'1983-01-07 16:53:43','2008-09-23 14:46:27'),(180,9,'OFFICIA DESERUNT MOLLIT ANIM ','orum.Lorem ipsum dolor si','qui officia deserunt mollit anim id est laborum.Lorem ipsum dolo','ut enim',18635,27306,0,'1996-08-23 22:50:33','1997-01-14 08:56:22'),(181,26,'PROIDENT, SUNT IN CULPA QUI OF','eu fugiat nulla pariatu','dolor in reprehenderit in voluptate velit esse','cupidatat non ',12844,5778,0,'1982-04-28 05:53:21','1990-12-17 12:12:32'),(182,28,'MAGNA ALIQUA. UT ENI','deserunt mollit anim id est ','nulla pariatur. Excepteur sint occaecat cupidatat non proident, sunt in culpa q','ex ea c',3796,4922,0,'2019-01-08 10:12:31','1987-04-28 06:01:26'),(183,5,'CULPA QU','Excepteur sint occaecat cupid','nisi ut aliquip ex ea commodo consequat. ','cupidatat non pro',19387,2127,0,'2012-04-15 06:52:50','1982-01-18 13:40:01'),(184,29,'DESERUNT MOLLIT','magna aliqua. Ut enim ad mi','est laborum.Lorem ipsum dolor sit amet, consectetur a','incididunt ut labor',2371,29798,0,'1989-05-03 09:43:10','1985-12-05 03:41:22'),(185,13,'MOLLIT ANIM ID EST ','cillum dolore eu fug','nulla pariatur. Excepteur sint occaecat cupidatat non proident, sunt in culpa qui officia d','magna aliqua. ut en',9857,17507,0,'2010-01-22 14:10:18','1986-09-17 01:20:38'),(186,19,'CONSECTETUR ADIPISCING EL','occaecat cupidatat non proide','in reprehenderit in voluptate velit esse cillum dolore e','duis aute irure dolo',28218,1152,0,'1983-02-15 09:42:31','1998-05-10 12:16:14'),(187,3,'MOLLIT ANIM ','aute irure dolor in reprehe','id est laborum.Lorem ipsum dolor sit amet, consectetur adipiscing elit, sed do','ad minim v',12089,3862,1,'1991-08-07 06:36:10','2019-07-31 16:06:20'),(188,2,'UT ENIM AD MINIM VENIAM','elit, sed do eiusmod tempor i','do eiusmod tempor incididunt ut la','ut aliquip ',24187,20783,0,'1989-04-18 08:40:02','2018-12-14 05:19:52'),(189,26,'EXCEPTEUR SINT','ex ea commodo consequat. Duis','ad minim veniam, quis nostrud exerc','non proiden',2416,3600,0,'2019-03-09 05:00:56','2000-10-26 06:32:41'),(190,14,'ADIPISCING E','velit esse cillum dolo','sint occaecat cupidatat non proident, sunt in culpa qui officia deseru','et dolore magna aliq',16691,23855,0,'2014-03-10 03:32:44','2009-09-15 10:44:44'),(191,8,'AUTE IRURE DOLOR IN REPREH','in voluptate velit es','in voluptate velit esse cillum dolore ','nisi ut ali',586,28293,0,'2000-11-05 18:31:54','1991-06-19 03:59:54'),(192,28,'EX EA COMMODO CONS','sit amet, consectetur adipi','consectetur adipiscing elit, sed do eiusmod tempor incididunt ut la','magna aliq',26390,6706,0,'1981-07-06 07:04:23','1999-04-23 06:51:33'),(193,17,'CULPA QUI OFFI','dolore magna aliqua. Ut e','magna aliqua. Ut enim ad minim veniam, quis nostrud exercitation ul','sunt in culpa qui',24966,17928,0,'1989-09-17 17:46:35','2005-02-07 10:22:12'),(194,30,'ENIM AD M','dolor in reprehenderit in ','tempor incididunt ut labore et do','consecte',4604,13644,0,'2013-12-09 23:10:32','2009-03-21 02:22:44'),(195,18,'UT ENIM AD M','exercitation ullamco l','dolore eu fugiat nulla pariatur. Exc','minim veniam, qu',27245,24572,0,'1987-04-09 04:06:33','2013-05-26 17:46:39'),(196,10,'NULLA PARIATUR. EXCEP','in culpa qui officia deserunt ','Excepteur sint occaecat cupidatat non proident, sunt in culpa qui officia deserunt mollit anim id es','dolore magna aliq',25573,16657,0,'2006-01-06 04:32:25','1990-12-28 06:02:59'),(197,25,'AMET, CON','sunt in culpa qui officia','in voluptate velit esse cillum dolore eu fugiat nulla','excepteur si',7521,19554,0,'1985-04-15 21:44:12','2013-09-13 04:42:01'),(198,14,'LABORUM.LOREM I','cillum dolore eu fugi','Duis aute irure dolor in reprehenderit in voluptate velit esse cillum dolore eu fugi','exercitation ulla',5051,29576,0,'2008-11-19 07:12:23','2000-08-12 03:05:28'),(199,30,'NOSTRUD EXERCI','nostrud exercitation u','id est laborum.Lorem ipsum dolor sit amet, consectetur adipiscing elit, sed do eiusmod','dolor sit amet, con',4308,15562,0,'1987-09-16 17:16:59','1985-02-03 22:43:37'),(200,8,'ADIPISCING ELI','ullamco laboris nisi ut a','Ut enim ad minim veniam, quis nostrud exercitation ullamco laboris nisi ut aliquip ex ea commodo con','borum.lorem ipsum do',25137,27736,0,'2016-05-23 12:21:53','1997-06-01 18:29:45'),(201,11,'ET DOLORE MAGNA AL','nulla pariatur. Excepte','ullamco laboris nisi ut aliquip ex ea commodo consequat. Duis aute iru','reprehender',5560,10120,0,'1987-12-20 08:31:09','1988-12-21 04:50:48'),(202,11,'UT ENIM ','sunt in culpa qui officia des','anim id est laborum.Lorem ipsum dolor sit amet, consectetur adipiscing elit, sed do eiusmod tempor','fugiat null',1006,12124,0,'2019-11-18 00:38:19','2019-11-05 05:32:54'),(204,6,'IN REPREHENDERIT IN','mollit anim id est laboru','elit, sed do eiusmod tempor incididunt u','nisi ut aliqu',7519,25032,0,'2008-04-27 04:00:40','2014-06-06 16:56:24'),(205,30,'NON PROIDENT, SUNT IN CULP','adipiscing elit, sed do ei','elit, sed do eiusmod tempor incididunt ut labore et dolore magna a','aute irure',25135,32712,0,'1983-04-05 15:05:53','2007-09-02 19:33:04'),(206,16,'IN VOLUPTATE VE','exercitation ullamco l','aliquip ex ea commodo consequat. Duis aute irure dolor in reprehenderit in vo','excepteur sint oc',25300,32583,0,'2017-03-06 11:19:34','1984-12-30 20:05:54'),(208,21,'ANIM ID EST LABORUM.LOREM IPSU','consequat. Duis aute','anim id est laborum.Lorem ipsum dolor sit amet, consectetur adipiscing elit, sed do eiusmod tem','adipiscing elit, ',18072,19640,0,'2013-02-22 08:13:50','1986-11-23 04:48:58'),(210,11,'NON PROIDENT, SUNT IN CULPA ','ad minim veniam, quis nostrud','Ut enim ad minim veniam, quis nostrud exercitati','dolor i',15565,5939,0,'1995-01-03 01:37:05','2015-05-04 05:29:13'),(211,25,'EXERCITATION ULLAMCO LABOR','ullamco laboris nisi ut ali','enim ad minim veniam, quis nostrud exercitation ullamco laboris nisi ut aliqui','aliqua. ut ',14305,21617,0,'1984-03-15 09:42:00','2007-04-12 16:31:46'),(212,2,'UT LABORE ET DOLORE MAGNA ALIQ','ut labore et dolore magna al','Ut enim ad minim veniam, quis nostrud exercitation u','consectetur ad',6262,26440,0,'1982-08-27 02:35:14','2014-06-12 18:02:07'),(213,20,'IPSUM DOLOR S','id est laborum.Lorem ips','aliqua. Ut enim ad minim veniam, quis nostrud exercitation','sint occae',26145,6445,0,'1985-02-14 00:30:43','1998-12-15 19:13:25'),(214,6,'NON PROIDE','ullamco laboris nisi ut ','enim ad minim veniam, quis nostrud exercitation ullamco laboris nisi ut aliquip ex ea ','amet, consectetu',18288,15743,0,'2012-07-09 07:37:48','1998-05-19 10:26:01'),(216,22,'DOLORE EU FUGIAT NULLA PARIATU','tempor incididunt ut labore et','Excepteur sint occaecat cupidatat non proident, sunt in culpa','mollit anim id es',6034,14813,0,'1986-01-13 01:26:22','2019-12-14 12:43:45'),(217,8,'IN REPREH','eiusmod tempor incididunt u','sed do eiusmod tempor incididunt ut labore et dolore magn','m.lorem ipsum dol',16700,28009,0,'1982-07-30 03:20:14','1993-08-07 23:23:23'),(219,27,'DOLORE EU FUG','occaecat cupidatat non proide','laboris nisi ut aliquip ex ea commodo consequat. Duis aute irure d','pariatur. except',4038,23202,0,'2018-09-17 12:19:04','1980-04-07 14:47:18'),(220,15,'SED DO EIUS','in culpa qui officia deser','eu fugiat nulla pariatur. Excepteur sint occae','velit esse ci',8238,17644,0,'1987-07-05 11:05:22','2017-01-20 19:41:12'),(222,12,'UT LABORE','esse cillum dolore eu fu','Excepteur sint occaecat cupidatat non proident, sunt','magna aliqua. ut eni',7782,15731,0,'1995-02-12 08:22:19','2005-07-14 06:07:51'),(223,5,'UT LABORE ET DOLORE MAGNA ALI','irure dolor in reprehender','voluptate velit esse cillum dolore eu fugiat nulla pariatur. Excepteur sin','eiusmod tempor ',27308,27912,0,'2001-05-06 22:48:42','2001-05-01 13:18:11'),(225,28,'IN VOLUPTATE VELIT ESSE','officia deserunt mollit an','aliqua. Ut enim ad minim veniam, quis nostrud exercitation ullamco laboris nisi ut ali','ullamco laboris n',21363,16187,0,'1993-10-24 20:31:03','2019-08-29 14:12:23'),(226,15,'AD MINIM','sed do eiusmod tempor i','Duis aute irure dolor in reprehenderit in vo','magna aliqua',31947,9104,0,'2000-03-02 18:09:29','2005-08-23 21:25:28'),(227,3,'CUPIDATAT NO','sunt in culpa qui officia dese','et dolore magna aliqua. Ut enim ad minim veniam, quis nostrud exercitati','magna al',12118,24031,1,'2002-05-30 12:55:15','2019-07-31 16:06:20'),(228,16,'SED DO EIU','ex ea commodo consequat. Duis ','ullamco laboris nisi ut aliquip ex ea co','excepteur ',17402,4046,0,'2004-06-26 23:08:05','2013-01-19 18:02:58'),(229,16,'CONSEQUAT. DUIS AUTE IRURE DOL','dolore magna aliqua. Ut ','et dolore magna aliqua. Ut enim ad ','duis aute irure',16036,25242,0,'1990-11-12 22:12:04','2011-10-18 03:41:48'),(230,18,'CONSEQUAT. DUIS AUTE IRURE D','aliquip ex ea commodo conseq','ullamco laboris nisi ut aliquip ex ea commodo consequat. Duis aute irure dolor in reprehenderit','ad minim ve',15806,6869,0,'2013-05-07 15:08:55','1981-04-30 23:50:00'),(231,11,'DOLOR SIT AMET, CO','magna aliqua. Ut enim ad min','Duis aute irure dolor in reprehenderit in voluptate velit esse cillum dolore eu fugiat nulla pariat','velit esse cillu',13354,29247,0,'2011-05-26 13:14:55','2000-09-27 09:51:18'),(232,6,'VELIT ESS','sint occaecat cupidatat no','elit, sed do eiusmod tempor incidi','ut aliquip ex ea',30479,20360,0,'2004-06-17 01:52:46','2014-09-08 10:01:52'),(233,20,'OFFICIA DESERUNT MOLLIT AN','dolore eu fugiat nulla pariat','quis nostrud exercitation ullamco laboris nisi ut aliquip ex ea commodo c','exercitation ',28286,4552,0,'2005-07-30 01:00:40','1999-10-20 10:19:17'),(234,19,'IN VOLUPTATE VELIT ESSE ','laborum.Lorem ipsum dolor sit','dolor in reprehenderit in voluptate velit esse cillum dolore eu fugiat nulla p','do eiusmod ',8939,32713,0,'1993-11-19 17:57:09','2019-05-18 23:21:56'),(235,20,'QUIS NOSTRUD EXERCITATION ','ut aliquip ex ea commodo c','elit, sed do eiusmod tempor incididunt ut labore et dolore mag','velit esse cillum ',19645,17578,0,'2011-06-29 19:38:07','2005-06-26 17:48:22'),(237,17,'ULLAMCO LABORIS NISI UT ALIQUI','non proident, sunt in cu','Excepteur sint occaecat cupidatat non proident,','nisi ut aliquip ex e',31899,8322,0,'1991-01-11 09:51:40','1997-02-22 08:47:40'),(238,30,'ELIT, SED DO EIUSM','non proident, sunt in culpa ','nulla pariatur. Excepteur sint occaecat cupidatat non proident, sunt','incididu',14451,19064,0,'1993-08-16 01:57:41','2004-05-26 08:11:20'),(239,18,'QUIS NOS','nostrud exercitation ulla','dolore magna aliqua. Ut enim ad minim veniam, quis nostrud exercitation ulla','in reprehenderit in',29370,10442,0,'1982-12-08 21:52:59','2003-09-03 20:47:15'),(240,8,'AMET, CONSECTETUR ADIPISCING E','esse cillum dolore eu ','adipiscing elit, sed do eiusmod tempor incidi','dolore eu ',18752,26021,0,'2007-07-02 01:15:07','2013-10-23 22:06:48'),(241,27,'ESSE CIL','consequat. Duis aute irure do','eu fugiat nulla pariatur. Excepteur sint occaecat cupidatat non proident, sunt in culpa ','ut labore et do',3786,17424,0,'2012-08-26 20:39:27','1982-08-10 15:49:37'),(242,6,'SED DO EIUSMOD TEMPOR INCIDI','aute irure dolor in ','minim veniam, quis nostrud exercitation ullamco laboris nisi ut aliquip ex ea co','voluptate veli',21909,8269,0,'2007-07-03 01:14:42','1984-10-10 08:17:31'),(243,3,'ELIT, SED DO EIUSMO','tempor incididunt ut labo','et dolore magna aliqua. Ut enim ad minim veniam','in voluptate ',5594,4571,1,'2018-07-07 14:04:46','2019-07-31 16:06:20'),(244,6,'ET DOLORE MAGNA ALIQUA. UT E','dolore eu fugiat nulla','laborum.Lorem ipsum dolor sit amet, consectetur adipiscing elit, sed do eiusmod tempo','lorem ipsum d',1491,6197,0,'2006-12-21 00:31:43','2015-02-24 13:41:22'),(245,14,'EA COMMODO CONSEQUAT. ','non proident, sunt in culpa q','ex ea commodo consequat. Duis aute irure dolor in reprehende','aliqua. ut enim a',2477,20209,0,'1980-12-31 22:04:20','2013-12-05 16:53:52'),(247,28,'LABORE ET DOLORE MAGNA ALIQU','magna aliqua. Ut enim a','sint occaecat cupidatat non proident, sunt in cu','tempor inci',29375,16646,0,'1982-12-04 14:23:25','2011-11-26 04:57:50'),(248,26,'IPSUM DOLO','in reprehenderit in voluptat','Excepteur sint occaecat cupidatat non proident, sunt in culpa qui officia deserunt mol','ex ea commodo con',16848,6308,0,'1981-08-13 08:24:40','1981-11-13 09:05:00'),(251,25,'DESERUNT MOLL','velit esse cillum dolore eu','tempor incididunt ut labore et ','eu fugiat nul',4792,26815,0,'1991-02-27 14:01:58','2007-04-16 17:56:16'),(252,28,'LABORIS NISI UT ALIQUIP EX EA ','nisi ut aliquip ex ea co','et dolore magna aliqua. Ut enim ad minim veniam, quis nostrud exercitation ullamco lab','aute irur',10686,14173,0,'2003-05-28 04:23:34','2014-04-11 18:08:53'),(253,21,'NISI UT AL','dolor sit amet, conse','aliquip ex ea commodo consequat. Duis aute irure dolor in reprehenderit in voluptate velit ','excepteur sint',29033,23614,0,'1989-09-13 06:11:45','1982-04-02 18:33:11'),(254,27,'UT ENIM AD MINIM VENIAM','ut labore et dolore magna','tempor incididunt ut labore et dolore magna aliqua.','nulla pariatur. e',23604,21452,0,'1996-05-28 12:39:57','1981-09-30 01:19:30'),(255,2,'QUI OFFICIA','nisi ut aliquip ex ea commod','in reprehenderit in voluptate velit ','occaecat cupidatat n',31861,11721,0,'2012-07-15 13:16:46','2009-02-02 20:49:46'),(256,5,'CONSECTETUR ADI','sed do eiusmod tempor inci','velit esse cillum dolore eu fugiat nulla pariatur. Excepteur ','sit amet, consectet',27001,21345,0,'1994-08-21 14:46:10','2003-09-28 17:24:12'),(257,19,'DOLOR SIT AMET, C','cupidatat non proident,','velit esse cillum dolore eu fugiat nulla pariatur. Excepteu','incididunt ut l',27188,25762,0,'2006-11-25 00:11:53','2007-01-02 02:59:47'),(258,13,'EX EA COMMODO CONSEQUAT. DUI','dolor in reprehenderit in vol','ut labore et dolore magna aliqua. Ut enim ad minim veniam, qui','cupidatat non p',22173,18855,0,'1999-08-04 05:53:23','2013-01-23 11:33:56'),(259,6,'DOLORE EU FU','in reprehenderit in voluptat','irure dolor in reprehenderit in voluptate velit esse cillum ','occaecat cupida',10237,32284,0,'2016-08-30 16:42:53','1992-09-13 11:55:27'),(260,10,'MOLLIT ANIM I','consectetur adipiscing','ullamco laboris nisi ut aliquip ex ea co','adipiscing eli',20293,16277,0,'2016-12-26 19:38:52','1994-11-03 20:05:59'),(261,16,'EST LABO','in reprehenderit in vo','Ut enim ad minim veniam, quis nostrud exercitation ullamco laboris nisi ut aliquip ex e','lorem ipsum dolo',29940,22989,0,'1996-02-08 18:13:20','2001-02-07 20:55:06'),(262,12,'UT LABORE ET DOLORE MA','exercitation ullamco laboris','id est laborum.Lorem ipsum dolor sit amet, consectetur adipiscing elit, sed do eiusmod t','non pro',29158,11541,0,'1990-03-04 20:37:58','1991-03-24 02:50:14'),(263,5,'DESERUNT ','ullamco laboris nisi ut aliqu','in reprehenderit in voluptate velit esse cillum dolore eu','mollit anim id est',30233,6574,0,'2007-04-29 04:02:00','1997-10-09 12:33:49'),(264,20,'SED DO EIUSMOD TEMPOR INCIDID','deserunt mollit anim id est','Duis aute irure dolor in reprehenderit in voluptate velit esse cillum d','sit amet, conse',23442,12347,0,'2018-01-19 09:19:55','1985-02-28 20:57:27'),(265,26,'NON PROIDENT, SUNT IN C','exercitation ullamco laboris ','deserunt mollit anim id est laborum.Lo','commodo co',5830,2189,0,'2002-03-16 21:40:29','1989-02-24 04:24:27'),(266,20,'ENIM AD MINIM VENIAM, QUI','deserunt mollit anim id est la','ut labore et dolore magna aliqua. Ut enim ad minim veniam, quis nostrud','ullamco labo',22045,17102,0,'1996-08-15 19:18:34','1982-09-17 13:49:24'),(267,16,'FUGIAT NULLA PARIATUR. EXCEP','in voluptate velit esse ','tempor incididunt ut labore et dolore magna aliqua. Ut enim ad minim veniam, quis nostrud exerc','in voluptate velit e',15841,24699,0,'2015-05-13 21:21:09','2010-07-27 14:59:02'),(268,10,'REPREHENDERIT IN VOLUPTATE','tempor incididunt ut la','do eiusmod tempor incididunt ut lab','irure dolor in rep',2860,25618,0,'2007-07-06 13:49:37','1989-09-14 03:32:23'),(269,23,'NISI UT ALIQUIP EX EA COMMO','cupidatat non proident, su','eu fugiat nulla pariatur. Excepteur sint occaecat cupi','consectetur adip',13955,8861,0,'1991-05-13 09:46:16','1980-09-21 11:07:54'),(270,22,'CULPA QUI OFFICIA DESERUNT ','commodo consequat. Duis aute ','esse cillum dolore eu fugiat nulla ','proident',28896,6929,0,'1988-08-10 21:10:50','2016-06-02 01:56:05'),(271,8,'LABORUM.LOR','deserunt mollit anim id es','dolor in reprehenderit in voluptate ve','in voluptate ve',30923,1300,0,'1983-05-26 17:15:21','2000-01-04 00:20:16'),(272,3,'DOLORE EU FUGIAT NUL','ut aliquip ex ea commod','dolor sit amet, consectetur adipiscing elit, sed do eius','sit amet, consectetu',23682,16729,0,'2009-10-23 17:14:14','1987-04-16 18:37:43'),(273,15,'DUIS AUTE IRURE DOLOR IN','Duis aute irure dolor in repr','dolor sit amet, consectetur adipiscing elit, sed do eiusmod tempor incididunt ut l','tempor in',23982,20788,0,'2012-02-20 11:09:22','1997-05-23 01:20:22'),(274,9,'ULLAMCO LABORIS NISI UT ALIQ','magna aliqua. Ut enim a','Excepteur sint occaecat cupidata','consectetur adi',27037,15944,0,'1991-10-15 08:56:43','1992-06-01 03:38:50'),(275,2,'EA COMMODO ','nostrud exercitation ','consequat. Duis aute irure dol','ex ea com',12328,8803,0,'1984-07-17 11:54:39','1993-10-28 12:46:37'),(276,1,'UT LABORE ET','eiusmod tempor incididunt ','do eiusmod tempor incididunt ut labore et dolore magna aliqua. U','enim ad minim veni',2047,6004,0,'1984-11-21 06:59:17','1990-06-12 10:56:12'),(277,22,'EXERCIT','commodo consequat. Duis aute ','laboris nisi ut aliquip ex ea commodo ','est laborum.lorem',31762,26451,0,'2010-10-25 13:51:04','1998-03-27 16:41:07'),(278,10,'LABORUM','ea commodo consequat. Duis a','Excepteur sint occaecat cupidatat non proident, sunt in culpa qui officia deserunt mollit an','sit amet, con',12708,16193,0,'1997-01-05 07:00:02','2013-11-09 02:24:06'),(280,21,'DUIS AUTE IRURE DOLOR IN REPR','in voluptate velit esse cillum','sed do eiusmod tempor incididunt ut labore et dolore magna aliqua. Ut enim ad minim veniam, quis no','duis aute irure do',7760,8871,0,'2016-05-14 20:08:02','1989-12-18 13:42:49'),(281,15,'FUGIAT NULLA PARIATUR. EXC','ullamco laboris nisi ut aliqui','qui officia deserunt mollit anim id est laboru','duis au',9107,1918,0,'1989-07-30 08:48:15','1996-08-02 09:33:25'),(283,20,'MAGNA ALIQU','anim id est laborum.Lorem','aliqua. Ut enim ad minim veniam, ','in voluptate veli',19352,4318,0,'1986-04-09 10:09:16','2008-05-25 17:09:48'),(284,23,'CONSECTETUR ADIPISCING ELIT, ','laboris nisi ut aliquip ex ea','dolor sit amet, consectetur adipiscing elit, sed do eiusmod t','non proident, sunt ',16096,20475,0,'2006-01-29 00:51:03','2013-05-09 02:15:50'),(286,2,'ELIT, SED DO EIUSMOD TEMPO','adipiscing elit, sed do ','dolor in reprehenderit in voluptate veli','ut aliquip ex',27519,4623,0,'1983-08-01 05:54:25','1983-12-21 13:57:49'),(288,24,'UT LABORE ET DOLO','eu fugiat nulla pariatur. E','consequat. Duis aute irure dolor in reprehender','occaecat cupi',23478,5100,0,'1981-02-12 02:01:53','2012-11-12 12:12:52'),(289,28,'COMMODO ','aliqua. Ut enim ad minim veni','occaecat cupidatat non proident, sunt in culpa qui officia deserunt mo','adipisc',17492,10366,0,'2001-08-24 08:39:03','1982-08-07 09:04:57'),(290,2,'ALIQUIP E','nisi ut aliquip ex ea co','in voluptate velit esse cillum dolore eu fugiat nulla pariatur.','eiusmod tempor in',11658,15846,0,'1991-08-23 09:50:50','2016-10-26 18:47:11'),(291,2,'IN VOLUPTATE VELIT ESSE CIL','amet, consectetur ad','voluptate velit esse cillum dolore eu fugiat nulla pari','pariatur. excepte',15737,16604,0,'2013-07-05 14:14:24','2011-07-15 01:06:27'),(292,9,'UT ENIM AD MINIM VEN','minim veniam, quis nostr','dolor in reprehenderit in voluptate velit esse cillum dolore eu fugiat nulla pariatur. Exc','amet, co',1812,28466,0,'1984-10-27 08:38:55','1990-06-09 03:28:39'),(293,24,'CONSEQUAT','mollit anim id est laboru','enim ad minim veniam, quis nostrud exercitation ullamco laboris nisi ut aliqui','ut aliquip ex ea co',5094,5608,0,'2017-10-30 22:24:03','2017-09-10 07:26:20'),(294,23,'NULLA PARIATUR. EXCEPTEUR SIN','commodo consequat. Duis aute ','cupidatat non proident, sunt in culpa qui officia deserunt mollit anim id est laborum.Lo','laboris nis',27490,10057,0,'1988-05-13 01:00:29','2006-05-21 21:16:26'),(295,30,'MINIM VENIAM, QUIS NOSTRUD ','laborum.Lorem ipsum dolor','cupidatat non proident, sunt in culpa qui officia deserunt mollit anim id est laborum','ullamco laboris ',29742,3534,0,'1994-03-05 10:37:35','2006-12-17 09:04:48'),(296,29,'CILLUM D','tempor incididunt ut labore e','ea commodo consequat. Duis aute irure dolor in repr','in volupta',4700,31132,0,'2019-09-01 06:01:43','2013-06-30 00:19:51'),(297,6,'IN REPRE','ex ea commodo conseq','id est laborum.Lorem ipsum dolor sit amet, consectetur adipis','adipiscing elit, s',15425,5676,0,'1997-10-16 19:38:11','1997-03-05 20:40:56'),(298,29,'EXERCITATION ULLAMCO LABORI','qui officia deserunt mollit a','Excepteur sint occaecat cupidatat non proident, sunt in culpa qui officia deserunt mol','magna aliqua. ',2094,17811,0,'1985-07-07 18:24:04','2010-07-29 21:53:46'),(299,25,'IPSUM DOLOR SIT AMET, CONSECT','anim id est laborum.Lorem ip','laboris nisi ut aliquip ex ea commod','anim id e',31119,24054,0,'1986-12-17 05:08:05','1983-08-29 12:22:13'),(300,20,'ALIQUIP EX EA COMMODO CONS','laborum.Lorem ipsum dolor si','sunt in culpa qui officia deserunt mollit anim id est laborum.Lorem ipsum dolor sit amet, consecte','pariatur. excep',21739,31609,0,'2003-01-06 17:14:46','2018-07-02 01:40:56'),(301,24,'ANIM ID','anim id est laborum.Lorem','cillum dolore eu fugiat nulla pariatur. Excepteur sint occaecat cupidatat non p','sunt in ',6877,22624,0,'2002-04-19 22:57:46','1997-10-18 12:14:31'),(302,22,'NON PROIDENT, SUNT IN CUL','ut aliquip ex ea com','laborum.Lorem ipsum dolor sit amet, consectetur adipiscing elit, se','pariatur. ex',23864,14645,0,'1985-01-15 21:53:44','2004-04-01 04:43:19'),(303,4,'UT LABORE ET ','mollit anim id est laborum.Lor','et dolore magna aliqua. Ut enim ad minim veniam, quis nostrud exercitation ullamco laboris ni','et dolor',16485,22939,0,'2017-09-27 14:28:23','2000-08-05 19:43:53'),(304,24,'CULPA QUI OFFICIA DES','enim ad minim veniam, ','reprehenderit in voluptate velit esse cillum dolore eu fugiat nulla ','ipsum do',17548,17097,1,'1981-05-29 07:33:48','2019-07-31 16:06:20'),(305,16,'NON PROIDENT, SUNT IN CULPA','ex ea commodo consequat. Duis','ad minim veniam, quis nostrud exercitation ullamco laboris nisi ','sit amet',8235,27201,0,'2007-04-07 02:25:14','2017-03-14 04:46:09'),(306,12,'ULLAMCO LAB','adipiscing elit, sed do ei','elit, sed do eiusmod tempor incididunt ut labore et dolore magna al','ut labore et dolore',7679,31327,0,'1983-07-12 08:42:18','1998-11-15 00:01:28'),(309,11,'VELIT ESSE C','aute irure dolor in reprehende','dolor in reprehenderit in voluptate velit esse cillum dolore eu fugiat nul','duis aute irure dol',15998,3681,0,'1985-09-12 11:51:39','1997-08-06 20:42:35'),(310,5,'EIUSMOD TEMPOR INCIDID','cillum dolore eu fugiat nu','non proident, sunt in culpa qui officia deserunt mollit anim id est laborum.Lo','officia deserunt',10272,12453,0,'1991-05-15 11:07:37','2018-06-05 04:52:41'),(311,28,'NULLA PA','velit esse cillum dolore eu','laborum.Lorem ipsum dolor sit amet, consectetur adipiscing elit,','voluptate velit e',8807,27193,0,'1984-08-21 08:26:58','1991-05-24 06:37:42'),(312,17,'MAGNA ALI','voluptate velit esse cil','Excepteur sint occaecat cupidatat non proident, sunt in culpa qui officia deserunt mollit anim i','velit esse ',19209,21178,0,'2016-03-08 18:42:55','2003-02-02 21:40:25'),(313,9,'DESERUNT MOLLIT ANIM ID EST','rum.Lorem ipsum dolor s','adipiscing elit, sed do eiusmod tempor incididunt ut labore et dolore magna aliq','in volu',24797,28126,0,'1989-05-09 00:51:23','2001-02-05 15:16:01'),(314,23,'NULLA PARI','Ut enim ad minim ven','nostrud exercitation ullamco laboris nisi ut aliquip ex ea co','esse cillu',31297,8135,0,'1991-01-05 08:44:41','2007-01-06 21:52:11'),(315,11,'UT ENIM AD MINIM VENIAM, QU','non proident, sunt in c','in voluptate velit esse cillum dolore eu fugiat nulla pariatur. Excepteur sint occaecat ','aliqua. u',25950,5389,0,'2013-08-15 01:43:26','1989-12-20 16:20:31'),(317,10,'NOSTRUD EXERCITATION','ex ea commodo consequat. Dui','sint occaecat cupidatat non proident, sunt in culpa qui off','laboris nisi ut aliq',29781,14368,0,'2003-05-23 07:46:17','1980-06-06 22:20:25'),(318,1,'MAGNA ALI','nisi ut aliquip ex ea','aliquip ex ea commodo consequat. Duis aute irure dolor in ','in culpa qui offici',32293,150,0,'1988-08-30 01:44:53','2006-05-20 18:05:29'),(319,13,'PARIATUR. EXCEPTEUR S','velit esse cillum dolore ','id est laborum.Lorem ipsum dolor sit amet, consectetur adipiscing','deserunt mollit an',19737,25628,0,'1983-05-01 15:04:50','2001-11-16 11:02:39'),(320,5,'DOLORE EU FUGIAT ','sint occaecat cupidatat non p','nisi ut aliquip ex ea commodo conseq','ut aliquip e',24438,11454,0,'1987-09-05 00:27:53','1991-07-16 08:08:02'),(321,2,'EU FUGI','in voluptate velit ess','ex ea commodo consequat. Duis aute irure dolor in reprehenderit ','in voluptate v',30318,22623,0,'1981-03-17 02:16:04','2007-07-11 10:34:18'),(322,17,'ELIT, SED ','quis nostrud exercitation ','Duis aute irure dolor in reprehenderit in voluptate velit esse cillum dolore eu fug','sit amet, co',18225,15194,0,'2000-12-27 08:03:48','2009-12-12 18:39:16'),(323,25,'DO EIUSMOD TEMPOR INCIDIDUNT U','consequat. Duis aute i','Ut enim ad minim veniam, quis nostrud exercitation ullamco laboris nisi ','ut enim ad min',10268,274,0,'1991-09-22 04:07:58','2001-07-29 02:32:35'),(324,18,'DUIS AUTE IRU','ullamco laboris nisi ut aliq','mollit anim id est laborum.Lorem ipsum','sed do eiusmod t',1829,28469,0,'1998-05-16 12:23:22','2005-09-26 02:24:18'),(325,21,'UT LABORE ET DOLOR','mollit anim id est laborum.Lo','ut aliquip ex ea commodo consequat. Duis aute irure dolor in reprehenderit in volup','aborum.lorem ips',18309,4797,0,'1992-08-01 02:51:00','1994-01-13 09:28:44'),(326,16,'DUIS AUTE IRURE DOLOR IN ','rum.Lorem ipsum dolor si','tempor incididunt ut labore et dolore magna aliqua. Ut enim ad minim veniam, qui','ea commodo consequ',24549,19422,0,'2016-11-30 21:16:19','2001-09-16 22:41:52'),(327,14,'DOLOR IN REPREHENDERIT ','id est laborum.Lorem ipsu','ex ea commodo consequat. Duis aute ','nostrud',16335,30199,0,'2019-11-27 17:41:55','1985-06-05 02:05:32'),(328,9,'SIT AMET, CONSECTETUR ADI','officia deserunt mollit anim','mollit anim id est laborum.Lorem ipsum dolor sit amet, con','velit es',10182,16531,0,'2016-04-28 21:38:13','2005-08-03 09:48:21'),(329,7,'CONSECTETUR ADI','ut labore et dolore mag','in reprehenderit in voluptate velit es','ut labore et dolo',12287,6133,0,'1992-09-20 04:54:19','1995-05-08 07:20:21'),(330,8,'CULPA QUI OFFICI','laborum.Lorem ipsum dolor','Ut enim ad minim veniam, quis nostrud exer','volupta',15822,7655,0,'1997-01-09 10:48:53','1988-10-10 23:01:31'),(332,30,'SUNT IN CULPA QUI OFFICIA DES','sunt in culpa qui offici','id est laborum.Lorem ipsum dolor sit amet, consectetur adipiscing elit, sed do eiusmod tempor in','culpa qui',14656,23508,0,'1985-12-28 05:03:25','1999-10-02 01:58:20'),(333,26,'ET DOLORE MAGNA ALIQUA. UT E','non proident, sunt in c','Duis aute irure dolor in reprehenderit in voluptate velit ','ex ea commod',7007,28833,0,'2007-06-30 15:43:40','1991-05-25 07:28:22'),(335,18,'EXERCITATION ULLAMCO ','dolore eu fugiat nulla par','ad minim veniam, quis nostrud exercit','adipisci',21310,30075,0,'2011-01-23 05:33:48','2017-05-25 21:05:37'),(336,19,'UT ALIQUIP EX EA COMM','Duis aute irure dolor in repre','sint occaecat cupidatat non proident, sunt in culpa qui officia deserun','voluptate ',11079,22022,0,'1987-10-11 22:50:29','1987-04-03 13:48:30'),(337,20,'AD MINIM VENIA','laborum.Lorem ipsum','non proident, sunt in culpa qui officia deserunt mollit anim id ','nisi ut aliquip ex ',1108,1646,0,'1985-04-28 18:26:05','1982-03-04 21:00:59'),(338,2,'VENIAM, QUIS NOST','dolor sit amet, consectetur ad','sint occaecat cupidatat non proident, sunt in culpa qui officia deserunt mollit anim id est lab','velit e',18018,5211,0,'1989-08-22 13:34:42','1980-01-01 01:42:33'),(339,27,'IPSUM DOLOR SI','proident, sunt in culpa qui of','proident, sunt in culpa qui officia deserunt mollit anim id est laborum.Lorem ipsu','consequat. duis aut',12233,469,0,'2011-10-26 23:33:21','1988-04-25 07:09:02'),(340,7,'IN REPREHENDERI','ut labore et dolore m','ex ea commodo consequat. Duis aute irure dolor in reprehende','quis nostrud exerc',17238,25951,0,'1986-01-25 23:53:47','1986-05-31 15:25:34'),(342,15,'MINIM VENIAM, QUIS NOSTRUD EXE','sit amet, consectetur adipisci','pariatur. Excepteur sint occaecat cupidatat non proident, sunt in culpa qui offic','minim v',14167,2893,0,'2004-01-08 01:34:32','1999-11-11 11:08:12'),(343,22,'ANIM ID','et dolore magna aliq','Duis aute irure dolor in reprehenderit in voluptate velit esse cillum dolore eu fugiat nulla','veniam, quis',4539,21303,0,'2008-09-20 00:10:47','1985-10-15 16:45:17'),(345,27,'CUPIDATAT NON PROIDENT, SU','in voluptate velit esse ','minim veniam, quis nostrud exercitat','deserunt mollit a',24526,3264,0,'1986-03-01 02:23:43','2010-05-14 09:43:02'),(347,17,'OCCAECAT CUPIDATAT NON PROI','consectetur adipiscing elit','voluptate velit esse cillum dolore eu fugiat nulla pariatur. Exce','consectetur adipi',3469,32418,0,'2013-06-13 01:00:59','2012-11-05 00:15:25'),(348,7,'CONSEQUAT','magna aliqua. Ut enim ad ','ullamco laboris nisi ut aliquip ex ea commodo consequ','rum.lorem ipsum dol',23016,30230,0,'1984-01-30 10:24:09','1983-10-27 02:16:19'),(349,7,'SIT AMET, CONSECTETUR ADIP','eu fugiat nulla pariatur. Ex','um.Lorem ipsum dolor sit amet, consectetur adipiscing elit, sed do eiusmod tempor incidi','deserunt',1380,8557,0,'2007-04-13 04:50:34','2004-04-24 13:08:02'),(350,21,'EXCEPTEUR SINT OCCAEC','ullamco laboris nisi u','cupidatat non proident, sunt in culpa qui','est laborum.lor',6436,13796,0,'2017-06-13 16:07:31','2008-01-13 06:50:20'),(352,21,'IN VOLUPTATE V','minim veniam, quis nostrud','consequat. Duis aute irure dolor in reprehenderit in volupta','dolor sit amet, ',27918,20759,0,'1991-04-06 01:46:40','1984-05-08 03:40:27'),(353,28,'VELIT ESSE CILLUM DOLORE EU ','aute irure dolor in re','cillum dolore eu fugiat nulla pariatur. Excep','deserunt moll',3158,22474,0,'2015-02-22 19:06:17','2005-04-29 22:41:31'),(354,28,'QUI OFFICIA D','qui officia deserunt moll','officia deserunt mollit anim id e','sint occaecat cupi',22222,28010,0,'1991-10-21 20:17:07','1998-01-11 02:07:09'),(355,4,'EXCEPTEUR SINT OCCAECAT C','ex ea commodo consequat. ','et dolore magna aliqua. Ut enim ad minim veniam, quis nostrud exercitation ulla','consequat. dui',25224,14622,0,'2007-05-02 08:57:58','2018-11-29 22:24:56'),(356,28,'NOSTRUD EXERCIT','deserunt mollit anim id ','quis nostrud exercitation ullamco laboris nisi ut aliquip ex ea commodo consequat. Duis aute iru','elit, sed do ei',32204,10128,0,'2018-09-10 02:42:36','1993-03-16 15:15:58'),(357,5,'ALIQUIP','Duis aute irure dolor i','nostrud exercitation ullamco laboris nisi ut aliquip ex ea com','dolor sit a',6517,21158,0,'2001-03-04 02:48:50','2011-12-31 15:51:16'),(358,16,'VELIT ESS','enim ad minim veniam, q','ex ea commodo consequat. Duis aute irure dolor in reprehenderit ','et dolo',22982,16978,0,'1990-12-13 13:17:15','2018-06-20 15:15:38'),(359,7,'TEMPOR INCIDIDUNT UT LABORE ','veniam, quis nostrud ','magna aliqua. Ut enim ad minim veniam, quis nostrud exercitation ullamco laboris nisi ut','sit amet, cons',5468,32451,0,'1997-06-29 15:19:33','2012-03-27 20:32:34'),(360,28,'INCIDIDUNT UT LABOR','in culpa qui officia d','quis nostrud exercitation ullamco laboris nisi ut aliqui','elit, sed do eiusm',3582,15706,0,'1982-01-24 05:09:19','1992-10-31 05:05:11'),(361,24,'IN VOLUPTATE VELIT ES','sint occaecat cupidatat ','ullamco laboris nisi ut aliquip ex ea commodo consequat. Duis aute irure dolor in ','fugiat nulla ',28556,24784,0,'1999-12-28 21:07:13','2009-12-11 20:12:01'),(362,27,'DUIS AUTE IRURE DOLOR IN ','elit, sed do eiusmod te','in reprehenderit in voluptate velit esse cillum dolore eu fugia','sint oc',5083,7640,0,'2002-06-28 06:30:14','2000-01-23 19:17:17'),(363,26,'ET DOLORE MAGNA ALIQUA. UT','dolore eu fugiat nul','nisi ut aliquip ex ea commodo consequat. Duis aute irure dolor in reprehende','ad minim ven',2061,4095,0,'2000-07-27 16:29:59','1980-04-24 04:05:33'),(364,10,'ELIT, SED DO EIUSMOD TEMPOR ','Duis aute irure dolor in','in culpa qui officia deserunt mollit anim id est laborum.Lorem ipsum dolor','excepteur sint occa',10150,5522,0,'1987-06-09 21:44:33','2011-05-03 19:27:02'),(365,15,'ANIM ID ES','ut aliquip ex ea commodo ','amet, consectetur adipiscing el','anim id est laborum',7585,19812,0,'2014-03-13 18:12:17','2001-01-08 05:28:40'),(366,1,'EXCEPTEU','ex ea commodo consequ','ea commodo consequat. Duis aute irure dolor in reprehenderit','id est lab',30329,15877,0,'1981-05-31 17:25:51','2015-04-29 21:00:51'),(367,19,'EST LABORUM.LOREM IPSUM','sunt in culpa qui offici','eu fugiat nulla pariatur. Excepteur sint occaecat cupidatat non proi','id est la',6358,31796,0,'1989-10-24 13:28:07','1998-07-23 09:11:50'),(368,13,'OCCAECAT CUPID','aliqua. Ut enim ad mi','nisi ut aliquip ex ea commodo con','dolore eu fu',17534,4584,0,'2015-07-07 18:32:29','1985-11-04 22:11:12'),(369,27,'INCIDIDUNT UT LABORE ','ut aliquip ex ea commodo conse','mollit anim id est laborum.Lorem ipsum dolor sit amet, consectetur adipiscing eli','officia deserunt m',31742,11313,0,'2019-05-07 19:22:07','2001-02-24 13:49:39'),(370,1,'DUIS AUTE IRURE DOLOR IN R','sed do eiusmod tempor inci','consectetur adipiscing elit, sed do eiusmod tempor incididunt ut la','consequat. duis ',11041,7724,0,'2005-03-29 06:36:17','2015-06-03 03:19:18'),(371,29,'IRURE DOLOR I','exercitation ullamco labor','labore et dolore magna aliqua. Ut enim ad minim ven','laborum.lorem ips',20271,16037,0,'2011-12-14 12:17:29','2010-01-21 12:18:44'),(372,16,'IN REPREHENDERIT IN VOL','anim id est laborum.Lor','deserunt mollit anim id est laborum.Lorem ipsum dolor sit amet, consectetur adipi','exercitati',24366,17754,0,'2012-10-19 00:52:10','2008-03-01 04:11:15'),(374,17,'MOLLIT ANIM ID EST LA','elit, sed do eiusmod tempor','non proident, sunt in culpa qui officia deserunt mollit ','pariatur. excepteu',12226,1817,0,'1981-10-30 11:52:46','1989-03-09 11:30:44'),(375,26,'DOLOR SIT AMET, CONSECTETU','sunt in culpa qui offic','borum.Lorem ipsum dolor sit amet, consectetur adipiscing elit, sed do eiusmod tempor incididunt u','ipsum dolor sit am',2883,26764,0,'2002-12-14 09:13:57','1996-03-12 05:55:11'),(376,27,'UT ENIM AD MINIM VENIAM, QUIS','ut labore et dolore magna ','non proident, sunt in culpa qui officia deserunt mollit anim id est laborum.Lore','laborum.lor',7188,14000,0,'1992-07-03 20:49:36','1980-11-08 23:09:06'),(377,13,'UT LABORE ET D','in voluptate velit esse ','fugiat nulla pariatur. Excepteur sint occaecat cupidatat non ','veniam, quis nostrud',20893,16595,0,'2018-10-04 07:57:41','2016-03-26 04:04:54'),(378,29,'AMET, CONSECTETUR ADIPISCIN','deserunt mollit anim id est l','anim id est laborum.Lorem ipsum dolor sit amet, con','ut labore',1067,15703,0,'2000-06-21 20:11:01','1995-02-13 11:34:59'),(380,4,'QUIS NOSTR','id est laborum.Lorem ips','ullamco laboris nisi ut aliquip ex ea commodo consequat. Duis aute ir','adipiscing elit, sed',22222,4055,0,'1984-12-07 14:09:01','1992-10-16 01:22:06'),(381,12,'SED DO EI','dolore eu fugiat nulla paria','in reprehenderit in voluptate velit esse cillum dolore eu fugiat nulla pariatur. Except','dolor in reprehe',18251,7231,0,'2000-06-14 05:59:05','2018-07-14 22:13:36'),(382,16,'LABORIS NISI UT ALIQUI','ad minim veniam, quis','ullamco laboris nisi ut aliquip ex ea commodo consequat. Duis aute irure dolor in reprehenderit i','tempor incidid',18098,28226,0,'2000-09-27 10:10:18','1989-05-01 07:28:29'),(383,6,'ANIM ID EST','anim id est laborum.Lorem ip','laboris nisi ut aliquip ex ea commodo consequat. Duis aute irure dolor in reprehen','veniam, quis no',32610,27693,0,'2009-10-01 19:28:15','1994-01-24 17:25:21'),(384,2,'FUGIAT NULLA PARIAT','Ut enim ad minim veniam,','in voluptate velit esse cillum dolore eu fugiat nulla pariatur','ullamco laboris nisi',1223,27591,0,'2006-05-16 00:44:01','2015-04-10 19:07:12'),(385,18,'QUIS NOSTRUD EXERCITATION ULLA','ullamco laboris nisi ut ali','nisi ut aliquip ex ea commodo consequat. Duis a','reprehenderi',10799,31441,0,'2019-04-12 12:40:26','2001-08-18 21:19:38'),(387,20,'ESSE CILLUM DOLORE E','non proident, sunt in','dolore eu fugiat nulla pariatur. Exce','rum.lorem ipsum',15579,26475,0,'2006-01-28 04:49:49','1981-07-23 06:54:29'),(389,11,'ID EST LABORU','sint occaecat cupidatat non pr','anim id est laborum.Lorem ipsum dolor sit amet, consectetur adipiscing elit,','veniam, quis nost',5652,27936,0,'1985-01-12 21:35:50','1980-11-26 22:02:41'),(390,14,'IN VOLUPTATE VELIT ESSE','Ut enim ad minim veniam, ','sit amet, consectetur adipiscing el','aliquip ex ea commod',12836,22223,0,'2001-11-01 07:51:47','1994-11-25 13:52:41'),(391,22,'DESERUNT MOLLIT ANIM','adipiscing elit, sed do e','dolore eu fugiat nulla pariatur. Excepteur sint occaecat cupidatat non proident, sunt in culpa qui ','ea commodo ',13135,12969,0,'1991-05-27 14:46:22','2014-01-16 17:25:31'),(392,15,'VOLUPTATE VEL','mollit anim id est laboru','Duis aute irure dolor in reprehenderit in voluptate velit ess','non proident,',6445,25897,0,'2000-01-29 22:59:59','2014-07-07 00:42:18'),(393,19,'MOLLIT ','tempor incididunt ut ','incididunt ut labore et dolore magna aliqua. Ut enim ad minim veniam, quis nostrud exer','ex ea comm',19984,31711,0,'2004-07-09 23:16:11','1995-01-02 23:43:44'),(394,21,'.LOREM IPSUM','quis nostrud exercitation ulla','Duis aute irure dolor in reprehenderit in voluptate velit esse cillum dolore eu fu','qui officia deser',23926,26456,0,'2014-01-04 04:43:06','1988-05-19 20:29:49'),(395,15,'IRURE DOL','laboris nisi ut aliqui','consectetur adipiscing elit, sed do eiusmod tempor incididunt ut labore et dolore magna al','sed do eiusmod tempo',23562,9766,0,'1983-11-09 14:39:41','2009-11-22 13:13:56'),(396,23,'EU FUGIAT NULLA PARIATU','nisi ut aliquip ex e','incididunt ut labore et dolore mag','in repreh',19797,8331,0,'2014-12-02 06:07:48','1986-11-13 10:51:38'),(397,18,'AD MINIM V','sunt in culpa qui offic','ad minim veniam, quis nostrud exercitation ullamco laboris nisi ut aliquip ex ea comm','non proident, s',10299,31352,0,'1982-02-12 04:48:21','1998-05-18 19:55:48'),(398,19,'DUIS AUTE IR','Excepteur sint occaecat c','consequat. Duis aute irure dolor in reprehenderit in voluptate velit esse','minim veni',11358,27434,0,'2006-01-04 17:31:11','1985-10-13 18:06:08'),(399,24,'EU FUGIAT NULL','ex ea commodo consequat. Dui','sit amet, consectetur adipiscing elit, sed do eiusmod tempor incididunt ut labore et do','deserunt m',13703,9806,0,'2007-06-01 19:09:23','2013-09-03 13:38:45'),(400,9,'EX EA COMMODO C','aute irure dolor in repre','consectetur adipiscing elit, sed do e','ipsum dolor',4604,31137,0,'1980-07-24 18:28:38','2012-09-05 12:31:16'),(401,11,'BORUM.LOR','dolore magna aliqua. Ut eni','Ut enim ad minim veniam, quis nostrud exercitation ullamco ','in voluptate velit esse c',28135,7141,0,'2003-11-05 03:12:58','2000-02-20 23:33:50'),(402,14,'OFFICIA DESERUNT MOL','sed do eiusmod tempor ','velit esse cillum dolore eu fugiat nulla pariatur. Excepteur sin','magna aliqua. ut enim ad mi',28520,14221,0,'2006-07-19 14:52:24','1989-11-24 01:54:50'),(403,25,'UT LABORE ET D','ullamco laboris nisi ut','sint occaecat cupidatat non proiden','deserunt mollit anim i',17743,29601,0,'1999-09-12 08:44:26','2008-07-06 18:36:08'),(404,5,'VELIT ESSE CILLU','laboris nisi ut aliquip ex ','aliqua. Ut enim ad minim veniam, quis nostrud exercitation ullamco laboris nisi ut ','anim id est laborum.lorem ips',1395,8583,0,'2011-03-20 14:44:32','2007-11-13 16:01:59'),(405,4,'VELIT ESSE CILLUM','dolore magna aliqua. Ut enim','anim id est laborum.Lorem ipsum dolor sit amet, consectetur adipi','esse cillum dolore eu fugiat',27097,17381,0,'1983-06-26 01:57:39','1990-10-26 14:14:40'),(406,23,'LABORIS NISI UT ALI','occaecat cupidatat non proiden','sed do eiusmod tempor incididunt u','velit esse cillum dolore e',6571,7271,0,'1997-05-08 17:57:55','2012-06-14 17:27:31'),(407,26,'PROIDENT, SUNT IN CULPA QUI ','amet, consectetur adipisc','ut aliquip ex ea commodo consequat. Duis aute irure dolor in','labore e',31025,22237,0,'1999-09-07 00:09:37','1990-08-23 21:09:19'),(409,7,'IN REPREHENDERI','in culpa qui officia deser','Ut enim ad minim veniam, quis nos','mollit anim id est laborum.lor',23979,23635,0,'1982-06-21 07:44:52','2013-03-28 05:29:35'),(410,3,'ALIQUA. UT ENIM AD M','sed do eiusmod tempor incidid','nulla pariatur. Excepteur sint occaecat cupidatat non proident, sunt in culpa','sint occaecat cupidatat non',7119,17936,0,'2000-06-11 13:27:08','1982-10-22 19:45:13'),(411,26,'PARIATUR. EXCEPTE','velit esse cillum dolore ','sunt in culpa qui officia deserunt mollit anim id est laborum.Lorem ipsum dolor si','elit, ',11969,5997,0,'1994-09-10 07:22:31','2010-09-01 11:18:33'),(412,6,'NISI UT ALIQUIP EX EA COMMODO','veniam, quis nostrud ','Duis aute irure dolor in reprehenderit in voluptate velit esse cillum do','ad minim veniam, quis nostrud ',3467,17292,0,'2018-05-30 21:52:20','1987-02-21 10:44:09'),(413,16,'PROIDENT, SUNT I','ipsum dolor sit amet, consec','in culpa qui officia deserunt mollit anim id est laborum.Lorem ipsum do','anim id est laborum.lo',31760,22474,0,'2015-12-26 17:03:05','2005-01-03 03:47:39'),(414,21,'SIT AMET,','mollit anim id est labo','ad minim veniam, quis nostrud exercitation ullamco laboris nisi ut aliquip','in reprehend',26727,17247,0,'1996-05-07 10:36:22','1998-01-04 23:46:36'),(415,1,'DOLORE EU FUGIAT NULLA PARIATU','adipiscing elit, sed ','exercitation ullamco laboris nisi ut aliquip ex ea commodo consequat. D','nostrud exercitation u',11822,1483,1,'1982-03-12 16:21:45','2019-07-31 16:01:38'),(416,11,'IN VOLUP','ut labore et dolore magna ali','borum.Lorem ipsum dolor sit amet, consectetur adipiscing e','dolore ma',755,12497,0,'1995-05-11 14:22:31','1985-07-28 01:40:54'),(417,15,'NON PROIDE','qui officia deserunt ','magna aliqua. Ut enim ad minim veniam, quis nostrud exercita','exercitation ullamco labori',19860,190,0,'1984-04-07 12:57:12','1996-10-16 03:16:54'),(418,2,'IN VOLUPTATE ','quis nostrud exercitation ','sed do eiusmod tempor incididunt ut labore et dolore magna aliqua. Ut enim ad ','ex ea ',28107,29831,0,'2013-10-09 07:59:51','1988-10-25 16:35:09'),(419,29,'IN CULPA QUI OFF','Excepteur sint occaecat cup','irure dolor in reprehenderit in voluptat','in culpa qui offi',4038,4880,0,'2004-12-18 02:12:28','1980-03-12 23:34:14'),(420,23,'IRURE DOLOR IN','mollit anim id est labor','in voluptate velit esse cillum dolore eu ','ut labore et dolore ma',5576,6100,0,'2001-12-16 04:56:05','1991-01-06 08:33:15'),(421,17,'DOLORE MAGNA ALIQUA. UT ENIM A','qui officia deserunt mollit an','est laborum.Lorem ipsum dolor sit amet, consectetur adipiscing elit, sed do','sit am',4500,15728,0,'2005-06-30 04:06:25','1983-07-14 01:42:04'),(422,11,'EXCEPTEUR SINT OCCAECA','occaecat cupidatat n','aliqua. Ut enim ad minim veniam, quis nostrud exercitation ullamco laboris nisi ut','ut labore et dol',11009,22992,0,'2012-06-01 21:48:46','1990-02-07 18:05:09'),(424,21,'DOLOR IN','ex ea commodo consequat. ','sit amet, consectetur adipiscing elit, sed do eiusmod tempor incididunt ut labore et ','ipsum dolor sit amet, co',7054,9166,0,'2008-05-01 01:39:36','2014-02-12 16:49:32'),(425,29,'RUM.LORE','dolor in reprehenderit i','dolor in reprehenderit in voluptate velit esse cillum dolore eu fugiat nulla pari','qui offic',15727,3872,0,'1981-03-21 13:07:23','2003-03-14 06:53:18'),(426,5,'EXCEPTEUR SINT OCC','veniam, quis nostrud ','elit, sed do eiusmod tempor incididunt ut labore et dolore magna aliqua. Ut enim ad minim ve','voluptate velit esse ci',25135,8159,0,'2015-09-21 13:31:07','2008-04-04 14:58:43'),(427,17,'OCCAECAT CUPIDATAT ','enim ad minim veniam','esse cillum dolore eu fugiat nulla pariatur. Excepte','nulla pariatur. excepteur ',21293,6764,0,'2013-02-20 08:53:28','2006-10-29 21:35:19'),(428,11,'TEMPOR INCIDIDUNT UT LABORE ','sunt in culpa qui offic','dolor sit amet, consectetur adipiscing elit','incidi',5473,10663,0,'1991-09-10 07:29:23','2006-03-29 09:04:41'),(429,6,'OFFICIA DESERUNT MO','est laborum.Lorem ipsu','quis nostrud exercitation ullamco laboris nisi ut aliquip e','consectetur adipisci',12259,17437,0,'1991-08-15 20:41:59','1997-02-22 22:22:18'),(430,30,'EX EA COMMO','nostrud exercitation ulla','Ut enim ad minim veniam, quis nostrud exercitation ullamco laboris ni','dolor in reprehenderit ',19553,25101,0,'2015-09-23 16:11:33','2013-12-22 21:32:33'),(431,9,'IN VOLUPTATE VELIT ES','sunt in culpa qui officia des','culpa qui officia deserunt mollit anim id est laborum.Lorem ipsum dolor sit amet, consectetur adipis','tempor incididunt ut l',2484,8698,0,'2015-03-31 09:04:11','1998-10-17 21:56:50'),(433,19,'NISI UT ALIQUIP EX EA ','in voluptate velit ess','velit esse cillum dolore eu fugiat nulla pariatur. Excepteur sint occaecat cupidatat n','culpa qu',1744,6756,0,'1981-03-03 08:44:24','2000-01-04 06:22:59'),(434,26,'VENIAM, QUIS NOSTRUD ','ea commodo consequat','nisi ut aliquip ex ea commodo consequat','incididunt ut labore et dolor',5972,27045,0,'1989-07-29 11:04:53','2009-04-18 17:32:50'),(435,7,'DOLOR SIT AMET,','consequat. Duis aute irur','Duis aute irure dolor in reprehe','esse cillum dolore',27729,32756,0,'2003-02-23 10:49:09','1990-09-23 14:36:13'),(436,24,'IN VOLUPTA','ipsum dolor sit amet, c','ex ea commodo consequat. Duis aute irure dolor in reprehenderit in voluptate velit esse cillum dolor','in volupt',12914,4846,0,'1981-05-06 19:56:58','2006-05-27 19:15:48'),(437,3,'UT LABORE ET DOLORE','Excepteur sint occaecat cupida','do eiusmod tempor incididunt ut labore et','occaecat cupidata',16793,27046,0,'1991-03-03 17:10:56','1990-08-24 06:58:23'),(438,22,'ALIQUA. UT EN','ad minim veniam, qui','sunt in culpa qui officia deserunt mollit anim id est laborum.Lorem ipsum dolor sit amet, consect','veniam, quis nostru',24403,13238,0,'2014-02-22 13:11:48','2017-11-05 07:35:35'),(439,1,'IN CULP','proident, sunt in cu','labore et dolore magna aliqua. Ut enim ad minim veniam, quis nostrud exercitation ul','sunt in culpa qui offici',1670,31133,1,'1995-08-17 20:36:46','2019-07-31 16:01:38'),(440,16,'EXCEPTEUR SINT OCCAECA','anim id est laborum.Lorem','velit esse cillum dolore eu fugiat nulla pariatur. Excepteur sint occaecat cupidatat non p','laborum.lorem ipsum dolor',10884,6933,0,'2017-08-18 05:11:13','1982-03-20 16:10:16'),(441,1,'UT ALIQUIP EX EA COMMODO CONS','sunt in culpa qui offic','elit, sed do eiusmod tempor incididunt ut labore et dolore magna aliqua. Ut enim ad minim veniam, qu','consequat. du',31396,22948,1,'2013-07-30 12:37:54','2019-07-31 16:01:38'),(442,26,'SUNT IN C','ullamco laboris nisi ut','do eiusmod tempor incididunt ut labore et dolore magna aliqua. Ut enim ad minim venia','ut aliqui',17449,15803,0,'2003-06-25 06:11:20','1997-11-24 13:05:39'),(443,16,'OCCAECAT CUPIDATAT NON PROID','consequat. Duis aute','Duis aute irure dolor in reprehe','non proident, sunt in ',5046,16190,0,'1988-11-23 17:31:36','1991-03-17 17:07:12'),(444,4,'DESERUNT MOLLIT AN','amet, consectetur ad','ullamco laboris nisi ut aliquip ex ea commodo consequat. Duis aute irure dolor i','ipsum dolor sit amet,',29225,1982,0,'2019-07-20 05:48:25','1998-12-15 00:24:09'),(445,24,'UT ENIM','Duis aute irure dolor','enim ad minim veniam, quis nostrud exercitation ullamco l','officia deserunt mollit anim ',1638,11008,1,'2009-09-16 01:15:58','2019-07-31 16:06:21'),(446,13,'CONSEQUAT. DUIS AUTE','minim veniam, quis nost','dolore eu fugiat nulla pariatur. Excepteur sint occaecat cupid','amet, consectetur adipiscin',10583,1008,0,'1980-07-17 08:15:04','2019-09-16 22:03:09'),(447,30,'LABORUM.LOREM IPSUM DOLO','esse cillum dolore eu fu','deserunt mollit anim id est laborum.Lorem ipsu','adipiscing elit, sed d',13215,11297,0,'2010-03-21 21:25:57','1994-01-19 06:44:46'),(448,21,'QUIS NOSTR','sint occaecat cupidatat n','sint occaecat cupidatat non proident, sunt in culpa qui offici','eu fugiat nulla pa',5144,20231,0,'2000-09-12 06:15:10','2011-05-15 22:16:48'),(449,9,'EXCEPTEUR SINT OC','tempor incididunt ut labor','dolor in reprehenderit in voluptate velit e','consequat. duis au',11954,11941,0,'1997-10-17 09:18:33','2015-04-13 21:28:19'),(450,16,'ADIPISCI','commodo consequat. Dui','aliquip ex ea commodo consequat. Duis aute irure dolor in reprehenderit in','ullam',9964,15050,0,'2003-05-03 13:22:03','1999-11-17 11:59:44'),(451,23,'DOLORE MAGNA ALIQUA. UT','dolor sit amet, consectetu','dolor sit amet, consectetur adip','et dolore mag',4016,28782,0,'2017-05-28 18:12:31','1982-09-21 03:50:57'),(452,2,'VELIT ESSE CILLUM DOLOR','tempor incididunt ut labore et','ut aliquip ex ea commodo consequat. Duis aute ','consequat. duis aute',27074,26428,0,'1997-07-07 17:32:31','2006-01-16 17:32:10'),(453,20,'NON PROIDENT, SUNT I','esse cillum dolore eu f','Duis aute irure dolor in reprehenderit in voluptate velit esse cillum dolore eu','elit, sed do eiusmod temp',3363,12607,0,'2014-02-27 01:25:22','1996-09-05 11:40:27'),(454,16,'NISI UT ALI','dolor in reprehenderit i','et dolore magna aliqua. Ut enim ad minim veniam, quis nostrud exercitation ullamco laboris','elit, sed do',10595,8125,0,'1994-10-18 08:20:31','1986-04-01 00:11:52'),(455,6,'FUGIAT ','dolor in reprehender','veniam, quis nostrud exercitat','cupidatat non proident, sunt i',14229,3775,0,'1995-05-05 16:15:37','2019-07-29 06:11:04'),(456,30,'CILLUM DOLO','Ut enim ad minim veniam,','exercitation ullamco laboris nisi ut aliquip ex ea commodo consequat. Duis aute ','laborum.lorem ipsum dolor sit',8601,13648,0,'1989-06-12 07:22:25','2011-11-29 17:50:41'),(457,5,'LABORIS NISI UT ALIQUIP EX','irure dolor in reprehenderit ','non proident, sunt in culpa qui officia deserunt mollit an','sit amet, c',14183,24068,0,'1981-08-06 21:32:16','2003-11-14 19:51:54'),(458,9,'ESSE CILLUM D','labore et dolore magna ali','sint occaecat cupidatat non proident, sunt in culpa qui officia deserunt molli','elit, sed do eiusmod tempor i',15387,17410,0,'2004-09-07 21:09:14','1993-06-02 11:37:54'),(459,17,'LABORIS NISI UT ALIQUIP ','esse cillum dolore eu fug','ullamco laboris nisi ut aliquip ex ea commodo consequat. Duis aute irure dolo','adipiscing el',3464,3839,0,'2014-03-13 17:35:16','2006-11-21 02:07:28'),(461,26,'CUPIDATAT NON PRO','quis nostrud exercitat','fugiat nulla pariatur. Excepteur sint occaecat cupidatat non proident, ','enim ad m',1170,28061,0,'2003-04-22 11:38:55','1998-08-12 08:24:16'),(462,14,'CULPA QUI OFFICIA DESE','cillum dolore eu fugiat nul','mollit anim id est laborum.Lorem ipsum dolor sit amet, consectetur adipiscing el','anim id est laborum.lorem',31520,28357,0,'2009-04-10 11:09:03','2012-12-21 22:23:52'),(463,28,'ULLAMCO LABORIS NIS','aliqua. Ut enim ad minim ve','qui officia deserunt mollit anim id est laborum.Lorem ipsum dolor sit amet, conse','deserunt mollit anim id est l',20701,5040,0,'1991-10-19 10:46:15','2004-09-05 02:43:16'),(464,17,'COMMODO CONSEQUAT. DUIS AUTE ','sit amet, consectetur adipisci','ut labore et dolore magna aliqua. ','ea co',20393,24855,0,'1995-02-04 10:58:46','2015-05-27 02:52:13'),(465,4,'QUIS NO','in voluptate velit es','aliquip ex ea commodo consequat. Duis aute irure dolor in reprehenderit in voluptate velit ess','commodo consequat. d',10905,23467,0,'2006-04-05 01:23:12','2011-09-17 17:50:03'),(466,18,'ELIT, SED DO EIUSMOD TEMPO','in culpa qui officia dese','proident, sunt in culpa qui officia deserunt mollit anim id est laborum.Lorem ipsum dolor sit','pariatur. exce',11794,8871,0,'2010-06-03 08:07:22','1998-05-31 18:39:51'),(467,9,'ESSE CILLUM DOLORE EU FUGIAT ','sunt in culpa qui officia de','mollit anim id est laborum.Lorem ipsum dolor sit amet, consectetur ad','eu fugiat nulla pari',12197,7776,0,'1987-11-17 09:42:58','2006-10-16 05:56:53'),(468,16,'IPSUM DOLOR SIT A','anim id est laborum.Lorem ips','Duis aute irure dolor in reprehenderit in voluptate velit esse cillum dolor','pariatur. excepteur sint occa',13694,22961,0,'1984-01-10 00:52:37','1990-06-07 13:16:38'),(469,21,'MOLLIT ANIM ID EST L','proident, sunt in culpa qu','proident, sunt in culpa qui officia deserunt','ex ea commodo consequa',20277,22259,0,'1997-09-21 10:31:57','1990-05-09 09:40:49'),(470,21,'EX EA COMMODO CONSEQUA','laborum.Lorem ipsum dolor','enim ad minim veniam, quis nostrud ','sed do eiusmo',5907,30015,0,'1980-01-09 13:53:46','2000-06-30 16:33:42'),(471,27,'AD MINIM VENIAM, Q','in voluptate velit esse cillum','ut labore et dolore magna aliqua. Ut enim ad minim veniam, ','consequat. duis aute irure ',17958,17327,0,'1992-05-13 06:38:34','2010-09-21 01:03:24'),(472,27,'IN CULPA Q','laboris nisi ut aliquip ex e','elit, sed do eiusmod tempor incididunt u','cupidatat non proident,',1681,30076,0,'1987-10-06 13:05:30','2011-04-13 03:37:14'),(474,17,'EA COMMODO CONSEQUAT. DUI','sed do eiusmod tempor inci','laborum.Lorem ipsum dolor sit amet, consectetur adipis','fugiat n',3551,15838,0,'2004-07-25 04:28:51','1992-07-22 21:57:54'),(475,26,'UT ENIM AD M','nostrud exercitation ullamco ','deserunt mollit anim id est laborum.Lorem ipsum dolor sit amet, consectetur adipiscing elit, sed d','cupidat',5428,22257,0,'2015-06-04 11:36:13','2012-04-25 18:56:12'),(476,23,'NULLA PARIATUR. EXCEPTEUR SI','reprehenderit in volupt','cupidatat non proident, sunt in culpa qui off','adipiscing e',4801,26738,0,'2008-11-28 17:30:50','1990-12-27 10:09:07'),(477,13,'ADIPISCING E','commodo consequat. Duis aute i','anim id est laborum.Lorem ipsum dolor sit amet, consectetur adipiscing','aliqua. ut enim ad mini',26319,6959,0,'1984-06-12 08:40:33','2000-03-01 10:47:41'),(478,21,'UT LABORE ET DOLORE MAGNA ALIQ','id est laborum.Lorem ipsum','est laborum.Lorem ipsum dolor sit amet, consectetur adipiscing elit','ad minim veniam, q',4145,11091,0,'2007-01-16 21:12:00','1985-09-03 19:09:33'),(479,15,'DOLORE EU FUGIAT NU','eu fugiat nulla pariatur. ','aliquip ex ea commodo consequat. Duis aute irure dolor in reprehenderit in voluptate ve','reprehenderit in voluptat',15989,12555,0,'2017-09-09 19:45:58','1982-08-23 19:27:32'),(480,2,'DO EIUSMOD TEMPOR INCIDIDUNT ','voluptate velit esse cillu','elit, sed do eiusmod tempor incididu','duis aute irure dolor in repr',18696,16810,0,'1986-12-20 08:38:21','1994-10-19 10:54:45'),(482,29,'ADIPISCING ELIT, SED D','ut labore et dolore mag','nisi ut aliquip ex ea commodo consequat. Duis aute irure dolor in rep','ipsum d',1479,3924,0,'2015-10-30 03:40:04','2008-05-05 02:53:00'),(483,22,'VELIT ESSE ','aliqua. Ut enim ad minim','non proident, sunt in culpa qui officia deserunt mollit anim id est laborum.Lo','duis aute irure dolor',16342,9685,0,'2007-07-26 10:30:44','1999-08-21 01:57:15'),(484,13,'SED DO EIUSMOD TEMPOR','adipiscing elit, sed do e','dolor sit amet, consectetur adipiscing elit, sed do eiusmod tempor incididunt ut labore et dolore ma','anim id est laborum.lorem ip',27101,18744,0,'2006-06-15 18:56:00','2018-07-26 03:30:48'),(485,27,'SUNT IN ','officia deserunt mollit anim ','dolor sit amet, consectetur adipiscing elit','laborum.lorem ipsum',15366,14139,0,'1987-09-28 14:23:01','2009-10-31 22:30:55'),(486,12,'LABORUM.LOREM IPSUM DOLO','Duis aute irure dolor in repre','ut labore et dolore magna aliqua. Ut enim ad minim veniam, quis nostrud exerc','nisi ut aliquip ex ea commod',3961,8332,0,'2003-04-19 00:06:55','1992-02-28 22:16:45'),(488,25,'EIUSMOD','Excepteur sint occaecat ','Excepteur sint occaecat cupidatat non proident, sunt in culpa qui officia deserunt molli','et dolore magna aliqua. ut ',19992,8080,0,'1981-12-30 02:52:15','1986-03-27 16:09:38'),(489,4,'UT LABO','laboris nisi ut aliquip','in reprehenderit in voluptate velit esse cillum dolore eu fugiat nulla pariatur. Excepteur si','cillum dolore eu fugia',18100,27676,0,'1989-07-09 19:47:43','2019-07-04 19:26:10'),(490,30,'CONSECTETUR ADIPISCING ELIT','.Lorem ipsum dolor s','ex ea commodo consequat. Duis aute irure dolor in reprehenderit in','irure dolor in re',22010,6941,0,'1993-12-21 17:43:43','2013-10-19 01:29:37'),(491,22,'OCCAECAT CUPIDATAT','laborum.Lorem ipsum d','est laborum.Lorem ipsum dolor sit ame','ea commodo consequat. ',23497,27169,0,'1984-06-12 20:22:39','1996-05-09 05:19:01'),(492,29,'TEMPOR I','nulla pariatur. Excepte','sed do eiusmod tempor incididunt ut labore et dolore magna aliqua. Ut enim ad minim veniam, quis n','nulla pariatur. excepteur sin',20193,9443,0,'1982-10-08 19:02:47','1987-01-19 19:26:10'),(493,6,'ALIQUA. UT ENIM AD MINIM VENIA','veniam, quis nostrud exercit','in reprehenderit in voluptate velit ess','dolor si',24223,2035,0,'1985-08-26 18:13:26','1997-11-26 09:26:04'),(494,26,'EST LABORUM.LOREM IPSUM','cupidatat non proiden','Excepteur sint occaecat cupidatat non proident, sunt in culpa qui officia deserunt mollit anim id','ut en',28135,478,0,'1991-04-08 12:21:02','2010-07-17 04:38:09'),(495,13,'ELIT, SED ','labore et dolore magna aliqua.','in voluptate velit esse cillum dolore eu fugiat nulla pariatur. Excepteur sint occaecat cupidatat n','sunt in culpa qui officia de',24775,14032,0,'2012-06-11 06:46:42','2007-04-03 12:17:33'),(496,15,'AMET, CONSECTETUR ADI','nulla pariatur. Excepteur ','nulla pariatur. Excepteur sint occaecat cupidatat non','in cul',28296,5056,0,'1991-06-13 16:27:11','1986-02-14 13:03:32'),(497,16,'LABORIS N','quis nostrud exercitatio','elit, sed do eiusmod tempor incid','commodo c',1389,3450,0,'2007-04-20 04:14:22','2005-08-26 03:57:22'),(498,22,'EU FUGIAT NULLA PA','ut aliquip ex ea com','qui officia deserunt mollit anim id est laborum.Lorem ipsum dolor sit am','amet, consectetur adipi',3073,20845,0,'1989-04-17 19:01:35','1994-06-18 18:51:22'),(500,27,'DO EIUSMOD TEM','pariatur. Excepteur sint o','Excepteur sint occaecat cupidatat non proident, sunt in culpa q','tempor incididu',14605,4772,0,'1991-06-27 06:54:39','2000-09-06 07:05:10'),(501,1,'DUIS AU','cillum dolore eu fugi','laboris nisi ut aliquip ex ea commodo consequat. Duis aute ir','sed do eiusmod temp',23274,1658,1,'1984-04-04 09:40:51','2019-07-31 16:01:38'),(502,8,'SIT AMET, CONSECTET','incididunt ut labore et dolo','amet, consectetur adipiscing elit, sed do eiusmod tempor incididunt ut labore et dolore magna ','veniam,',28018,14496,0,'2015-11-30 09:19:17','2017-12-28 10:12:44'),(504,10,'ALIQUIP EX ','mollit anim id est l','consequat. Duis aute irure dolor in reprehenderit in voluptate velit esse cillum ','ut aliquip ex ea commodo con',28258,19715,0,'1984-10-24 14:38:24','2019-04-25 18:15:38'),(505,21,'MINIM VENIAM, QUIS ','in reprehenderit in voluptate ','cupidatat non proident, sunt in culpa qui officia deserunt mollit anim id est ','dolore eu fugiat nu',17746,15326,0,'2010-01-12 03:52:24','2017-10-08 23:14:49'),(507,4,'EST LABOR','consectetur adipiscing elit, ','sunt in culpa qui officia deserunt mollit anim id est laborum.Lorem ipsum do','in voluptate velit esse cillu',5224,6541,0,'1993-03-13 03:24:03','1989-07-05 08:42:42'),(508,21,'VELIT ES','adipiscing elit, sed do ei','aliqua. Ut enim ad minim veniam, quis nostrud exercitation ullamco labor','m.lorem ipsum dolor sit amet,',26517,25805,0,'1985-03-04 16:34:12','2017-09-01 10:09:05'),(509,22,'QUIS NOSTRUD EX','consectetur adipiscing el','amet, consectetur adipiscing elit, sed ','exercitation ullamco laboris n',22722,674,0,'1993-04-25 23:43:11','1988-09-13 23:22:01'),(511,16,'VELIT ESS','sint occaecat cupidata','cupidatat non proident, sunt in culpa qui officia deserunt molli','offic',834,10647,0,'1987-11-06 22:51:58','2012-04-16 12:32:05'),(512,25,'QUIS NOSTRUD EXER','officia deserunt moll','in reprehenderit in voluptate velit esse cillum dolore eu fugiat nu','cillum dolo',19207,16911,0,'1982-04-02 00:28:29','2002-02-10 10:01:34'),(513,19,'IN REPRE','qui officia deserunt mo','ex ea commodo consequat. Duis aute irure dolor in reprehenderit in ','mollit anim id e',22136,13215,0,'1987-09-11 20:53:34','2000-09-16 13:49:55'),(514,20,'ADIPISCING ELIT, ','laborum.Lorem ipsum','quis nostrud exercitation ullamco laboris nisi ut aliquip ex ea commodo conse','non proid',28061,7601,0,'2018-03-14 13:20:41','1992-07-16 13:25:52'),(516,15,'SED DO EIU','sed do eiusmod tempor incidi','cupidatat non proident, sunt in culpa qui officia deserunt mollit ','ullamco laboris nisi ut aliqui',2861,28436,0,'1998-11-26 10:39:22','2019-07-23 07:15:22'),(517,19,'ULLAMCO LABORIS NISI UT A','nisi ut aliquip ex ea','in culpa qui officia deserunt mollit anim id est laborum.Lorem ipsum do','amet, c',10426,19898,0,'1988-06-05 23:24:26','1981-09-07 18:16:26'),(519,8,'UT LABORE ET DOLORE MAGNA ALIQ','eiusmod tempor incididu','proident, sunt in culpa qui officia deserunt mollit ani','ut labore et dolore m',14653,15153,0,'1996-09-11 13:23:40','2007-04-14 04:58:19'),(520,18,'MOLLIT ANI','consequat. Duis aute iru','borum.Lorem ipsum dolor sit amet, consectetur adipiscing e','non proident, sun',22095,19428,0,'1990-01-23 23:38:30','1992-08-15 15:53:08'),(521,22,'OFFICIA DESERUNT MOLLIT AN','non proident, sunt in ','Excepteur sint occaecat cupidatat non proident, sunt in culpa','in voluptate velit esse cil',12337,16306,0,'2011-08-11 08:15:51','2004-07-28 12:57:31'),(522,30,'ALIQUA. UT ENIM AD MINIM VENI','cupidatat non proident, sunt i','exercitation ullamco laboris nisi ut aliquip ex ea commodo consequat. Duis','conseq',2389,19178,0,'1990-08-08 17:30:56','2000-09-12 15:36:43'),(523,1,'EXERCITAT','pariatur. Excepteur si','adipiscing elit, sed do eiusmod tempor incididunt ut labore et dolore ma','except',23136,8904,1,'2006-11-12 02:51:54','2019-07-31 16:01:39'),(524,21,'IN VOLUPTATE VEL','ullamco laboris nisi ut al','ea commodo consequat. Duis aute irure dolor in reprehenderit in voluptate velit esse cillum dolore e','aliqua. ut enim ad minim v',3299,29872,0,'1992-11-25 07:37:35','1983-10-21 18:22:48'),(525,27,'AMET, CONSECTETUR A','in reprehenderit in volup','ut labore et dolore magna aliqua. Ut enim ad minim veniam, quis nostrud exerci','mollit anim i',3043,26723,0,'1983-03-13 13:42:26','1995-04-20 02:41:08'),(527,10,'LABORIS NISI UT ','id est laborum.Lorem ipsum do','consequat. Duis aute irure dolor in reprehenderit in voluptate velit esse cillum dolore e','laborum.lorem ipsum dolor si',2202,7744,0,'2008-02-19 07:47:04','1983-10-14 04:37:34'),(528,11,'ULLAMCO LABORIS','incididunt ut labore et dol','ex ea commodo consequat. Duis aute irure dolor in ','nulla pariatur',1867,15195,0,'2008-01-06 06:34:22','2009-06-19 18:03:58'),(529,19,'PROIDENT, SUNT ','qui officia deserunt mollit a','do eiusmod tempor incididunt ut labore et dolore magna aliqua. Ut enim ad minim veniam, quis','culpa ',15575,495,0,'1997-01-01 15:06:08','1987-12-29 08:32:13'),(530,22,'CILLUM DOLORE ','elit, sed do eiusmod ','Excepteur sint occaecat cupidatat non proident, sunt in culpa qui o','nisi ut',15569,8478,0,'2016-06-01 19:22:01','2014-12-03 07:34:53'),(531,8,'DOLORE MAGNA ALIQUA. UT ENIM','labore et dolore magna aliq','Excepteur sint occaecat cupidata','voluptate velit ess',16921,25183,0,'1984-02-01 00:03:06','1999-07-24 15:09:55'),(532,4,'MAGNA ALIQUA','mollit anim id est labo','sunt in culpa qui officia deserunt mollit anim id est la','dolor',27349,3311,0,'1980-10-24 16:10:28','2019-10-31 03:43:55'),(533,13,'IN REPREHEND','sit amet, consectetur adipisc','in voluptate velit esse cillum dolore eu fugia','nisi ',8893,26077,0,'2011-05-07 07:26:08','2006-05-09 17:12:42'),(534,19,'SED DO EIUSMOD TEMPOR INC','amet, consectetur adipis','ut labore et dolore magna aliqua. Ut enim ad minim veniam, quis nostrud exercitation ullamco lab','nisi ut aliqui',12116,5231,0,'1985-08-01 07:19:03','2014-11-23 10:40:52'),(535,6,'ELIT, SED DO EIUSMOD TEMPOR IN','sunt in culpa qui officia','laboris nisi ut aliquip ex ea commodo','et dolore magna aliqu',31294,25153,0,'1992-03-27 19:38:36','2002-12-02 21:28:07'),(538,12,'AMET, CONSECTETUR ADIP','culpa qui officia deserun','quis nostrud exercitation ullamco laboris nisi ut aliquip ex ea commodo consequat. Duis aute irure d','excepteur sint occaecat cu',24760,9243,0,'1989-12-23 14:59:37','1986-06-12 02:02:22'),(539,15,'LABORE ET DOLORE M','culpa qui officia deser','ad minim veniam, quis nostrud exercitation ullamco laboris nisi ','exerc',6090,21790,0,'1982-05-22 15:16:53','2013-12-29 05:54:05'),(540,5,'DESERUNT MOLLIT A','veniam, quis nostrud','Duis aute irure dolor in reprehen','in reprehenderit in volupt',17204,27821,0,'2005-05-02 15:19:11','2007-05-17 06:06:01'),(541,26,'NON PROIDENT, SUNT','exercitation ullamco l','velit esse cillum dolore eu fugiat nulla pariatur. Excepteur sint occaecat cupidatat non proident','borum.lorem ipsum dolor sit',4032,22339,0,'2011-08-15 08:09:14','2003-01-10 02:51:11'),(543,5,'SIT AMET, CONSECTETUR ADIPISCI','magna aliqua. Ut enim a','amet, consectetur adipiscing elit, sed do eiusmod tempor incididunt ut ','ut enim ad minim v',11144,32428,0,'1988-10-18 04:21:51','2009-04-06 18:55:17'),(544,15,'SED DO EIUSMOD TEMPO','est laborum.Lorem ips','elit, sed do eiusmod tempor incididunt ut labore et dolore magn','consectetur adipiscing elit, s',12261,22842,0,'2007-03-16 19:15:54','2018-03-14 08:14:17'),(545,25,'ID EST LABORUM.L','laborum.Lorem ipsum dolo','veniam, quis nostrud exercitation ulla','aliqua. ut e',23680,24985,0,'2014-12-26 05:13:55','1995-04-01 15:13:55'),(546,17,'ANIM ID','ullamco laboris nisi','tempor incididunt ut labore et dolore magna aliqua. Ut enim ad m','aliqua. ut enim ad minim veni',5142,26507,0,'1984-01-13 11:09:36','2001-12-03 05:42:10'),(547,16,'ELIT, SED','non proident, sunt in c','consequat. Duis aute irure dolor in reprehenderit in voluptate velit esse c','ut aliquip ex ea comm',23231,26444,0,'1985-11-10 05:12:05','2006-11-07 21:33:46'),(548,23,'DOLOR IN REPREHENDERIT IN','deserunt mollit anim id est','et dolore magna aliqua. Ut enim ad minim veniam, quis nostrud exercitation ullamco la','occaecat cu',17941,9024,0,'1991-03-24 13:20:52','2018-04-12 03:13:30'),(549,30,'LABORUM.LOREM','nisi ut aliquip ex ea co','Excepteur sint occaecat cupidatat non proident, sunt ','enim ad minim veniam, quis',31250,12629,0,'2013-10-20 10:39:08','2014-07-22 09:35:56'),(550,24,'QUIS NOSTRUD ','ut labore et dolore magn','do eiusmod tempor incididunt ut labore et dolore m','consequat. duis aute ir',2537,571,1,'2000-07-31 02:34:15','2019-07-31 16:06:21'),(551,16,'UT ALIQUIP EX ','occaecat cupidatat non proi','cillum dolore eu fugiat nulla pariatur. Excepteur sint occaecat cupi','sint occaec',18095,13552,0,'1987-04-14 15:21:12','2005-09-10 16:00:19'),(552,14,'DOLORE E','veniam, quis nostrud ','ea commodo consequat. Duis aute irure dol','exerci',7705,16576,0,'1995-02-25 13:53:46','2015-07-02 20:27:14'),(553,4,'DESERUNT MOLLIT ','esse cillum dolore eu fugia','incididunt ut labore et dolore magna aliqua. Ut enim ad minim ven','commod',15343,17511,0,'2007-05-21 13:45:02','2016-05-03 01:31:45'),(554,13,'NON PROIDENT, SUNT IN','in voluptate velit esse cill','mollit anim id est laborum.Lorem ipsum dolor sit amet, consectetur adipis','deserunt mollit anim id est la',23709,2860,0,'2001-07-28 22:29:29','2015-03-10 05:06:30'),(555,17,'PARIATUR. EXCEPT','culpa qui officia deserunt mo','fugiat nulla pariatur. Excepteur sint occaecat cupidatat non proident, sunt in culpa qui officia','cupidatat n',11419,11581,0,'1992-12-06 07:21:25','2002-12-16 00:20:25'),(556,24,'EX EA COMMODO CONSEQUAT','et dolore magna aliqu','dolor sit amet, consectetur adipiscing elit, sed do eius','in reprehenderi',26268,31034,0,'2009-10-09 14:09:40','1997-12-16 22:29:47'),(557,27,'UT LABORE ET DOLORE MAGNA','pariatur. Excepteur ','incididunt ut labore et dolore magna aliqua. Ut enim ad minim veniam, quis nostrud','ea commodo consequat. duis',15572,16166,0,'1985-01-04 02:08:16','1980-11-17 03:29:35'),(558,17,'DOLOR SIT AM','adipiscing elit, sed do eiusmo','adipiscing elit, sed do eiusmod tempor incididunt ut labore et dol','excepteur sint occaecat ',29915,16748,0,'2008-07-15 05:38:03','1985-04-06 15:46:24'),(559,11,'DOLOR SIT AME','mollit anim id est laborum.','dolor in reprehenderit in voluptate velit esse cillum','quis nost',4093,5391,0,'2008-05-09 01:08:39','2018-09-26 08:57:00'),(560,19,'ANIM ID EST','elit, sed do eiusmod tempo','Excepteur sint occaecat cupidatat non proident, sunt in culp','cupidata',32660,12643,0,'2016-08-04 13:40:46','2000-07-12 10:06:07'),(561,10,'CULPA QUI OFFICIA DES','id est laborum.Lorem ipsum d','sit amet, consectetur adipiscing elit, sed do eiusmod tempor inc','mollit anim id est labor',16615,31275,0,'1999-02-05 15:35:36','2002-09-17 01:26:23'),(562,1,'IN REPREHE','anim id est laborum.Lore','do eiusmod tempor incididunt ut labore et dolor','ullamco laboris nisi ut a',1443,21707,1,'2016-10-26 16:53:54','2019-07-31 16:01:39'),(563,18,'REPREHENDERIT','eiusmod tempor incididunt u','Excepteur sint occaecat cupidatat non proident, sunt in culpa qui officia deserunt mollit anim id','amet, consecte',31381,8486,0,'2000-03-26 12:13:04','1995-07-25 14:51:02'),(565,8,'SUNT IN','dolor sit amet, consect','ea commodo consequat. Duis aute irure dolor in reprehenderit in voluptate velit esse cillum dolore','ipsum ',12186,21590,0,'1983-11-29 05:26:48','1981-05-04 00:42:10'),(566,28,'EXERCITATION UL','consequat. Duis aute ','minim veniam, quis nostrud exercitation ullamco laboris nisi ut aliquip ex e','tempor incididunt ut lab',29709,3558,0,'2001-11-12 05:35:29','1989-08-02 02:29:39'),(567,15,'TEMPOR INCIDIDUNT ','dolor sit amet, consecte','nulla pariatur. Excepteur sint occ','fugiat nulla pariatur. exc',15417,32597,0,'1999-03-04 11:55:53','2013-01-05 02:36:31'),(568,8,'EST LABORUM.LOR','ipsum dolor sit amet, consect','in reprehenderit in voluptate velit esse cillum dolore eu fugiat nulla pariatur. Excepteur sin','eiusmod tempor i',26153,17439,0,'2008-01-12 16:34:04','1983-02-02 10:57:52'),(569,8,'SUNT IN CULPA QUI OFFIC','occaecat cupidatat non','sunt in culpa qui officia deserunt ','tempor incididunt ut labore et',13254,16803,0,'1984-10-20 05:52:50','1985-03-03 11:32:13'),(571,10,'.LOREM','quis nostrud exercitatio','officia deserunt mollit anim id est laborum.Lorem ipsum dol','proident,',5698,10067,0,'2005-06-30 18:10:45','1987-04-30 04:49:34'),(572,16,'CONSEQUAT. DUIS AUTE IR','cillum dolore eu fugiat n','adipiscing elit, sed do eiusmod tempor inci','aliqua. ut enim ad min',25238,32333,0,'2019-07-02 01:09:40','1993-05-04 04:56:57'),(573,22,'NON PROIDENT, SUNT IN CULPA ','esse cillum dolore eu fugiat ','id est laborum.Lorem ipsum dolor sit amet, consectetur adipiscing elit, sed do eiu','id est l',5247,4412,0,'2017-11-26 08:53:00','1986-02-05 03:19:56'),(574,5,'ADIPISCING ELIT, ','quis nostrud exercitation u','aute irure dolor in reprehenderit in voluptate velit esse cillum dolore eu fugiat nulla ','conse',17912,18913,0,'1999-07-13 01:31:01','1980-11-30 17:42:24'),(575,26,'IN VOLUPTATE VELIT ESSE CIL','um.Lorem ipsum dolor sit','Duis aute irure dolor in reprehenderit in voluptate velit esse cill','nisi ut aliq',25821,7593,0,'1999-03-03 16:21:18','1987-04-24 13:43:33'),(576,30,'EXCEPTEU','amet, consectetur adi','velit esse cillum dolore eu fugiat nulla pariatur. Excepteur sint occaec','eu fugiat nulla pariatur',28196,4479,0,'2001-09-17 16:43:45','2000-11-12 17:27:26'),(577,6,'COMMODO CON','velit esse cillum dolore ','in reprehenderit in voluptate velit esse cillum dolo','anim id est laborum.lorem ipsu',16706,31391,0,'1990-01-02 15:59:55','2015-04-23 02:58:49'),(578,1,'UT LABORE ET DOLO','Duis aute irure dolor in r','Duis aute irure dolor in reprehenderit in voluptate velit esse ','ex ea commodo co',5974,28740,0,'1985-09-06 06:58:25','1985-08-13 21:33:17'),(579,19,'REPREHENDERIT IN VOLUPTATE VE','aute irure dolor in reprehen','in voluptate velit esse cillum dolore eu fugiat nulla pariatur','mollit anim ',8780,9011,0,'1997-05-09 00:27:36','2001-10-06 15:43:29'),(580,12,'MOLLIT ANIM ID EST LAB','qui officia deserunt mollit a','sunt in culpa qui officia deserunt mollit anim id es','sunt in culpa qui offi',28272,3821,0,'1987-12-13 09:00:52','1992-12-15 08:51:56'),(581,15,'EU FUGI','velit esse cillum dolore eu f','ex ea commodo consequat. Duis aute irure dolor in reprehenderit ','in voluptate vel',22621,11149,0,'2001-10-30 22:02:54','2013-08-14 08:20:36'),(582,29,'UT ENIM AD ','irure dolor in reprehenderit i','commodo consequat. Duis aute irure do','occaecat cupidatat non ',16247,24944,0,'2013-05-25 16:06:55','1982-09-30 20:52:15'),(583,7,'NON PROIDENT, S','nulla pariatur. Excepteur s','eiusmod tempor incididunt ut labore et dolore magna aliqua. Ut eni','aute i',3721,28399,0,'2010-05-13 14:03:11','1999-10-30 20:38:05'),(584,23,'ELIT, SED DO EI','quis nostrud exercitatio','ut labore et dolore magna aliqua. Ut enim ad minim veniam, quis nostrud exercita','aute irure dolor in reprehende',29701,31564,0,'2013-05-16 06:00:21','2014-08-08 11:27:16'),(585,21,'CONSECTETUR ADIPISCING E','elit, sed do eiusmod tempor i','mollit anim id est laborum.Lor','sunt in culp',7776,19926,0,'2004-11-07 04:12:15','2015-07-29 14:27:50'),(586,29,'VELIT ESSE CILLUM','ullamco laboris nisi ut ali','in voluptate velit esse cillum dolore eu fugiat nulla pariatur. Except','laboris n',24910,31042,0,'2001-09-27 07:27:47','1990-11-23 18:04:13'),(587,15,'COMMODO CONSEQUAT. DUIS AUTE','eu fugiat nulla pariatu','do eiusmod tempor incididunt ut labore et dolore magna aliqua. Ut enim ad minim','ad mini',22466,1980,0,'2014-09-24 22:52:22','2011-06-28 20:43:29'),(588,27,'ANIM ID EST ','Excepteur sint occae','cupidatat non proident, sunt in culpa qui officia deserunt mollit anim id est laborum.','ut aliquip ex ea com',24136,21768,0,'2019-03-21 18:53:21','1990-04-01 17:42:51'),(589,5,'IPSUM DOLOR SIT AMET, C','ut labore et dolore magna','non proident, sunt in culpa qui officia deser','esse cillum dolore eu fugiat n',29099,19963,0,'2002-02-12 04:45:08','1985-06-11 11:01:18'),(590,15,'EXERCITAT','aute irure dolor in repre','pariatur. Excepteur sint occaecat cupidatat non proi','eu fugiat nulla pariatur.',14879,18924,0,'2011-01-10 07:39:59','2004-06-06 05:18:24'),(591,25,'DUIS AUTE IRURE DOLOR IN RE','irure dolor in reprehenderit ','labore et dolore magna aliqua. Ut enim ad mini','sit amet, consectetur a',22074,7956,0,'2016-04-21 20:25:10','2016-12-05 01:56:53'),(592,28,'M.LOREM','eu fugiat nulla pariatur. Ex','tempor incididunt ut labore et dolore magna aliq','id es',17356,25967,0,'2006-10-18 12:55:25','1999-07-25 01:30:26'),(593,28,'IN REPREHENDE','aute irure dolor in r','mollit anim id est laborum.Lorem ipsum dolor sit amet, consectet','magna aliqua. ut e',15698,4341,0,'1988-02-13 13:10:23','2007-03-21 15:01:31'),(594,17,'IN CULPA Q','consequat. Duis aute irure do','occaecat cupidatat non proident, sunt in culpa qui off','ex ea commodo consequat. duis ',2858,17169,0,'2019-01-07 16:22:20','2012-07-09 14:47:37'),(595,9,'EA COMMODO CONSEQUAT. DUIS A','minim veniam, quis n','non proident, sunt in culpa qui officia deserunt mollit anim id est labor','excepteu',18524,28073,0,'1993-04-30 16:42:13','2015-04-08 19:45:22'),(596,18,'EXERCITATION ','eiusmod tempor incididunt ut','laborum.Lorem ipsum dolor sit amet, consectetur adipiscing elit, sed do eiusmod tempor incidi','rum.lorem ipsum dolor sit',28933,24473,0,'1995-06-23 16:09:35','1998-09-17 23:15:30'),(597,8,'ANIM ID EST LABORUM.LOREM','Duis aute irure dolor ','in culpa qui officia deserunt mollit anim id est lab','commodo consequat. duis aut',19063,16723,0,'2005-05-31 14:46:30','1983-05-19 17:15:21'),(598,14,'IN REPREHENDERIT IN V','nisi ut aliquip ex ea commodo ','id est laborum.Lorem ipsum dolor sit amet,','mollit a',26503,26745,0,'1982-05-16 17:57:46','2013-11-03 21:12:18'),(600,3,'ALIQUA. UT ENIM AD MINIM VEN','proident, sunt in culpa','dolor in reprehenderit in voluptate velit esse cillum dolore eu fugiat nulla pariatur. Excepteu','ipsum dolor sit ame',19017,31854,0,'2003-11-21 22:50:29','2003-06-01 01:53:32'),(601,16,'IN REPREHENDERIT IN','Excepteur sint occaeca','elit, sed do eiusmod tempor incididunt ut labore et dolor','cupid',4022,26976,0,'2005-07-18 07:36:50','2011-10-24 01:45:54'),(602,17,'ESSE CILLUM DOLORE EU FUG','in voluptate velit esse cil','ullamco laboris nisi ut aliquip ex ea commodo cons','nisi ut aliquip ex ea',25162,12707,0,'1991-01-17 16:58:23','2012-03-20 04:42:38'),(603,12,'UT ENIM AD MINIM VENIAM','Duis aute irure dolor i','in voluptate velit esse cillum dolore eu fugiat','nulla pariatur. exce',25158,23070,0,'2013-05-17 21:49:04','1990-05-15 23:45:21'),(604,3,'ADIPISCING ELIT, SED DO EIUS','commodo consequat. Du','ad minim veniam, quis nostrud exercitation ull','consectetur adipiscing elit, ',7489,25574,0,'2014-06-08 20:08:12','1993-04-16 05:06:51'),(605,30,'EU FUGIAT NULL','dolore magna aliqua. Ut enim ','est laborum.Lorem ipsum dolor','dolor sit amet, consec',16897,12688,0,'2016-09-30 11:18:53','2000-10-02 23:23:04'),(606,8,'TEMPOR INC','.Lorem ipsum dolor sit amet, c','aute irure dolor in reprehenderit in voluptate velit esse cillum dolore eu fugiat nu','elit, sed do eiusmod tem',10759,13834,0,'2007-03-05 17:58:14','1985-07-16 05:31:36'),(607,3,'CUPIDATAT NON PROIDENT, SUN','laboris nisi ut aliqui','cillum dolore eu fugiat nulla pariatur. Excepteur sint occaecat cupida','tempor incididunt ut labore',4106,18692,0,'2012-07-07 09:22:29','1992-07-28 07:42:09'),(608,8,'EXCEPTEUR ','elit, sed do eiusmod tempor ','est laborum.Lorem ipsum dolor sit amet, consectetur adip','anim id est laborum.l',28947,18466,0,'2011-04-18 19:55:28','1990-10-18 13:04:51'),(609,11,'QUIS NOSTRUD EXERCITATION ULL','eiusmod tempor incididunt u','sed do eiusmod tempor incididunt ut labore et dolore magna aliqua. Ut enim ad min','incididunt ut lab',29360,20545,0,'2017-12-01 20:02:07','1996-12-07 19:41:33'),(610,17,'DUIS AUTE IRURE DOLOR IN ','dolor sit amet, consectetu','quis nostrud exercitation ullamco labori','culpa qui officia',13348,2202,0,'2016-12-07 04:52:33','1999-04-19 05:58:01'),(611,5,'ALIQUA. UT ','ipsum dolor sit amet, consec','incididunt ut labore et dolore magna aliqua. Ut enim ad minim veniam, quis nostrud exercitation ulla','enim ad minim veniam, ',6634,15,0,'2004-11-28 10:32:33','1982-04-07 08:41:50'),(612,30,'MAGNA ALIQUA. UT ENIM AD MI','et dolore magna aliqua. Ut','ullamco laboris nisi ut aliquip ex ea commodo consequat. Duis aute irure dolor in r','nulla par',11177,8118,0,'2019-07-16 17:25:59','2019-02-05 16:01:33'),(613,4,'ALIQUA. UT ENIM AD','non proident, sunt in','velit esse cillum dolore eu fugiat nulla pariatur. Excep','sed do eiusmod',29311,359,0,'1984-03-01 08:33:28','1988-11-29 22:23:17'),(614,6,'VELIT ESS','sit amet, consectetu','nisi ut aliquip ex ea commodo consequat. Duis aute irure dolor','do eiusmo',13150,6008,0,'1994-08-26 16:43:15','1986-12-21 18:16:29'),(615,19,'EX EA COMMOD','sint occaecat cupidata','consequat. Duis aute irure dolor in reprehenderit in voluptate velit esse cillum dolore eu fugi','aute irure dolor in re',25982,13894,0,'2012-04-06 10:16:25','1997-06-16 09:37:28'),(616,6,'CUPIDATAT N','ut aliquip ex ea commod','cupidatat non proident, sunt in culpa qui officia deserunt mollit','tempor incididunt ut labor',28031,26891,0,'1992-10-26 22:43:48','2000-10-23 01:49:24'),(617,30,'ULLAMCO LABORIS','ut labore et dolore magna','ut labore et dolore magna aliqua. Ut enim ad minim veniam, quis nostrud exercitation ullamc','deserunt mo',368,14902,0,'2004-12-21 14:15:15','2009-11-20 04:50:53'),(619,29,'UT LABORE ET DO','sed do eiusmod tempo','ullamco laboris nisi ut aliquip ex ea commodo consequat. Duis aute iru','non pr',15935,26389,0,'1985-10-03 14:43:04','1982-01-04 09:30:36'),(620,19,'SUNT IN CULPA QUI OFFICIA DE','Duis aute irure dolor in repre','occaecat cupidatat non proident, sunt in ','qui o',21691,20843,0,'2010-06-30 20:01:50','2010-09-04 05:44:15'),(621,17,'SIT AMET','sunt in culpa qui officia','anim id est laborum.Lorem ipsum dolor sit amet, consectet','excepteur sint occaecat c',1922,16083,0,'2009-05-05 16:38:20','2002-11-30 00:25:40'),(623,3,'QUIS NOSTRUD EXERCITA','quis nostrud exercit','qui officia deserunt mollit anim id est laborum.Lorem ipsum dolor sit amet, consectetur adipi','lorem ipsum ',4448,6542,0,'2000-03-12 22:30:37','1993-12-24 00:39:03'),(624,22,'SED DO EIUSMOD TEMPOR I','nisi ut aliquip ex ea co','adipiscing elit, sed do eiusmod tempor incid','excepteur sint occaecat cupida',27442,32473,0,'2012-09-25 22:49:05','1992-12-16 07:39:26'),(625,13,'SED DO EIUSMOD','dolor in reprehenderit','occaecat cupidatat non proident, sunt in culpa','dolor sit ame',10897,17742,0,'1987-07-21 06:38:51','2006-03-22 01:49:46'),(626,21,'SIT AMET, CONSECTETUR ADIPISCI','dolore eu fugiat nulla pariatu','ut labore et dolore magna aliqua. Ut enim ad','duis aute iru',6088,29109,0,'2003-04-16 15:48:58','2006-01-01 17:51:56'),(627,22,'EU FUGIAT ','dolor in reprehender','magna aliqua. Ut enim ad minim veniam, q','velit esse cillum dolore ',7193,539,0,'2013-07-03 23:28:55','2002-02-25 04:50:19'),(628,22,'IN VOLUPTATE VELIT ESSE CIL','dolore eu fugiat nulla pariatu','in voluptate velit esse cillum dolore eu fugiat','ut labore et dolore magna a',23116,5267,0,'2006-12-11 01:31:01','2001-03-01 04:29:38'),(629,26,'CUPIDATAT','sint occaecat cupidatat non pr','sunt in culpa qui officia deserunt mollit anim id ','.lorem ipsum dolor sit amet, c',4466,27418,0,'2005-11-18 20:53:25','2002-11-28 15:58:50'),(630,8,'CUPIDATAT ','ipsum dolor sit amet, conse','non proident, sunt in culpa qui officia deserunt mollit anim id est la','dolore magn',13412,5503,0,'1996-03-12 06:54:15','2019-01-13 04:28:26'),(631,15,'NOSTRUD EXERCITATIO','non proident, sunt in','ullamco laboris nisi ut aliquip ex ea commodo consequ','pariatur. excepteur sint o',30777,24604,0,'1982-02-25 22:37:27','2011-07-05 16:50:35'),(632,22,'ULLAMCO LABORIS NI','non proident, sunt in culpa q','magna aliqua. Ut enim ad minim veniam, quis','quis nostrud exercitatio',6852,22166,0,'2008-01-12 10:43:15','2010-06-22 05:50:15'),(633,1,'SUNT IN CUL','nulla pariatur. Excep','ut aliquip ex ea commodo consequat. Duis','orum.lorem ipsum dolor',1252,28596,0,'1990-07-10 18:16:40','1992-11-06 20:08:12'),(634,21,'DUIS AUT','ea commodo consequat. Duis aut','non proident, sunt in culpa qui officia deserunt mollit anim id est laborum','esse ',9542,11729,0,'2016-08-18 23:51:04','2007-09-10 06:06:06'),(636,7,'MINIM VENIAM, QUIS NOSTR','nostrud exercitation ull','magna aliqua. Ut enim ad minim veniam, quis nostrud exercitation ullamco laboris nisi ut aliquip e','adipiscing elit',13665,4430,0,'2014-03-24 00:44:44','2007-11-15 20:14:12'),(637,1,'ID EST LABORUM.LO','consequat. Duis aute iru','sint occaecat cupidatat non proident, sunt in culpa qui officia deserunt mollit anim id est lab','commo',25276,26817,0,'1983-02-22 04:40:09','2007-08-12 15:21:07'),(638,22,'NISI UT ALIQUIP EX','magna aliqua. Ut enim ad ','in culpa qui officia deserunt mollit anim id est laborum.Lorem ipsum dolor sit amet, consectetur','excepteur sin',28167,10870,0,'1985-03-22 02:57:43','2005-01-10 03:08:23'),(639,26,'DOLOR SIT AMET, CONSECT','irure dolor in reprehenderit ','nisi ut aliquip ex ea commodo consequat. Duis aute irure dolor in rep','in reprehenderit in voluptat',4135,2283,0,'1990-07-07 09:35:20','2011-11-05 03:17:03'),(640,1,'VENIAM, QUIS ','Excepteur sint occaecat','id est laborum.Lorem ipsum dolor sit amet, consectetur adipiscing elit, se','ullamco l',19697,7931,0,'1994-12-17 04:21:47','2007-11-17 11:48:17'),(641,10,'ULLAMCO LA','velit esse cillum do','enim ad minim veniam, quis nostrud exerci','quis nostrud exer',18,31137,0,'1980-03-14 08:28:54','2016-10-09 01:25:30'),(642,18,'DUIS AUTE IRURE DOLOR IN R','orum.Lorem ipsum dolor sit a','minim veniam, quis nostrud exercitation ullamco laboris nisi ut aliquip ex ea commodo consequat','sunt in culpa qui officia dese',7176,14915,0,'1997-07-28 15:24:01','1994-10-13 22:15:54'),(643,6,'ULLAMCO LABORIS NISI U','dolor in reprehenderit in vol','consectetur adipiscing elit, sed do eiusmod tempor incididunt ut labore et dolore magna ','duis aute irure dolor in',28133,17189,0,'1987-05-12 04:46:35','2001-06-03 14:55:46'),(644,12,'UT ALIQU','nisi ut aliquip ex ea commodo','quis nostrud exercitation ullamco laboris nisi ut aliquip ex ea commodo c','nostrud exercitatio',4319,3384,0,'1995-06-12 13:29:54','2011-09-24 03:46:47'),(645,2,'IPSUM DOLOR SIT AMET, C','in reprehenderit in v','ad minim veniam, quis nostrud exercitation ullamco laboris nisi ut aliquip ex ea commodo ','nostrud exercitation ullamco ',8984,526,0,'1984-06-15 12:07:40','2002-10-23 08:51:31'),(646,22,'ELIT, S','nisi ut aliquip ex ea commo','tempor incididunt ut labore et dolore magna aliqua. Ut enim ad minim veniam, quis nostrud exercit','consequ',24932,2163,0,'2005-06-14 04:24:48','1989-04-27 14:47:55'),(647,7,'CILLUM DOLORE EU FUGI','ut labore et dolore magn','commodo consequat. Duis aute irure d','lorem ipsum dolor sit ',23385,31462,0,'1986-10-29 23:51:31','2011-06-17 10:35:04'),(648,15,'EIUSMOD TEMPOR INCI','eu fugiat nulla pariatur. ','do eiusmod tempor incididunt ut labore et dolore magna ','elit, sed d',25316,377,0,'2006-09-02 04:42:44','1992-07-14 04:13:11'),(649,11,'EXCEPTEUR S','incididunt ut labore','eu fugiat nulla pariatur. Excepteur s','sint occaecat cupidatat non p',11687,13558,0,'2000-10-08 03:29:59','2012-04-30 04:04:07'),(650,5,'UT LABORE ET DO','nisi ut aliquip ex ea commod','ex ea commodo consequat. Duis aute irure dolor in reprehend','in volup',4292,9829,0,'2010-11-14 21:52:59','1995-03-20 04:00:55'),(651,15,'COMMODO CONSEQUAT. D','mollit anim id est laboru','sed do eiusmod tempor incididunt ut labo','in reprehenderit in voluptate',15033,847,0,'1983-03-12 14:19:45','2009-02-13 00:09:25'),(652,25,'CONSEQUAT. DUIS AUT','adipiscing elit, sed do','Lorem ipsum dolor sit amet, consectetur adipiscing','veniam, quis n',27015,3109,0,'1982-05-19 21:14:51','1982-05-29 05:35:49'),(653,22,'DUIS AUTE I','proident, sunt in culpa q','velit esse cillum dolore eu fugiat nulla pariatur. E','laboris nisi ut aliquip ex ',25967,6765,0,'2010-03-25 14:04:20','1983-02-28 00:52:47'),(654,2,'NON PROIDENT, SUNT I','laboris nisi ut aliquip ex ea ','dolore eu fugiat nulla pariatur. Excepteur sint occaecat cupidatat n','rum.lorem ipsum dolor sit am',3224,7486,0,'2001-09-02 22:10:12','1982-07-30 05:34:33'),(655,24,'SINT OCCAECA','irure dolor in reprehend','elit, sed do eiusmod tempor incididunt ut labore et dolore magna aliqua. Ut enim','consectetur adipiscing eli',11612,31680,1,'2012-02-11 07:02:44','2019-07-31 16:06:21'),(656,26,'CILLUM DOLORE E','mollit anim id est laboru','cupidatat non proident, sunt in culpa qui offic','commodo consequat. du',31755,7772,0,'1987-03-07 04:26:58','2016-06-08 08:07:18'),(657,4,'ULLAMCO LABORIS NISI UT ALIQU','adipiscing elit, sed do e','occaecat cupidatat non proident, sunt in culpa qui officia deserunt mollit anim','duis aut',32511,9502,0,'2003-08-09 11:28:54','1986-06-01 08:33:19'),(658,10,'ET DOLORE ','dolor sit amet, consectetur ','in voluptate velit esse cillum dolore ','incididunt ut labore et ',435,20809,0,'2014-04-28 06:22:23','2005-02-09 07:45:11'),(659,30,'QUI OFFICIA DESERUN','irure dolor in reprehen','dolor sit amet, consectetur adipiscing elit, sed do eiusmod tempor incididunt ut labore et dolore ma','velit esse cillum dolor',27263,20483,0,'1992-01-14 16:59:21','2002-05-25 04:03:13'),(660,23,'NISI UT ALIQUI','dolor sit amet, conse','est laborum.Lorem ipsum dolor sit am','ea commodo consequat. duis a',19405,20310,0,'1995-12-28 18:37:18','1987-05-21 13:34:54'),(662,4,'UT LABORE ET DOLORE MAGNA AL','aliquip ex ea commodo c','um.Lorem ipsum dolor sit amet, consectetur adipiscing elit, sed do eiusmod tempor incididunt ut l','in culp',3607,17354,0,'2004-08-01 03:58:21','1984-05-11 23:11:43'),(663,5,'IRURE DOLOR IN REPRE','aliqua. Ut enim ad minim v','irure dolor in reprehenderit in voluptate v','irure',28574,8672,0,'1993-02-10 21:09:40','1999-09-21 02:57:45'),(664,24,'EXERCITATION ULLAMC','in culpa qui officia deseru','sint occaecat cupidatat non proident, sunt in cu','non proident, sunt in culpa',27137,2728,0,'2012-07-18 01:47:46','1982-11-23 14:21:51'),(665,16,'EXCEPTEUR SINT OCCAEC','sed do eiusmod tempor incid','ullamco laboris nisi ut aliquip ex ea commodo consequat. Duis aute irure dolor in reprehenderit in','laboris nisi ut aliquip ',29841,29095,0,'2008-07-17 22:36:12','2016-12-16 20:52:17'),(666,1,'SINT OCCAECAT CUPIDATAT NON ','et dolore magna aliqua. Ut ','exercitation ullamco laboris nisi','in voluptate velit esse ',16919,22139,0,'2003-10-18 00:24:11','1991-01-28 19:42:40'),(667,9,'ADIPISCING ELIT, SED DO E','incididunt ut labore et d','quis nostrud exercitation ullamco l','reprehenderit in volup',22862,29266,0,'1982-12-31 16:49:31','2012-03-01 16:43:56'),(668,13,'CUPIDATAT ','sunt in culpa qui officia','esse cillum dolore eu fugiat nulla pariatur. Excepteur sint occae','sed do eiusm',18419,8597,0,'2005-10-03 09:04:51','1983-08-06 07:42:49'),(669,26,'EXCEPTEUR SINT OCCA','adipiscing elit, sed ','tempor incididunt ut labore et dolore magna aliqua. Ut enim ad minim veniam, quis n','ut labore et d',28084,23922,0,'1997-03-15 17:26:24','2000-11-18 09:06:53'),(670,7,'ADIPISCING ELIT, ','anim id est laborum.Lorem i','esse cillum dolore eu fugiat nulla pariatur. E','dolor sit amet, conse',15097,32392,0,'2002-11-01 06:17:17','1999-02-09 21:00:04'),(671,16,'ADIPISCING ','anim id est laborum.Lorem ipsu','dolore eu fugiat nulla pariatur. Excepteur sint occaecat cupida','occaecat cupidatat non pr',14786,15331,0,'2015-03-19 06:56:15','1989-10-31 15:45:38'),(672,9,'EXCEPTEUR SINT OCC','exercitation ullamco labori','quis nostrud exercitation ullamco laboris nisi ','ullamc',4878,3600,0,'1996-10-02 17:28:01','1996-09-11 23:02:53'),(673,6,'AD MINIM VENIAM, Q','ullamco laboris nisi ut aliqu','dolor in reprehenderit in voluptate velit esse cillum dolore eu fugiat nulla pariatur. Excep','anim id es',23328,19986,0,'2010-05-01 20:26:47','2006-10-18 11:03:10'),(674,4,'CILLUM DOLORE EU','velit esse cillum dolore ','in reprehenderit in voluptate velit esse cillum dolore eu fugiat nulla pa','dolore magna aliqua. ',27498,21393,0,'1984-11-21 22:07:42','2002-10-24 03:06:07'),(675,26,'LABORUM.LOREM IPSUM DOLOR SIT','adipiscing elit, sed do eiu','aliquip ex ea commodo consequat. Duis aute irure dolor in reprehenderit in ','eu fugiat nulla pariatur. exce',27681,24429,0,'2016-10-03 23:32:27','1985-10-09 16:10:04'),(677,6,'QUI OFFICIA DESERUNT MOLLIT ','adipiscing elit, sed do e','tempor incididunt ut labore et dolore ma','cillum dolore eu fugiat n',13721,13683,0,'2018-02-13 23:50:40','2001-11-21 18:31:58'),(679,29,'TEMPOR INCIDID','incididunt ut labore et do','est laborum.Lorem ipsum dolor sit amet, consectetur adipiscing elit, sed do eiusmo','anim id est lab',12832,18502,0,'1991-02-18 23:59:07','2017-11-26 00:28:27'),(680,22,'SED DO EIUSMOD TEMPOR','sed do eiusmod tempor i','Ut enim ad minim veniam, quis nostrud exercitation ullamco laboris nisi ut ali','veniam, quis nostrud exerci',2990,32679,0,'1994-01-25 08:10:48','1995-02-17 09:30:23'),(681,16,'LABORUM.LOREM IPSUM','dolor in reprehenderit in volu','voluptate velit esse cillum dolore eu fugiat nulla pariatur','sunt in culpa qui of',21322,6494,0,'1993-06-05 18:39:31','1983-04-01 18:46:05'),(683,16,'SUNT IN CULPA','dolore magna aliqua. Ut enim a','Ut enim ad minim veniam, quis nostrud exercitation ullamco laboris','reprehenderit in voluptate v',23349,1086,0,'2006-09-06 14:39:46','2003-05-30 02:24:46'),(684,20,'RUM.LOREM IPSUM','adipiscing elit, sed do','magna aliqua. Ut enim ad minim veniam, q','non proident, sunt in culp',31512,17662,0,'1994-02-28 21:59:36','2006-10-25 00:50:23'),(685,20,'ANIM ID EST ','non proident, sunt i','in culpa qui officia deserunt mollit anim id est laborum.Lorem ipsum dolor sit','est laborum.',18859,24305,0,'2011-06-17 03:30:55','2018-11-10 04:11:33'),(686,30,'VELIT ESSE ','Duis aute irure dolor in rep','amet, consectetur adipiscing elit, sed do eiusmod tempo','proident, su',26707,19648,0,'1994-07-20 10:48:28','2010-12-19 21:46:42'),(687,11,'VELIT ESSE CILLUM DOLORE EU F','sint occaecat cupidata','veniam, quis nostrud exercitation ullamco laboris n','lorem',19231,14235,0,'1981-03-20 19:56:02','2005-05-27 12:17:43'),(688,25,'DOLORE EU FUGIAT ','dolor in reprehenderit in ','sint occaecat cupidatat non proident, sunt in culpa qui officia des','culpa qui officia deseru',20408,16306,0,'1986-04-17 09:01:01','2002-04-18 09:47:40'),(689,20,'UT LABORE ET DOLORE MAGNA ALIQ','mollit anim id est l','consequat. Duis aute irure dolor in reprehenderit in vol','minim veniam, quis n',32766,6094,0,'2016-07-24 20:01:19','2000-03-19 07:32:15'),(692,17,'CONSEQUAT. DUIS','velit esse cillum dolor','anim id est laborum.Lorem ipsum dolor sit amet, consectetur adipiscing elit, sed','in voluptate velit ess',15728,16149,0,'2005-07-29 01:12:21','2004-11-13 12:29:25'),(693,30,'SINT OCCAECAT CUP','sint occaecat cupidatat non pr','rum.Lorem ipsum dolor sit amet, consectetur adipiscing elit, sed do eiusmod tempor incididunt ut lab','sunt in culpa qui officia des',9405,20479,0,'2000-09-06 23:29:47','1983-08-08 21:05:45'),(694,11,'PROIDENT, SUNT IN CULP','ut aliquip ex ea commodo cons','adipiscing elit, sed do eiusmod tempor incididunt ut labore et dolore m','minim venia',23306,3918,0,'2019-01-25 14:21:18','2012-03-21 01:46:09'),(695,10,'DOLORE EU FUGI','consectetur adipisci','laboris nisi ut aliquip ex ea commodo consequat. Duis aute irure dolor in reprehenderit in volupta','sed do eiusmod tempor incidid',4546,21470,0,'1991-03-03 03:02:08','1992-04-23 00:35:45'),(696,4,'DOLORE EU FUGIAT NULLA PARIATU','do eiusmod tempor incididun','laboris nisi ut aliquip ex ea commodo consequat. Duis aute irure dolor in reprehenderit i','consequat. duis aute iru',9104,27935,0,'2018-08-16 16:20:13','2008-07-24 08:37:13'),(698,7,'UT ALIQUIP EX EA C','Ut enim ad minim veniam, quis','ex ea commodo consequat. Duis aute irure dolor in reprehenderit in voluptate velit esse cillum','ullamco laboris nisi ut ',21525,21833,0,'1987-02-01 04:13:11','1995-11-06 14:51:43'),(699,14,'VENIAM, QUIS ','dolor sit amet, consec','quis nostrud exercitation ullamco laboris nisi ut aliquip ex ea commodo conseq','velit esse cillum dolore eu f',30501,19092,0,'1995-08-01 22:09:04','2006-12-24 20:25:06'),(700,19,'COMMODO CO','ullamco laboris nisi ut al','consequat. Duis aute irure dolor in reprehenderit in voluptate velit esse cil','lorem ipsum dolor sit a',23772,29865,0,'2003-10-02 19:05:22','2006-10-03 23:23:31'),(701,20,'IRURE DOL','Ut enim ad minim veniam, quis ','sunt in culpa qui officia deserunt mollit anim id est laborum.Lorem ipsum','non proident, sunt in culpa q',25502,4863,0,'1992-01-30 14:41:21','2016-04-09 13:47:27'),(702,24,'UT ALIQUIP EX EA COMMODO CO','eiusmod tempor incididunt u','quis nostrud exercitation ullamco laboris nisi ut aliquip ex ea commodo consequat.','eu fugia',5208,31660,0,'2011-02-21 23:08:17','1992-07-08 19:19:13'),(703,20,'IN VOLUPTATE VELIT ESSE CILLU','nisi ut aliquip ex ea ','eu fugiat nulla pariatur. Excepteur sint occaecat','ad minim veniam, quis n',25079,18282,0,'1997-10-06 12:59:25','2007-12-28 05:56:42'),(704,26,'SED DO EI','consequat. Duis aute irure d','exercitation ullamco laboris nisi ut aliquip ex ea commodo consequat. Duis aut','eu fugiat nulla p',17891,5431,0,'1981-12-10 11:26:02','1980-09-11 22:20:35'),(706,28,'MOLLIT ANIM ID EST LABORUM.L','id est laborum.Lorem','deserunt mollit anim id est laborum.Lorem ipsum dolor sit amet, conse','in reprehe',16311,4884,0,'1997-02-06 14:36:55','1994-04-05 07:52:13'),(707,23,'COMMODO CO','eu fugiat nulla pariatur. Ex','esse cillum dolore eu fugiat nulla pariatur. Excepteur sint occ','veniam, quis nostrud exercit',22325,6692,0,'1996-11-11 12:35:38','2006-04-29 16:22:56'),(708,14,'REPREHENDERIT','cillum dolore eu fugiat nulla ','cupidatat non proident, sunt in culpa qui officia deserunt mollit','nisi ut aliquip ex ea comm',11007,20655,0,'2009-06-14 01:51:34','2007-01-08 23:16:00'),(709,11,'AUTE IRUR','ex ea commodo conseq','adipiscing elit, sed do eiusmod te','consectetur a',19315,10988,0,'2013-01-12 20:33:36','2013-08-02 12:14:46'),(710,13,'CILLUM DOLORE EU FUG','occaecat cupidatat no','Ut enim ad minim veniam, quis nostrud exercitation ullamco laboris nisi ut aliquip ex e','esse cillum',13954,12775,0,'1983-12-24 19:25:32','1996-08-09 04:52:24'),(711,25,'IN VOLUPTATE VELIT ESSE CI','eiusmod tempor incididun','aborum.Lorem ipsum dolor sit amet, consectetur a','quis nos',30001,24057,0,'1980-06-16 04:57:10','1999-07-24 17:36:27'),(712,27,'DOLOR IN REPREHE','velit esse cillum dolore eu ','nulla pariatur. Excepteur sint occaecat cupidatat non proident, sunt in culpa qu','sint o',14983,15332,0,'2001-05-06 07:53:48','2003-02-24 19:01:22'),(713,27,'PROIDENT, SUNT ','elit, sed do eiusmod tempor','Ut enim ad minim veniam, quis nostrud exercitation ullamco laboris nisi ut aliqu','ea commodo consequat',29563,29999,0,'1995-02-21 07:44:44','1992-02-23 23:48:37'),(714,1,'CILLUM DOLORE EU ','laboris nisi ut aliquip ex ea','consectetur adipiscing elit, sed do eiusmod tempor incididunt ut labore et dolore magna aliqua.','mollit anim id est laborum',22787,30680,0,'1980-09-04 20:16:18','1991-10-14 14:04:53'),(715,6,'SUNT IN CULPA QUI OFFI','officia deserunt mollit','in voluptate velit esse cillum dolore eu fugiat nulla pariatur. Excepteur sint occaecat c','esse c',15414,3631,0,'1998-11-11 03:22:04','2012-07-28 06:41:31'),(716,18,'VOLUPTATE VELIT ','magna aliqua. Ut enim ad','in voluptate velit esse cillum d','ut labore et dolore magna ',18134,19314,0,'2002-06-28 20:56:20','2012-10-14 07:27:09'),(717,1,'DOLOR SIT AMET, CONS','consequat. Duis aute ir','aute irure dolor in reprehenderit in voluptate velit esse cillum dolore e','sed do eiusmod tempor inci',13999,13979,0,'1986-09-11 12:49:52','1981-01-07 06:01:31'),(718,2,'LABORUM.LOREM IPSUM DOL','ut labore et dolore magna al','id est laborum.Lorem ipsum dolor sit amet, consectetur adipiscing','consequat. duis a',17043,21486,0,'2015-11-22 06:21:32','1998-12-24 21:46:12'),(719,7,'EXCEPTEUR SINT OCCAECAT ','dolor sit amet, consectetur','cupidatat non proident, sunt in culpa qui officia deserunt mollit anim id e','ut enim ad minim veniam',24510,14929,0,'2002-02-20 10:48:40','1991-02-07 16:07:18'),(720,29,'ET DOLORE MAGNA ALIQUA. UT','dolor sit amet, consectet','aliquip ex ea commodo consequat. Duis aute irure dolor in reprehenderit in voluptate velit ess','ullamco laboris nis',5851,15158,0,'2003-01-22 20:49:20','1992-10-14 13:31:05'),(721,19,'NON PROIDENT, SUNT IN CULP','nulla pariatur. Excep','rum.Lorem ipsum dolor sit amet, consectetur adipiscing elit, sed do eiusmod tempor incididunt u','ad minim veniam, quis',13075,18662,0,'1999-11-18 16:50:52','1992-12-02 22:24:10'),(722,30,'MINIM VENIAM, QUIS','reprehenderit in voluptat','aute irure dolor in reprehenderit in voluptate velit esse cillum dolore eu fugiat nulla par','dolore eu fugiat nulla p',17942,16696,0,'1992-08-14 07:27:48','2006-06-21 01:24:10'),(723,11,'UT LABORE ET DOLORE MA','dolor sit amet, consectetur a','sint occaecat cupidatat non proident, sunt i','deserunt mollit anim id es',4344,3817,0,'1980-10-28 15:38:43','2000-09-22 11:05:06'),(724,19,'LABORIS NISI UT AL','tempor incididunt ut labo','eiusmod tempor incididunt ut labore et dolore magna aliqua. Ut enim ad minim veniam, quis ','nisi ut aliquip ex ea co',15136,26387,0,'2000-03-07 11:15:15','1993-02-04 18:01:42'),(725,19,'SUNT IN CULPA QUI OFFICIA','consectetur adipiscing elit,','pariatur. Excepteur sint occaec','amet, consectetur a',21808,1395,0,'2003-12-28 08:24:32','1985-11-26 00:28:11'),(726,24,'EXERCITATION ULL','aborum.Lorem ipsum dolor s','Ut enim ad minim veniam, quis nostrud exercitation ull','velit esse cillum dol',32445,20666,1,'2009-02-24 02:17:00','2019-07-31 16:06:21'),(727,7,'TEMPOR INCIDIDUNT UT LA','consequat. Duis aute irur','cupidatat non proident, sunt in culpa qui officia deseru','in repr',12636,23288,0,'2015-10-30 21:20:23','1985-08-25 06:51:28'),(728,23,'PARIATUR. ','in voluptate velit es','et dolore magna aliqua. Ut enim ad minim veniam, quis nostrud exercitation ullamco la','laborum.lorem',22597,6275,0,'2013-11-09 08:14:31','1992-02-09 04:16:26'),(730,27,'VELIT ESSE CILLUM DOLORE ','adipiscing elit, sed do eiu','ullamco laboris nisi ut aliquip ex ea commodo conse','sed do eiusmod te',21808,11732,0,'1985-04-27 21:29:05','2013-08-03 17:32:46'),(731,30,'.LOREM IPSUM DOLOR SIT AME','et dolore magna aliqua. Ut eni','quis nostrud exercitation ullamco laboris nisi ut aliquip ex e','ullamco laboris nisi ut aliqu',32364,603,0,'2016-10-07 08:30:22','1983-04-18 22:53:48'),(732,4,'ID EST ','magna aliqua. Ut enim a','sed do eiusmod tempor incididunt ut labore et dolore magna aliqua. Ut en','dolor sit amet, consect',5902,27894,0,'1981-01-02 21:54:51','2018-01-30 04:34:10'),(733,30,'ADIPISCING ELIT, SED DO EIUSMO','ut labore et dolore magna ','Excepteur sint occaecat cupidatat non proident, sunt in culpa ','amet, consectetur adipisc',19454,28707,0,'2015-11-19 18:06:05','1990-06-16 10:12:24'),(735,14,'NULLA PARIATUR. EXCE','non proident, sunt in c','incididunt ut labore et dolore magna aliqua. Ut enim ad minim veniam, quis n','commodo conse',3480,26772,0,'1999-05-05 15:12:42','1994-12-31 13:44:59'),(737,9,'LABORE ET DOLORE MAGNA AL','cupidatat non proident','deserunt mollit anim id est laborum.Lor','cupidatat non proident, sunt',5176,22059,0,'2002-12-17 03:05:47','2013-01-24 09:27:24'),(738,2,'VOLUPTATE VELIT ESSE CILLU','ullamco laboris nisi u','.Lorem ipsum dolor sit amet, consectetur adipiscing eli','qui officia deserunt mollit',28024,29487,0,'1983-08-09 05:02:21','2005-01-02 14:30:57'),(740,8,'VENIAM, QUIS NOS','cillum dolore eu fugia','incididunt ut labore et dolore magna aliqua. Ut enim ad ','magna ',14790,31383,0,'2003-10-25 04:50:59','1983-03-22 00:55:36'),(741,16,'LABORIS NISI UT ALIQUIP E','ea commodo consequat. Duis a','reprehenderit in voluptate velit esse cillum dolore eu fugiat nulla p','veniam, quis nos',24875,26581,0,'1993-12-14 06:21:50','2002-02-09 20:30:10'),(742,5,'SIT AMET, CO','cupidatat non proiden','sunt in culpa qui officia deserunt mollit anim id est laborum.Lo','culpa qui officia deserun',32544,22443,0,'2007-08-13 07:20:11','1981-01-21 15:50:12'),(744,14,'NON PROIDENT, SUNT','ex ea commodo consequat. D','laboris nisi ut aliquip ex ea commodo consequat. Duis aute irure dolor in reprehend','voluptate v',14710,9555,0,'2012-04-22 10:30:22','2018-08-17 16:05:22'),(745,5,'QUI OFFICIA DESERU','nostrud exercitation u','sunt in culpa qui officia deserunt mollit anim id est laborum.Lorem ipsum dolor sit amet, conse','cillum do',26967,11080,0,'1998-04-07 17:28:08','1997-10-31 15:46:58'),(746,13,'QUIS NO','incididunt ut labore et ','ullamco laboris nisi ut aliquip ex ea commodo consequat. Duis aute irure dolor in reprehender','et dolore magn',23027,1749,0,'2008-12-20 17:41:02','2006-03-16 05:31:53'),(748,3,'UT ENIM AD MINIM V','in voluptate velit esse ci','nisi ut aliquip ex ea commodo consequat. Duis aute irure dolor in reprehen','in culpa',10561,3141,0,'2010-09-06 02:59:14','2015-06-04 22:12:28'),(749,5,'NON PROID','elit, sed do eiusmod tem','ullamco laboris nisi ut aliquip ex ea commodo consequat. Duis aute irure dolor in reprehenderit in','aute irure dolor in reprehe',84,20047,0,'1991-04-21 09:20:10','1985-01-23 15:32:12'),(750,11,'REPREHENDERIT','cillum dolore eu fugi','Duis aute irure dolor in reprehenderit in voluptate velit esse cillu','ea commodo consequat. d',8843,22920,0,'1984-06-13 06:13:12','2005-01-22 05:16:34'),(751,20,'SINT OCCAECAT CUPIDATAT NON ','aute irure dolor in repre','ad minim veniam, quis nostrud exercitation ullamco laboris nisi ut aliquip ex ea commodo conse','enim a',29581,3328,0,'1993-04-02 23:13:16','1989-04-07 02:54:52'),(753,9,'ADIPISC','deserunt mollit anim id est','quis nostrud exercitation ullamco laboris ','commodo consequat. duis aute ',28422,12978,0,'1984-12-24 09:15:22','1994-12-08 12:11:55'),(754,29,'TEMPOR INC','in voluptate velit e','magna aliqua. Ut enim ad minim veniam, quis nostrud ex','proident, s',24364,8522,0,'1988-09-28 11:21:55','2005-10-04 00:43:34'),(755,20,'ALIQUIP EX EA COMMO','ut labore et dolore magna aliq','Duis aute irure dolor in reprehenderit in voluptate velit esse cillum dolore eu','adipiscing elit, sed do ',25262,4453,0,'1982-06-11 03:15:52','2004-11-16 17:50:17'),(756,6,'IRURE DOLOR I','ut labore et dolore ','deserunt mollit anim id est laborum.Lorem ipsum dolor sit amet, con','dolore eu f',27882,21578,0,'2010-02-01 15:29:58','2016-05-28 15:59:35'),(757,11,'BORUM.LOREM IPSUM DOL','consectetur adipiscing elit, ','sed do eiusmod tempor incididunt ut labore et dolore magna aliqua. Ut enim ad minim veniam, qu','sit amet, consecte',1096,18840,0,'2001-04-01 01:55:49','2019-04-17 15:24:22'),(760,12,'QUIS NOSTRUD EXERCITA','ipsum dolor sit amet, consect','incididunt ut labore et dolore magna aliqua. Ut enim ad minim v','amet, conse',10846,14079,0,'2018-05-10 21:51:47','2000-06-09 09:14:58'),(761,2,'IN VOLUPTATE VELIT ESSE','ut labore et dolore magna ali','deserunt mollit anim id est laborum.Lorem ipsum dolor','quis nostrud exercitat',21103,9398,0,'1991-07-17 09:54:39','2008-07-02 20:47:52'),(762,26,'EXCEPTEUR SINT OCCAECAT CUPIDA','Ut enim ad minim veniam, ','est laborum.Lorem ipsum dolor sit amet, consectetur adipiscing elit, sed do eiusmod tempor incididu','adipiscing elit, sed do e',11281,329,0,'2012-01-17 00:54:19','1996-01-08 06:24:57'),(763,12,'MINIM VENIAM, ','nulla pariatur. Except','eiusmod tempor incididunt ut labore et dolore magna aliqu','ipsum dolor sit amet, consec',12864,3658,0,'1987-01-04 01:49:42','2003-09-21 15:21:14'),(764,27,'SINT OCCAECAT CUPIDA','laboris nisi ut aliquip ex e','amet, consectetur adipiscing elit, sed do','sunt i',1186,19716,0,'1981-01-28 06:02:36','2002-08-06 05:40:03'),(765,17,'IN VOLUPTAT','mollit anim id est labo','quis nostrud exercitation ullamco laboris nisi ut aliquip ex ea commodo conseq','et dolore magna al',21065,26010,0,'2009-01-23 15:43:29','2018-06-24 08:36:11'),(766,29,'DOLOR IN REPREHE','consequat. Duis aute irur','in voluptate velit esse cillum dolore eu ','labore et dolore magna ',19327,16057,0,'2009-10-09 11:28:40','1983-06-08 18:01:43'),(767,20,'COMMODO CONS','ipsum dolor sit amet, ','deserunt mollit anim id est la','laboru',16454,9390,0,'2000-02-04 01:44:17','2017-11-20 00:05:47'),(770,7,'IN VOLUPTATE VELIT ESSE CILLUM','exercitation ullamco labor','nisi ut aliquip ex ea commodo c','excepteur sint occaecat cupid',22138,5576,0,'2016-11-05 22:11:38','2009-08-16 01:00:51'),(771,12,'UT ENIM AD M','dolor in reprehenderit in v','est laborum.Lorem ipsum dolor sit amet, consectetur adipiscing elit, sed','exercitation ullamco la',6298,22294,0,'1982-01-11 07:23:23','1994-09-16 20:44:55'),(772,22,'IPSUM DOLOR SIT AME','tempor incididunt ut labor','cillum dolore eu fugiat nulla pariatur. Excepteur sint occaecat cupidatat non proident, sunt in c','deserunt mollit anim ',13447,5211,0,'2004-12-18 02:21:08','2002-01-05 01:45:09'),(773,8,'BORUM.LOREM IPSUM DOLOR SI','nulla pariatur. Except','in voluptate velit esse cillum dolore eu fugiat nulla pariatur. Excep','esse cillum dolore eu fug',29566,30257,0,'2014-08-07 07:15:39','2019-12-26 17:12:07'),(775,1,'COMMODO CONSEQUAT. D','exercitation ullamco l','aute irure dolor in reprehenderit in voluptate velit esse c','elit, sed do eiusmod t',18232,22792,0,'1990-01-16 02:14:29','2007-05-20 13:42:08'),(776,16,'IPSUM DOLOR SI','non proident, sunt in culpa q','incididunt ut labore et dolore magna aliqua. Ut enim ad minim veni','et dolore ma',17912,23442,0,'2007-09-04 23:33:26','2015-06-14 07:35:42'),(777,1,'EX EA COMMODO CONSEQUAT. D','in culpa qui officia deserunt','aliquip ex ea commodo consequat. Duis','labor',4886,13885,0,'2010-08-27 05:57:38','1994-03-02 19:31:14'),(779,8,'QUIS NOSTRUD EXERCITATION ULL','sit amet, consectetur ','enim ad minim veniam, quis nostrud exercitation ullamco laboris nisi ut aliquip e','nulla pariatur. excepteu',32010,26693,0,'1991-12-05 22:47:29','2004-05-12 21:11:37'),(780,3,'EX EA COMMO','Ut enim ad minim veniam, qui','in reprehenderit in voluptate velit esse cillum dolore eu fugiat','qui officia deserunt moll',32279,16168,0,'1986-03-08 22:47:38','1981-07-02 20:11:02'),(781,12,'DOLORE ','in reprehenderit in volupta','do eiusmod tempor incididunt ut labore et dol','dolore magna ali',30962,19522,0,'2019-01-18 13:39:12','2012-08-01 02:14:01'),(785,12,'ULLAMCO LABORIS N','cupidatat non proident, sunt i','dolor in reprehenderit in voluptate velit esse cillum dolore eu fu','nulla ',3334,18656,0,'1990-04-08 21:55:40','1985-01-29 09:35:54'),(787,1,'PARIATU','ipsum dolor sit amet, co','Excepteur sint occaecat cupidatat non proident, sunt in culpa qui o','irure dolor in repre',18586,14739,0,'1982-05-11 02:21:07','2006-06-28 11:48:07'),(788,22,'UT ENIM','qui officia deserunt mollit an','eu fugiat nulla pariatur. Excepteur sint occaecat cupidatat non pro','laboris nisi ut aliqu',16160,29448,0,'2014-12-08 22:57:09','2000-02-08 13:12:21'),(790,19,'CONSEQUAT. DUIS AUTE IRURE DO','ipsum dolor sit amet, con','mollit anim id est laborum.Lorem ipsum dolor sit amet, cons','fugiat nulla pariatur. ',26249,1418,0,'2017-03-14 02:13:56','1987-03-11 00:25:15'),(791,6,'FUGIAT NULLA PARIAT','aute irure dolor in reprehe','deserunt mollit anim id est laborum.Lorem ipsum dolor sit amet, consectetur adipisc','consequat. duis aute irur',9002,7660,0,'1990-09-23 14:56:42','1997-08-25 15:35:04'),(792,7,'DO EIUSMOD TEMPOR I','quis nostrud exercitation ul','mollit anim id est laborum.Lorem ipsum','orum.lorem ipsum dolor sit',22941,27656,0,'1992-11-26 20:04:12','1987-12-24 08:53:44'),(793,24,'AUTE IRURE DOLOR IN REPREHENDE','nulla pariatur. Excepteur ','veniam, quis nostrud exercitation ullamco lab','eu fugiat nulla pariatu',14220,5651,0,'2004-06-19 01:09:28','1998-04-08 09:52:56'),(794,13,'AD MINIM VENIAM, QUIS NOS','cupidatat non proident,','ullamco laboris nisi ut aliquip ex ea commodo con','laborum.lorem ipsum do',23098,29190,0,'2017-12-15 05:32:14','2018-07-06 21:05:04'),(796,22,'LABORIS NISI UT AL','cupidatat non proident, su','incididunt ut labore et dolore magna aliqua. Ut enim ad minim ve','fugiat',3841,13591,0,'1997-12-24 12:02:56','2018-02-25 19:21:47'),(798,29,'ET DOLORE MAGNA ','amet, consectetur adi','incididunt ut labore et dolore magna aliq','est laborum.lorem ipsum dol',14291,9784,0,'1983-12-10 13:48:30','2003-01-07 02:50:25'),(799,28,'OFFICIA DESERUNT','in reprehenderit in voluptate ','consequat. Duis aute irure dolor in reprehenderit','duis aute irure dolor in repre',27543,23003,0,'2002-06-09 04:08:52','2003-11-08 23:28:59'),(800,19,'DESERUNT M','consectetur adipiscing elit,','dolor in reprehenderit in voluptate velit esse cillum dolore eu fugiat null','irure dolor in reprehende',11276,16604,0,'2003-09-07 10:10:40','2008-05-15 14:22:36'),(801,21,'MAGNA AL','non proident, sunt in culpa qu','aliqua. Ut enim ad minim veniam, quis nostrud exercitation u','sit a',26525,15047,0,'2001-11-25 14:41:12','2009-03-03 14:28:54'),(802,14,'ID EST LABORUM.','dolore magna aliqua. Ut e','esse cillum dolore eu fugiat nulla pariatur. Excepteur ','sit amet, consectetur adip',24554,20442,0,'1994-01-01 13:04:16','2001-10-22 16:05:54'),(803,15,'ADIPISCING ELIT, SED DO E','dolor sit amet, consect','id est laborum.Lorem ipsum dolor sit a','exercitation ullamco l',26569,2284,0,'2018-07-27 07:07:43','2017-07-10 20:30:37'),(804,29,'ADIPISCING','in culpa qui officia deseru','in voluptate velit esse cillum dolore eu fugiat null','mollit anim id est laboru',4799,31758,0,'1989-10-28 08:33:59','2014-10-01 22:21:27'),(805,24,'DOLORE MAGNA ALIQ','tempor incididunt ut labor','deserunt mollit anim id est laborum.L','velit esse cillum dolo',17539,4935,0,'1980-10-16 06:07:05','2013-02-14 18:40:38'),(806,23,'TEMPOR INCIDIDUN','laborum.Lorem ipsum dolor s','nisi ut aliquip ex ea commodo consequat. Duis aute irure dolor in reprehenderit in volu','ex ea commodo consequat. ',10017,10350,0,'2000-01-18 11:14:04','1991-01-19 06:20:46'),(807,19,'INCIDIDUNT U','in culpa qui officia deserun','ad minim veniam, quis nostrud exercitatio','cillum dolore eu fugiat ',27598,24522,0,'1999-03-28 06:53:27','2010-12-01 03:49:54'),(808,4,'PARIATUR. ','dolor sit amet, consectetur a','dolore eu fugiat nulla pariatur. Excepteur','in re',11552,26711,0,'2003-12-16 18:11:30','1995-09-27 00:28:41'),(810,12,'CONSECTETUR ','occaecat cupidatat non ','minim veniam, quis nostrud exercitation ullamco','nulla paria',4397,28046,0,'2011-05-31 13:24:49','2005-06-07 09:21:47'),(812,8,'OFFICIA DESERUNT MOLLI','deserunt mollit anim','non proident, sunt in culpa qui officia deserunt mollit ani','sint occaecat cupidatat n',8306,13403,0,'2004-04-10 22:38:20','1999-04-23 14:51:08'),(813,11,'ANIM ID EST LABORUM.LOREM IP','dolore eu fugiat nulla','sint occaecat cupidatat non proident, sunt in culpa qui officia deserunt mollit anim id est l','adipiscing elit, sed do eiu',16003,26262,0,'2016-03-16 14:15:27','2003-05-01 01:12:00'),(814,1,'IN REPREHENDERIT IN V','consectetur adipiscing elit, s','anim id est laborum.Lorem ipsum dolor sit amet, consectetur adipiscing elit, sed do eiusmod t','nostrud exercitation ',26005,28696,0,'1999-08-17 12:03:13','1992-08-10 23:04:29'),(815,9,'SINT OCCAECAT CUPIDA','aliqua. Ut enim ad m','elit, sed do eiusmod tempor incididunt ut labore et dolore magna aliqua. Ut enim ad minim venia','consec',29979,30207,0,'1986-11-11 06:12:09','2005-01-13 23:19:18'),(816,30,'DOLOR SIT AMET, CONSECTETUR A','ex ea commodo consequ','nisi ut aliquip ex ea commodo consequa','ea commodo conse',31383,19956,0,'1995-05-03 07:15:28','1982-05-10 21:55:29'),(817,26,'DOLOR IN REPREHEND','dolor sit amet, cons','ullamco laboris nisi ut aliquip ex','nostrud exercitation ullamco l',14785,17181,0,'1984-11-19 08:06:09','2001-03-04 23:46:30'),(818,28,'QUIS NOSTRUD E','aliqua. Ut enim ad mi','nulla pariatur. Excepteur sint occaecat cupidatat non proident, sunt in ','aliqua. ut enim ad m',4833,15661,0,'1998-08-05 01:21:59','1999-05-23 11:38:03'),(819,19,'EA COMMODO CONSEQUAT. DUIS AUT','consectetur adipiscing','Ut enim ad minim veniam, quis nostrud exercitation ullamco laboris nisi ut aliquip ex ea commodo con','ipsum dolor sit amet, c',14957,808,0,'2005-02-05 03:58:07','1994-02-14 16:13:17'),(820,23,'AUTE IRU','ea commodo consequat. Duis a','velit esse cillum dolore eu fugiat nulla pari','enim ad minim',10870,1169,0,'1984-12-09 12:52:53','1995-12-20 00:32:55'),(821,22,'VENIAM, QUI','ullamco laboris nisi ut aliq','ut aliquip ex ea commodo consequat. Duis au','ut enim ad minim veni',25951,13267,0,'2006-06-24 13:47:46','2000-02-01 00:12:28'),(822,12,'NOSTRUD EXERCITATION ','est laborum.Lorem ipsu','laboris nisi ut aliquip ex ea comm','nulla pariatur. excepteur si',15914,26280,0,'1999-07-29 01:44:57','2014-09-11 14:41:17'),(823,26,'EXERCITATION ULLAMCO','enim ad minim veniam, quis','rum.Lorem ipsum dolor sit amet, consectetur adipiscing elit, se','ea commodo consequat. du',24450,24403,0,'2018-09-08 18:54:21','1987-12-16 13:01:51'),(824,13,'DUIS AUTE','et dolore magna aliqua. Ut e','sed do eiusmod tempor incididunt ut labore et dolore magna aliqua. Ut','in cu',28526,24063,0,'2008-05-02 18:20:45','1986-01-20 23:52:17'),(825,5,'DOLOR IN REPREHEND','Excepteur sint occaecat ','consequat. Duis aute irure dolor in reprehender','sunt in culpa qui officia',16493,32293,0,'1982-01-13 07:30:05','2017-09-01 16:16:05'),(826,15,'MAGNA AL','amet, consectetur adipiscin','non proident, sunt in culpa qui officia deserunt mollit an','irure dolor in reprehen',18984,10047,0,'1995-06-17 12:50:02','2000-05-28 07:01:38'),(827,15,'CONSECTETUR ADIPISCING ELIT,','incididunt ut labore et dol','incididunt ut labore et dolore magna aliqua. Ut enim ad minim veniam, ','ut enim ad minim veniam, qu',28322,2538,0,'1989-12-11 04:51:17','1992-03-10 19:56:53'),(828,1,'DUIS AUTE IRURE DOLO','ullamco laboris nisi ut aliq','dolore magna aliqua. Ut enim ad minim veniam, quis nostrud exerci','exercitation ullamco laboris',2811,16590,0,'2018-12-04 14:11:53','2009-06-18 10:58:33'),(829,15,'DOLORE EU FUGIAT NULLA PARIA','ullamco laboris nisi ut aliqu','ex ea commodo consequat. Duis aute i','borum.lorem ipsum dolor si',10468,22035,0,'1989-04-13 21:07:16','2008-07-19 23:33:59'),(830,22,'CONSEQUAT. DUIS AUTE IRUR','cupidatat non proident, sunt ','eiusmod tempor incididunt ut labore et dolore magna aliqua. Ut enim','aliqua. ut enim ad minim',4584,2359,0,'1995-06-12 04:13:37','1986-01-22 11:00:47'),(831,6,'EXCEPTEUR ','Duis aute irure dolor in ','laboris nisi ut aliquip ex ea commodo consequat. Duis aute irure dolor in reprehenderit','anim id est laborum.',32304,28601,0,'1990-05-22 14:06:36','1992-04-27 08:26:14'),(832,2,'QUIS NOSTRUD EXE','fugiat nulla pariatur. Exce','incididunt ut labore et dolore magna aliqua. Ut enim ad minim veniam, quis nostrud exer','ut labore e',25278,3042,0,'2009-03-07 00:39:47','2016-11-02 09:36:09'),(833,16,'SIT AMET, CONSECTETUR A','ex ea commodo consequat. Du','ullamco laboris nisi ut aliquip ex ea c','nisi ut a',30114,4855,0,'2009-09-15 07:13:06','1997-04-20 23:32:55'),(834,10,'SINT OCCAECA','laborum.Lorem ipsum d','id est laborum.Lorem ipsum dolor sit amet,','qui officia deserunt m',2169,21789,0,'2006-07-26 16:09:07','1999-05-06 23:41:10'),(837,20,'EXCEPTEUR SINT OCCAECAT CUPID','in voluptate velit esse','exercitation ullamco laboris nisi ut aliquip ex ea commodo consequat.','veniam, quis nostrud ex',16583,32321,0,'1981-04-17 00:53:03','2019-02-01 09:22:20'),(838,9,'EXCEPTEUR SINT OCCAEC','Duis aute irure dolor in r','eu fugiat nulla pariatur. Excepteur sint occ','incididunt ut labore et dolo',26632,24750,0,'1980-08-30 07:42:48','1987-02-18 11:11:39'),(839,11,'QUI OFFICIA DESERUNT MOLLIT A','ex ea commodo consequat. ','Duis aute irure dolor in reprehenderit in voluptate ','ut enim ad minim veniam, quis',13876,748,0,'1980-11-06 02:41:11','1986-08-24 08:21:42'),(840,20,'MOLLIT ANIM ID EST L','nulla pariatur. Excepteur sin','et dolore magna aliqua. Ut enim ad minim v','eu fugiat n',1975,6419,0,'1998-08-28 14:21:04','2012-05-07 05:22:54'),(841,14,'UT ENIM ','mollit anim id est labo','ullamco laboris nisi ut aliquip ex ','cupida',24941,7025,0,'1983-03-02 07:20:16','1982-10-07 06:23:20'),(842,12,'NOSTRUD EXERC','ullamco laboris nisi ut','aute irure dolor in reprehenderit in voluptate velit esse cillum dolore eu fugiat nulla pariatu','cillum dolore eu fugi',6133,23702,0,'2019-02-28 16:43:12','2014-01-09 12:18:05'),(843,10,'PARIATUR. EXCEPTE','cillum dolore eu fugiat nul','Excepteur sint occaecat cupidatat non proident, sunt in culpa qu','nisi ut aliquip ex ea com',27113,11445,0,'1992-10-20 11:33:16','1990-12-28 02:38:48'),(845,12,'SINT OCCAECAT CUPIDAT','et dolore magna aliqua. Ut ','ut labore et dolore magna aliqua. Ut enim ad minim veniam, quis','nulla pariatur. excepteur s',10175,6651,0,'2014-09-04 05:34:48','1987-11-30 18:23:28'),(846,3,'EIUSMOD TEMP','aute irure dolor in reprehend','est laborum.Lorem ipsum dolor sit amet, consectetur adipiscing elit,','ut eni',29328,31360,0,'2003-01-10 04:08:30','2005-02-09 12:59:00'),(847,23,'VENIAM, QUIS NOSTRUD','deserunt mollit anim id est','ullamco laboris nisi ut aliquip ex ea commodo c','cupidatat',19440,4016,0,'2003-07-26 18:59:24','1993-02-12 05:04:46'),(848,9,'LABORIS','ullamco laboris nisi ut ali','esse cillum dolore eu fugiat nulla pariatur','ipsum dolor sit amet, con',22306,6961,0,'1982-08-25 00:10:45','2019-09-29 05:59:24'),(849,30,'SUNT IN CUL','elit, sed do eiusmod t','sed do eiusmod tempor incididunt ut labore et dolo','nostrud exerci',26255,1980,0,'1983-03-22 03:08:13','1991-04-07 13:25:00'),(850,19,'EU FUGIAT NUL','Ut enim ad minim veniam, quis ','sint occaecat cupidatat non proident, sunt in culpa qui officia deserunt mollit anim id est laborum.','officia deserunt mollit an',6245,13142,0,'2014-03-25 16:53:52','1988-09-21 12:50:53'),(851,9,'UT LABORE ET DOLORE ','in voluptate velit esse','Ut enim ad minim veniam, quis nost','occaecat cupidatat non proi',9888,31986,0,'1984-12-19 01:36:36','2009-08-21 21:39:00'),(853,3,'SUNT IN CULPA QUI O','do eiusmod tempor incididu','voluptate velit esse cillum dolore','aute irure d',12741,21482,0,'1985-02-03 16:26:51','2012-07-30 14:34:58'),(854,9,'DOLORE EU FUGIAT NULLA PARIATU','velit esse cillum dolore eu','consectetur adipiscing elit, sed do eiusmod tempor incididunt ut labore et dolore magna aliqua. ','ad minim veniam, quis nos',2010,6245,0,'1993-02-11 20:19:39','1989-07-26 02:47:31'),(855,29,'IN VOLUPTATE VELIT ES','Ut enim ad minim venia','in voluptate velit esse cillum dolore eu fugiat nulla pariatur. Excepte','nostrud exerc',7129,12849,0,'1992-03-15 22:41:29','2004-11-18 19:45:52'),(856,17,'AUTE IRURE DOLOR IN REPREHEN','officia deserunt mol','consectetur adipiscing elit, sed do eiusmod tempor incididunt ut labo','fugiat nulla pariat',2820,24521,0,'2006-02-07 09:23:12','1984-05-18 18:03:01'),(857,20,'TEMPOR INCIDIDUNT UT LA','id est laborum.Lorem ipsum d','velit esse cillum dolore eu fugiat nulla pariatur. Excepteur sint occaecat cupidatat non proiden','id est laborum.lorem ip',30972,16465,0,'1999-12-27 20:36:24','1999-09-12 15:38:30'),(858,1,'OFFICIA','incididunt ut labore et dolo','esse cillum dolore eu fugiat nulla pariatur. Exce','eu fugiat nulla pariatur. e',15725,28822,0,'2010-07-04 08:46:41','2011-05-25 13:22:17'),(859,30,'CONSEQUAT. DUIS AUTE IRU','aborum.Lorem ipsum dolor','adipiscing elit, sed do eiusmod tempor incididu','amet, cons',16754,19830,0,'2015-04-09 10:15:18','2016-04-26 07:05:59'),(863,16,'ET DOLORE MAGNA ALIQUA','ex ea commodo consequa','et dolore magna aliqua. Ut enim ad minim veniam, quis nostrud exercitation ullamco laboris nisi ut','dolore eu fugiat nul',4844,10233,0,'1994-04-05 05:43:02','2002-11-01 08:25:27'),(864,18,'MOLLIT ANIM ID EST LAB','anim id est laborum.Lor','adipiscing elit, sed do eiusmo','qui officia deserunt mollit an',21697,27718,0,'1986-09-11 03:27:03','2005-10-04 05:10:25'),(865,21,'PARIATUR. ','ad minim veniam, quis ','sit amet, consectetur adipiscing elit, sed do eiusmod tempor incididunt ut labore et do','duis aute irure dolor in re',3644,31036,0,'2010-10-21 03:44:04','1997-06-05 17:00:25'),(866,19,'ULLAMCO LABOR','quis nostrud exercitation ull','non proident, sunt in culpa qui officia deserunt mollit anim id','in culpa qui officia ',7796,932,0,'2009-12-05 13:28:44','2015-12-16 06:59:03'),(867,16,'ALIQUIP EX E','ipsum dolor sit amet, consecte','exercitation ullamco laboris nis','laboris ',32184,18259,0,'1981-11-10 03:49:23','1988-04-13 20:20:24'),(868,20,'ADIPISCING E','laboris nisi ut aliquip ex ','in voluptate velit esse cillum dolore eu fugiat nulla pariatur. Excepteur ','pariatu',24048,19980,0,'2003-04-13 04:42:10','1995-05-18 08:57:46'),(870,22,'QUI OFFICIA DESERUN','cillum dolore eu fugiat nul','non proident, sunt in culpa qui officia','aute irure dolor i',4491,24667,0,'1996-09-02 01:09:43','1988-04-25 09:02:09'),(872,14,'ADIPISCING ELIT,','dolor sit amet, consectetu','elit, sed do eiusmod tempor incididunt ut la','in vo',5728,30857,0,'2000-03-16 05:17:09','2001-04-06 11:37:23'),(873,30,'IPSUM DOLOR SIT AM','aute irure dolor in reprehen','do eiusmod tempor incididunt ut labore et dolore magna aliqua. Ut enim ad mini','veniam, q',1061,31003,0,'2006-01-13 00:54:10','1992-06-07 09:53:50'),(874,3,'ELIT, SED DO EIUSM','officia deserunt mollit anim ','Duis aute irure dolor in reprehenderit in volup','qui officia deserun',26802,9629,0,'2001-12-12 08:49:04','1996-07-13 23:45:27'),(875,21,'ULLAMCO LABORIS NISI UT','aliqua. Ut enim ad minim venia','nisi ut aliquip ex ea commodo consequat. Duis aute irure ','commodo conseq',24369,15270,0,'1990-03-31 19:03:57','2002-08-28 09:03:20'),(876,26,'LABORIS NISI UT ALIQUIP EX EA','ullamco laboris nisi','nostrud exercitation ullamco laboris nisi ut ','sit amet, consectetur adipisc',6045,21287,0,'1984-12-05 18:54:43','1987-06-15 12:30:23'),(877,2,'DOLORE MAGNA ALIQUA. UT ENIM ','Excepteur sint occaec','sint occaecat cupidatat non proident, sunt in cu','commodo consequat',20800,76,0,'1993-06-28 18:04:29','1995-09-24 09:38:17'),(878,27,'SINT OCCAE','laborum.Lorem ipsum d','proident, sunt in culpa qui officia deserunt mollit anim id est laborum.Lorem ipsum dolor','commodo',32087,25978,0,'1999-10-14 07:40:33','2002-07-24 20:48:50'),(880,26,'EU FUGIAT NULLA PA','ex ea commodo consequat. Duis','Excepteur sint occaecat cupidata','occaecat cupidatat non p',1881,25261,0,'2013-01-01 14:43:15','2009-12-30 13:56:04'),(881,7,'EU FUGIAT NULLA','ut labore et dolore ma','Lorem ipsum dolor sit amet, consectetur adipiscing elit, sed do eiusmod tempor incididunt ut ','irure do',23177,13899,0,'1996-03-30 03:13:35','2014-06-11 20:02:41'),(882,2,'NON PROIDENT, SUNT IN CU','dolore eu fugiat nulla pari','mollit anim id est laborum.Lorem ipsum dolor sit amet, consectetur adipisci','enim ad minim veniam, quis no',25603,27918,0,'1982-07-30 11:28:38','1993-11-28 07:12:09'),(883,9,'DO EIUSMOD TEMPOR INCIDIDUNT U','non proident, sunt in ','irure dolor in reprehenderit in voluptate velit esse cillum dolore eu fugiat nulla pariatur. Exce','tempor incid',30095,23936,0,'2010-09-09 19:51:28','1994-02-13 12:16:31'),(884,11,'ULLAMCO LABORIS NISI UT ','in voluptate velit e','nisi ut aliquip ex ea commodo cons','dolore eu fugiat nulla par',32259,20366,0,'2000-10-10 13:53:14','1985-12-04 02:07:25'),(886,4,'VELIT ES','dolor in reprehenderit in v','tempor incididunt ut labore et dolore magna aliqua. Ut enim ad minim veniam, quis nostrud ex','sunt in culpa qui off',20578,11658,0,'1987-02-27 09:26:33','1981-12-26 15:16:52'),(887,16,'PARIATU','fugiat nulla pariatur. Ex','velit esse cillum dolore eu fugiat nulla pariatur. Excepteur sint occaecat cupidatat non p','m.lorem',31322,19188,0,'2016-12-24 12:17:57','1994-01-15 11:55:24'),(888,6,'EXCEPTEUR','aute irure dolor in repreh','adipiscing elit, sed do eiusmod tempor incididunt ut labore et dolore magna aliqua. Ut enim ad minim','in culpa qui officia deseru',19830,14966,0,'1988-05-10 21:30:19','2009-09-29 11:23:07'),(889,8,'ANIM ID EST LABORUM.LO','qui officia deserunt mollit','nisi ut aliquip ex ea commodo consequat. Duis aute irure dolor in reprehenderit in voluptate ve','aliqui',15411,19679,0,'1993-05-09 16:53:20','1997-04-21 06:05:47'),(890,18,'DOLOR IN REPREHENDERIT IN','consequat. Duis aute irur','voluptate velit esse cillum dolore eu fugiat nulla pariatur. Excepte','est laborum.lorem ipsum',23257,2501,0,'1991-08-06 02:46:21','1999-01-28 01:53:27'),(891,11,'DOLOR IN REPREHE','sint occaecat cupidatat non pr','incididunt ut labore et dolore magna aliqua. Ut enim ad minim veniam, quis nostrud ','culpa qui o',19340,26147,0,'1985-09-18 21:47:27','1988-10-26 07:20:15'),(892,21,'DOLORE EU FUGIAT NULLA PA','in reprehenderit in vo','amet, consectetur adipiscing elit, sed do eiusmod tempor incididunt ut labore et dolore ma','occaecat cupidatat non pro',1255,11327,0,'2019-06-16 03:40:15','2014-10-13 13:12:08'),(893,8,'CONSECTETUR ADIPISC','mollit anim id est l','irure dolor in reprehenderit in voluptate ','amet, consectetur adipiscing ',17560,19910,0,'2005-06-21 04:26:37','1989-09-23 21:54:33'),(894,12,'DOLOR SIT AMET, CONSECTETUR AD','Ut enim ad minim veniam, q','officia deserunt mollit anim id est laborum.Lorem ipsum dolor sit amet, consectetur a','occaecat cupid',5579,31017,0,'2009-03-08 18:00:14','1987-03-21 07:55:36'),(895,18,'ESSE CILLUM ','in reprehenderit in voluptate','in voluptate velit esse cillum dolore eu fugiat nulla pariatur. Excepteur sint occaecat cupid','dolore eu fugiat nulla pari',16371,3847,0,'2005-06-28 09:48:56','1994-08-28 08:04:57'),(896,9,'PARIATUR. EXCEP','magna aliqua. Ut enim ad min','tempor incididunt ut labore et dolore magna aliqua. Ut enim ad minim veniam, quis nostr','consequa',12874,8933,0,'2008-11-06 16:43:46','1988-09-29 19:41:15'),(898,29,'VELIT ESSE CILLUM DOLORE ','cupidatat non proident, sunt ','mollit anim id est laborum.Lorem ipsum dolor sit amet','id est laborum.lorem ipsum',5614,20345,0,'2015-12-03 11:37:09','1981-11-15 17:25:51'),(899,23,'QUIS NOSTRUD EXERCITA','deserunt mollit anim i','ullamco laboris nisi ut aliquip ex','labore et dolore magna al',24061,28195,0,'2012-12-27 08:47:49','1992-01-30 17:00:34'),(900,8,'MOLLIT ANI','et dolore magna aliqua.','magna aliqua. Ut enim ad minim veniam, q','ut la',18599,26070,0,'1989-07-03 02:39:54','1996-11-05 03:46:19'),(901,6,'IN VOLUPTA','laboris nisi ut aliquip ex e','labore et dolore magna aliqua. Ut ','tempor incididunt ut la',95,31706,0,'1983-06-08 06:58:41','1996-06-24 23:57:12'),(902,13,'ULLAMCO ','in culpa qui officia deserunt ','cillum dolore eu fugiat nulla pariatur. Excepteur sint occaecat cupidatat non proident, sunt in c','sint occaecat cupid',18968,2956,0,'2005-02-16 02:31:43','1996-02-23 17:30:29'),(903,12,'IRURE DOLOR IN REPREHENDERIT I','ut labore et dolore mag','non proident, sunt in culpa qui offici','velit esse cillum dolore eu',1167,23671,0,'2004-02-14 23:52:46','1989-05-08 19:01:49'),(904,20,'IN CULPA QUI OFFICIA','in voluptate velit e','incididunt ut labore et dolore magna aliqua. Ut enim ad ','sunt in cu',15795,26748,0,'2002-04-26 22:02:43','1988-06-20 16:09:30'),(906,4,'SINT OCCAECAT C','ut labore et dolore magna a','deserunt mollit anim id est laborum.Lorem ipsum dolor sit amet, consectetur adipiscing elit, sed do','id est laborum.lorem ipsum d',15389,21950,0,'1997-08-09 07:20:58','2006-02-17 14:55:18'),(907,12,'MOLLIT ANIM ID','aborum.Lorem ipsum dolor sit','ipsum dolor sit amet, consectetur adipiscing elit, sed do eiusmod tempor incididunt ','lorem ipsum dolor sit amet',8043,26073,0,'1996-01-01 00:09:53','1989-04-27 18:01:51'),(908,9,'QUI OFFICIA DESERUNT MOLLIT ','ullamco laboris nisi ut a','sunt in culpa qui officia deseru','ullamco lab',24709,4764,0,'2011-11-12 19:02:14','2006-10-02 19:36:28'),(912,9,'UT ALIQUIP EX EA COMMODO CON','incididunt ut labore ','pariatur. Excepteur sint occaecat cupidatat non proident, ','um.lore',7671,19115,0,'2001-11-15 07:06:33','1998-04-23 18:14:10'),(913,4,'DO EIUSMOD TEM','quis nostrud exercitation ulla','esse cillum dolore eu fugiat nulla pariatur. Excepteur sint occaecat cupidatat non proident, sunt i','reprehenderit in voluptate vel',25516,21056,0,'2014-08-01 05:31:31','1988-10-26 14:39:56'),(914,26,'AD MINIM VENIAM, QU','incididunt ut labore','adipiscing elit, sed do eiusmod tempor incididunt ut labore','nisi ut aliquip ex ea commodo',1788,5053,0,'1992-05-11 12:15:24','2002-08-22 12:10:38'),(916,11,'NON PROIDENT, SUNT IN CU','quis nostrud exercitation','non proident, sunt in culpa qui officia deserunt mollit anim id est laborum.Lorem ipsum','deserunt mollit ani',24242,5873,0,'2013-06-22 14:51:54','1997-11-20 17:12:59'),(917,24,'OFFICIA DESERUNT ','esse cillum dolore eu f','velit esse cillum dolore eu fugiat nulla pariatur. Excepteur sint occaecat cupidat','quis nostrud exercitati',30393,23008,0,'1992-06-22 00:40:20','1980-09-16 17:44:48'),(918,30,'VOLUPTATE VELIT','id est laborum.Lorem ipsum','deserunt mollit anim id est laborum.Lorem ipsum dolor sit amet, consectetur adi','esse cillum dol',32353,29535,0,'2016-02-06 00:14:31','1997-07-02 20:48:33'),(919,10,'ANIM ID ','adipiscing elit, sed','Duis aute irure dolor in reprehenderit in voluptate velit esse cillum dolore eu fugi','nulla pariatur. exc',18651,20026,0,'2009-05-08 10:30:40','2013-08-23 18:03:06'),(921,2,'SINT OCCAECAT CUPIDAT','adipiscing elit, sed do eiusm','incididunt ut labore et dolore magna aliqua. Ut enim ad minim veniam,','sit amet, consectetur',27955,13222,0,'1987-01-13 07:58:37','2018-11-19 03:13:47'),(922,9,'IRURE DOLOR IN R','Excepteur sint occaecat cupida','in culpa qui officia deserunt mollit anim id est laborum.Lorem ipsum dolor sit','incididun',23698,32306,0,'2004-09-26 09:09:58','2011-05-14 02:48:32'),(923,8,'IN VOLUPTATE VELI','consequat. Duis aute irure do','tempor incididunt ut labore et dolore magna aliqua. Ut enim','anim i',30420,16103,0,'2015-03-14 20:56:59','2009-01-04 12:52:57'),(924,29,'SED DO EIUSMOD TEMPOR INCIDID','quis nostrud exercitati','ex ea commodo consequat. Duis aute irure dolor in reprehenderit in voluptate veli','sed do eiusmod tempor inc',5810,30376,0,'1981-10-04 22:25:51','1980-04-13 23:33:02'),(925,25,'LOREM IPSUM DOLOR SIT AMET, C','ipsum dolor sit amet, co','ex ea commodo consequat. Duis aute ','aliquip ex ea c',3303,1307,0,'1998-01-21 18:24:53','2019-10-27 13:31:39'),(926,29,'OFFICIA DESERUNT M','ullamco laboris nisi ut aliqu','adipiscing elit, sed do eiusmod tempor incididunt ut labore','qui officia deserunt',14093,10474,0,'1985-06-13 08:38:53','2009-10-02 07:46:36'),(927,17,'EXCEPTEUR S','anim id est laborum.Lorem','voluptate velit esse cillum dolore eu fugiat nu','incididunt u',1508,3237,0,'1988-12-09 14:11:13','2006-09-06 10:47:04'),(928,28,'REPREHENDERIT IN VOLUPTA','cillum dolore eu fugi','dolor sit amet, consectetur adipiscing el','irure dolor in reprehenderit',18850,21450,0,'2008-07-30 18:23:52','2005-11-20 06:08:08'),(929,1,'SUNT IN ','pariatur. Excepteur sint occae','fugiat nulla pariatur. Excepteur sint occaecat cupidatat non proident, sunt in cu','dolore eu fug',21566,3578,0,'2002-09-16 19:44:36','1999-07-22 01:01:07'),(930,14,'EX EA COMMOD','ut aliquip ex ea commodo ','in culpa qui officia deserunt mollit anim id est laborum.Lorem ipsum dolor sit amet, consectetur a','laborum.lorem ipsum dolor s',32470,20038,0,'1995-06-19 04:42:50','2011-10-06 12:20:56'),(932,7,'VELIT ESSE CILLUM ','mollit anim id est labo','cillum dolore eu fugiat nulla pariatur. Excepteur sint occaecat ','minim veniam, quis nostrud ',25230,20943,0,'1986-08-26 11:16:38','1988-06-28 19:09:20'),(934,5,'SIT AMET, CONSECTETUR A','anim id est laborum.Lorem','aute irure dolor in reprehenderit in voluptate velit esse cillum dolore eu','est labor',17156,17571,0,'1999-03-01 19:47:44','1999-09-05 12:51:50'),(936,5,'OFFICIA DESERUNT M','ut aliquip ex ea commodo','sunt in culpa qui officia deserunt mo','quis n',8801,23365,0,'1998-04-11 12:00:20','1980-06-05 16:21:53'),(938,12,'IN VOLUPTATE VELIT ES','mollit anim id est laborum.L','minim veniam, quis nostrud exe','dolor in reprehenderi',8531,14234,0,'1998-10-15 13:20:37','2018-12-23 17:05:57'),(939,3,'DOLOR IN REPRE','ullamco laboris nisi ','ullamco laboris nisi ut aliquip ex ea commodo consequat. Duis aute irure dolor in rep','ut labore et dolore magna ali',9226,6211,0,'1998-07-18 08:55:12','2006-03-29 02:14:18'),(940,12,'CILLUM DOLORE ','cupidatat non proident, sunt','nostrud exercitation ullamco laboris nisi ut aliquip ex ea commodo consequat. ','excep',16227,15193,0,'2011-06-18 03:48:34','1996-09-08 09:21:15'),(941,3,'EXERCITATION ULL','eiusmod tempor incididunt','eu fugiat nulla pariatur. Excepteur sint','culpa qui officia d',25493,18124,0,'1994-02-26 18:29:12','2002-10-05 21:46:41'),(944,5,'CONSEQUAT. DUIS AUTE IRUR','in culpa qui officia deserunt ','ad minim veniam, quis nostrud exercitation ullamco laboris nisi ut aliqu','ut aliq',8662,24935,0,'1983-01-04 06:26:09','1996-04-11 15:00:19'),(946,1,'EU FUGIAT N','dolore magna aliqua. Ut enim a','velit esse cillum dolore eu fugiat nulla pariatur. Excepteur s','irure dolor ',21883,29745,0,'2006-05-26 09:01:15','1999-09-25 13:15:29'),(947,1,'TEMPOR INCIDIDUNT UT ','ex ea commodo conseq','tempor incididunt ut labore et dolore magna aliqua. Ut enim ad minim veni','ea commodo co',12640,20342,0,'1990-12-17 14:02:18','1995-11-14 20:31:36'),(948,13,'DOLORE MAGNA ALIQUA. U','officia deserunt molli','Ut enim ad minim veniam, quis nostrud exercitation ullamco laboris nisi ut aliquip ex ea commod','proident, sunt in ',14770,14390,0,'2003-04-04 05:00:21','2001-11-20 12:11:58'),(949,28,'ENIM AD MINIM VENIAM, QUIS N','id est laborum.Lorem i','ullamco laboris nisi ut aliquip ex e','cillum dolore eu fugiat nul',24061,11428,0,'2016-11-13 23:28:28','1985-06-01 18:01:40'),(950,27,'EXERCITATI','qui officia deserunt mollit a','quis nostrud exercitation ullamco laboris nisi ut aliquip ','elit, sed do eiusmod',31849,8526,0,'1994-03-09 09:20:09','1984-08-07 09:09:26'),(951,8,'NISI UT ALIQUI','labore et dolore magna al','pariatur. Excepteur sint occaecat cupidatat non proident, sunt in culpa qui off','irure dolor in',2043,6512,0,'2012-04-01 20:17:32','1990-12-21 19:57:37'),(952,25,'SED DO EIUSMOD TEMPOR INCIDI','esse cillum dolore eu fug','ipsum dolor sit amet, consectetur adipiscing elit, sed do eiusmod tempor inci','qui offi',15771,1861,0,'1985-10-31 08:27:17','2006-01-06 15:09:21'),(953,5,'UT LABORE ET DOLORE M','veniam, quis nostrud e','aliqua. Ut enim ad minim veniam, quis nostru','duis aute irure dolor in r',20590,22180,0,'1988-08-18 23:14:49','2017-09-26 17:34:24'),(954,18,'EX EA COMMODO CONSE','irure dolor in repreh','et dolore magna aliqua. Ut enim ad minim ','id est',24119,11421,0,'1989-11-30 06:19:51','2013-01-31 08:03:33'),(957,3,'LABORIS NISI U','velit esse cillum dolore e','eiusmod tempor incididunt ut labore et dolore magn','labori',2448,32229,0,'1990-08-22 12:00:41','1983-06-08 23:45:31'),(958,1,'QUI OFFICIA DESERUNT MOLLIT A','cupidatat non proident, su','elit, sed do eiusmod tempor incididunt ut labore et dolore magna aliqua.','tempor incididunt ut labore e',31030,10497,0,'1982-10-05 13:42:16','1989-06-03 03:49:11'),(960,2,'REPREHEND','aliqua. Ut enim ad minim ven','laboris nisi ut aliquip ex ea commodo consequat. Duis aute irure dolor in reprehender','culpa qui officia deserunt ',31550,14289,0,'2003-02-21 12:16:00','2010-03-17 04:09:56'),(961,6,'AMET, CONSEC','quis nostrud exercit','sint occaecat cupidatat non proident, sunt in culpa qui ','aute iru',10739,6916,0,'2013-09-20 19:20:51','1992-11-09 00:18:58'),(963,10,'QUIS NOST','quis nostrud exercita','elit, sed do eiusmod tempor incididunt ut labore et dolore magna aliqua. Ut enim ad ','aute irure dolor ',21410,4530,0,'1994-02-04 09:05:43','1992-09-17 07:01:17'),(964,4,'INCIDIDUNT UT L','sunt in culpa qui officia d','elit, sed do eiusmod tempor incididunt ut labore et dolore magna aliqua.','nostrud exercitation ulla',8871,25379,0,'2004-09-13 13:35:16','2000-08-09 02:21:21'),(965,8,'ULLAMCO LABORIS NISI UT ','consectetur adipiscing elit','Lorem ipsum dolor sit amet, con','aliqua. ut enim ad minim ve',19160,6675,0,'2009-11-24 14:38:11','2008-03-18 07:20:19'),(966,12,'OCCAECAT CUP','mollit anim id est la','commodo consequat. Duis aute irure dolor in reprehenderit in volu','enim ad minim veniam, quis nos',29353,27634,0,'1980-09-25 03:29:52','1997-08-01 10:50:50'),(967,18,'VOLUPTATE VELIT ','labore et dolore magna aliqua','adipiscing elit, sed do eiusmod tempor incididunt u','veniam, quis nostr',13909,25718,0,'2011-10-07 20:33:55','1984-10-24 04:52:01'),(968,30,'DOLOR IN REPREHE','dolore magna aliqua. U','incididunt ut labore et dolore magna aliqua. Ut enim a','pariatur. excepteur si',25936,11636,0,'2003-03-18 10:19:26','1990-01-11 08:05:46'),(970,11,'PROIDENT, SUNT','ut labore et dolore ','aute irure dolor in reprehende','sed do',23549,9968,0,'2008-09-26 01:40:22','2017-04-04 04:00:40'),(971,24,'IN VOLUPTAT','est laborum.Lorem ipsum dol','dolor in reprehenderit in voluptate velit ','elit, se',19972,8523,0,'2010-12-29 07:17:12','2006-05-30 05:33:20'),(972,9,'EU FUGIAT NUL','tempor incididunt ut lab','tempor incididunt ut labore et dolore magna aliqua. Ut enim ad minim veniam, quis nostrud e','eu fugiat nulla paria',28150,1211,0,'2008-05-06 21:46:47','2015-04-23 02:39:10'),(973,28,'PROIDENT, SUNT IN CU','in reprehenderit in voluptate ','ad minim veniam, quis nostrud exercitation ullamco laboris nisi ut aliquip ex ea commodo consequ','do eiusmod tempor in',6430,14394,0,'1988-07-27 19:30:28','2001-04-09 20:00:39'),(974,14,'IN REPREHENDERI','consectetur adipiscing el','ullamco laboris nisi ut aliquip ex ea commodo consequat. Duis aute irure do','nostrud e',30028,16892,0,'1998-10-30 14:26:01','1980-04-05 23:40:58'),(975,21,'SUNT IN CULPA QUI OFFICIA','culpa qui officia deserun','nisi ut aliquip ex ea commodo consequat. Duis aute irure d','nulla pari',23415,20763,0,'2016-12-17 21:28:25','2018-03-27 16:17:54'),(976,21,'PARIATUR. EXCE','laboris nisi ut aliq','Ut enim ad minim veniam, quis nostrud exe','cupidatat non proident, sun',4624,7877,0,'2007-01-22 09:21:15','1998-05-13 16:57:41'),(977,5,'IRURE DOLOR IN ','enim ad minim veniam,','laborum.Lorem ipsum dolor sit amet, consectetur adipiscing elit, sed do eiusmod tempor incididunt','adipiscing elit, sed do eiusmo',5787,13137,0,'2017-09-18 20:10:55','1994-11-09 14:56:20'),(978,26,'TEMPOR INCIDI','sint occaecat cupidatat non p','in voluptate velit esse cillum dol','nostrud exercitation ul',3266,31304,0,'1981-03-10 20:15:23','2014-11-02 04:55:31'),(979,2,'IN REPREHENDERIT','nulla pariatur. Except','culpa qui officia deserunt mollit anim','quis nostru',11420,3648,0,'1988-04-20 18:28:34','2008-05-14 22:23:34'),(980,14,'CONSEQUAT','esse cillum dolore eu f','ut aliquip ex ea commodo consequat. Duis aute irure dolor in r','in reprehenderit in volu',24454,25030,0,'2010-10-22 09:06:11','2013-12-02 18:21:57'),(981,1,'VOLUPTATE VELIT ESSE CILLUM D','amet, consectetur adipisc','cupidatat non proident, sunt in culpa qui officia deser','consequat. ',27321,21234,0,'2008-04-05 00:57:34','2016-01-17 20:12:28'),(983,27,'SED DO EIUSMOD TEMPOR INCID','velit esse cillum dolo','Ut enim ad minim veniam, quis nostrud exercitation ullamco laboris nisi ut aliquip ex ea com','sint occaecat c',4676,11122,0,'1999-01-23 05:47:24','1998-01-19 17:13:30'),(984,1,'UT LABORE E','aliquip ex ea commodo co','anim id est laborum.Lorem ipsum dolor sit amet, consectetur adipiscing elit, sed do eiusmod tempor i','dolore e',17443,12529,0,'1988-12-23 12:16:23','2000-06-10 08:26:28'),(985,8,'SIT AMET, CONSECTETUR AD','um.Lorem ipsum dolor sit ame','Duis aute irure dolor in reprehenderit in vo','labore et dolore mag',1214,15521,0,'1999-11-01 19:15:06','2010-09-26 06:57:16'),(986,7,'EXCEPTEUR SINT OC','eu fugiat nulla paria','Excepteur sint occaecat cupidatat no','reprehenderit in volupt',19202,27314,0,'2013-07-22 18:02:36','2002-01-04 11:52:28'),(987,14,'DOLORE EU FUGIAT NULLA PAR','ut labore et dolore m','Ut enim ad minim veniam, quis nostrud exercitation ullamco l','voluptate velit esse cillum ',20801,15587,0,'1988-08-20 04:00:41','2003-07-18 14:48:47'),(988,4,'CONSECTETUR','non proident, sunt in ','anim id est laborum.Lorem ipsum dolor sit','cupidatat non proident, su',18127,26911,0,'2018-04-29 01:27:13','2005-04-02 12:05:27'),(990,22,'SINT OCCAECAT CUPIDATAT NON PR','cillum dolore eu fugiat nulla ','aute irure dolor in reprehenderit in voluptat','m.lorem ipsum dolor s',15819,19511,0,'1987-02-16 05:59:55','1981-03-30 16:41:33'),(991,10,'IN VOLUPTATE VELIT ESSE','consequat. Duis aute irure ','exercitation ullamco laboris nisi ut a','irure dolor in reprehend',28143,30480,0,'2006-10-01 13:43:18','1999-02-15 13:48:59'),(992,1,'NISI UT ALIQUIP EX ','esse cillum dolore eu','et dolore magna aliqua. Ut enim ad minim veniam, quis nostrud exercitati','aute irure dolor in reprehen',19940,28230,0,'1995-07-25 06:43:01','2010-10-09 00:58:03'),(993,21,'LABORIS NISI UT AL','sit amet, consectetur adipisc','in voluptate velit esse cillum dolore eu fugiat nulla pariatur. Excepteur sint occae','non p',15635,18568,0,'2001-11-13 10:45:28','1998-08-16 15:52:50'),(994,19,'SINT OCCAECAT CUP','eu fugiat nulla pariatur. ','esse cillum dolore eu fugiat nulla pariatur. Excepteur sint occaecat cupidatat no','tempor',5353,2343,0,'1981-04-19 13:08:35','1996-02-15 06:07:32'),(995,18,'VELIT ESSE CILLUM DOL','ut labore et dolore magna aliq','voluptate velit esse cillum dolore eu fugiat nulla pariatur. Excepteur ','adipis',7021,18067,0,'1985-07-14 07:26:44','2003-05-20 04:13:51'),(996,24,'EA COMMO','dolore magna aliqua. Ut enim ','Excepteur sint occaecat cupidatat non proident, sunt in culpa qui officia deserunt ','consectetur adipiscin',13568,13026,0,'1993-06-22 13:46:12','1991-07-02 16:58:37'),(997,27,'TEMPOR ','adipiscing elit, sed do eiusm','nisi ut aliquip ex ea commodo consequat. Duis aute irure dolor in reprehenderit in volupt','est laborum.lorem ipsum d',12505,16467,0,'1991-07-04 01:29:02','1982-12-08 09:47:24'),(1000,29,'ELIT, S','elit, sed do eiusmod tempor ','incididunt ut labore et dolore magna aliqua. Ut enim ad minim veniam, quis nostrud exercit','non proi',32702,8050,0,'1981-11-13 22:18:16','2002-09-19 16:22:50'),(1001,10,'EX EA COMMODO CONSEQ','sit amet, consectetu','aute irure dolor in reprehenderit in voluptate velit esse cillum dolore eu fugiat nulla','deserunt mol',5044,14107,0,'1987-01-29 13:06:14','2010-03-26 03:25:03'),(1003,24,'UT ENIM AD MINIM VENIAM, ','voluptate velit esse cillum do','nisi ut aliquip ex ea commodo co','ut labore et dolore magna aliq',24811,23916,0,'2000-05-23 22:35:17','1991-11-02 13:50:47'),(1004,26,'QUIS NOSTRUD EXE','eu fugiat nulla paria','cupidatat non proident, sunt in culpa qui officia deserunt ','fugiat nulla pa',17946,12395,0,'1999-01-24 08:04:29','2003-09-04 16:39:59'),(1005,13,'ELIT, SED DO EIUSMOD ','sunt in culpa qui of','anim id est laborum.Lorem ipsum dolor sit amet, consec','borum.lorem',8848,3153,0,'1982-03-15 15:13:06','1983-11-30 08:10:59'),(1006,5,'ULLAMCO LABORIS NISI','et dolore magna aliqua. Ut eni','commodo consequat. Duis aute irure dolor in reprehe','laboris nisi ut aliquip ex ea',19645,12789,0,'2015-09-24 08:39:54','1984-01-18 16:59:11'),(1007,7,'NON PROIDENT, ','amet, consectetur adipiscin','eu fugiat nulla pariatur. Excepteur sint occaecat cupidatat','sit amet, consectetur adipisci',31494,3688,0,'2017-04-04 04:00:39','1987-07-14 06:48:10'),(1008,27,'IN REPREHENDERI','velit esse cillum dolore eu f','amet, consectetur adipiscing elit, sed do eiusmod tempor incididunt ut labore et','ut aliquip ex ea commodo cons',2591,1508,0,'1985-09-04 22:41:40','2011-06-20 23:34:24'),(1009,7,'INCIDIDUN','ut labore et dolore magn','aliqua. Ut enim ad minim veniam, quis nostrud exercitation ullamco laboris nisi ut ali','laboris nisi ut aliqui',30964,12892,0,'2006-05-16 11:42:10','1996-08-17 15:03:15'),(1013,9,'CONSEQUAT. DUIS AUTE','aute irure dolor in repre','incididunt ut labore et dolore magna aliqua. Ut enim ad minim veniam, quis nostrud exercitation ull','repre',10411,20949,0,'2007-07-28 00:36:11','1994-10-18 03:41:53'),(1015,20,'DUIS AUTE IRURE DOL','exercitation ullamco laboris','velit esse cillum dolore eu fugiat nulla pariatur. Excepteur sint occaecat cupidatat non proident, s','amet, consectetur adipiscing e',25417,11565,0,'1984-10-29 23:50:05','1994-05-15 19:52:07'),(1016,21,'DOLOR IN REPREHENDERIT I','sed do eiusmod tempo','tempor incididunt ut labore et dolore mag','ex ea commodo consequat. du',23412,5589,0,'2006-08-26 15:00:41','2002-01-30 22:14:20'),(1017,11,'LABORUM.LOREM IPSUM DOLOR','sunt in culpa qui offic','amet, consectetur adipiscing elit, sed do eiusmod tempor incidid','sint occaecat cup',7308,976,0,'2002-10-06 03:37:23','2015-01-20 15:11:04'),(1018,19,'IN VOLUPTATE VELIT ESS','enim ad minim veniam, ','sit amet, consectetur adipiscing elit, sed do eiusmod tempor incididunt ut labore et dolore mag','aliquip ex ea commodo c',27621,18612,0,'2009-05-06 05:13:08','2014-10-31 23:43:57'),(1019,22,'QUIS NOSTRUD EXERCITATION ULLA','non proident, sunt in culpa ','laboris nisi ut aliquip ex ea commodo consequat. Duis aute irure dolor','voluptat',11858,20026,0,'1986-06-24 10:07:11','1983-03-14 14:23:13'),(1020,9,'MINIM VENIAM, QUIS N','minim veniam, quis nostrud ex','ut labore et dolore magna aliqua. Ut enim ad m','ut enim ad minim veniam, ',20702,8170,0,'2013-04-10 00:08:25','2002-07-05 15:24:22'),(1021,30,'IN VOLUPTATE VELIT ESSE CI','adipiscing elit, sed d','do eiusmod tempor incididunt ut labore ','do eiusmod tempor ',1783,13185,0,'2011-11-16 10:51:32','1989-12-27 08:59:24'),(1022,9,'IN REPRE','nulla pariatur. Excepteur s','deserunt mollit anim id est laborum.Lorem ipsum dolor sit amet, consectetur adipiscing elit, sed d','in vol',5642,9112,0,'1991-01-20 18:54:03','2003-09-06 01:58:58'),(1023,30,'ESSE CILLUM DOLORE EU FUG','ullamco laboris nisi ut al','amet, consectetur adipiscing elit, sed do ','fugiat nul',19871,20922,0,'1990-07-30 14:22:25','2009-04-11 08:32:06'),(1025,15,'INCIDIDUNT UT ','Excepteur sint occaec','exercitation ullamco laboris nisi ut aliquip ex ea commodo consequat. Duis aute ir','magna aliqua. ut enim ad mini',17559,3390,0,'1999-12-23 10:28:27','1987-05-29 19:13:27'),(1026,24,'ADIPISCING ELIT, SED','ullamco laboris nisi u','sunt in culpa qui officia deserunt mollit anim id','orum.lorem ipsu',21626,16686,0,'1984-01-05 04:25:11','1999-11-02 07:32:02'),(1029,1,'NON PROIDENT, SUNT','est laborum.Lorem ipsum dolor','fugiat nulla pariatur. Excepteur sint occaecat cupidatat non proident, sunt i','ullamco laboris nisi ut aliq',10313,19037,0,'2006-06-16 11:32:31','1998-08-11 04:09:41'),(1030,12,'IN REPREHENDERI','sunt in culpa qui officia','aliquip ex ea commodo consequat','fugiat nu',25950,23026,0,'2002-10-09 03:52:53','1994-08-28 08:22:42'),(1031,20,'VELIT ESSE C','sint occaecat cupidatat ','proident, sunt in culpa qui officia deserunt mollit anim id est laborum.Lorem','excepteur sint occaec',30003,11186,0,'1983-11-18 06:53:12','1996-12-18 08:20:57'),(1034,22,'VELIT ESSE CILL','tempor incididunt ut labore e','laborum.Lorem ipsum dolor sit amet, consectetur adipiscing elit, sed do eiusmod tempor','nisi ut aliquip ',31678,18562,0,'2014-03-08 17:31:11','1982-10-17 13:19:52'),(1035,11,'NISI UT ALIQUIP EX EA','nisi ut aliquip ex ea commod','dolor in reprehenderit in voluptate velit esse cillum dolore','esse cillum dolore eu fugia',7696,984,0,'1994-04-17 14:54:22','1992-02-10 03:02:31'),(1036,22,'FUGIAT NULLA PARIATUR','adipiscing elit, sed do eiu','ullamco laboris nisi ut aliquip ex ea commodo consequat. Duis aute irure dolor in','nulla pariatur. ',8677,14337,0,'1993-07-04 16:16:21','1999-06-19 02:11:19'),(1037,24,'DESERUNT MOLLIT ','qui officia deserunt mollit','laborum.Lorem ipsum dolor sit amet, consectetur adipiscing elit, sed do eiusmod tempor inc','ipsum dolor sit amet, conse',7880,25137,0,'1984-07-06 07:49:25','1986-08-15 04:45:51'),(1038,5,'MINIM VENIAM, QUIS ','sed do eiusmod tempor inc','dolore eu fugiat nulla pariatur. Exc','et dolore magna ali',13512,10524,0,'1986-01-25 17:56:42','1992-06-23 17:46:18'),(1040,28,'DESERUNT MOLLIT ANIM ID EST LA','Excepteur sint occaecat cupida','laboris nisi ut aliquip ex ea comm','mollit anim id est l',1530,26308,0,'1992-05-30 04:51:14','2006-06-21 05:53:24'),(1042,29,'PROIDENT, SUN','ipsum dolor sit amet, consecte','Excepteur sint occaecat cupidatat non proident, sunt in culpa qui officia dese','sint occaecat cu',31930,1983,0,'2005-10-28 22:01:29','1987-12-26 07:47:38'),(1043,21,'INCIDID','ex ea commodo consequ','Duis aute irure dolor in reprehenderit in ','amet, consectet',11501,32433,0,'1996-06-07 01:45:27','2012-08-29 21:34:04'),(1044,7,'CUPIDATAT NON ','cupidatat non proident','sed do eiusmod tempor incididunt ut labore et dolore magna aliqua. Ut enim ad minim veniam','dolor in reprehenderit in vol',18315,28313,0,'2001-08-09 01:51:57','1995-03-07 12:18:32'),(1046,5,'ANIM ID E','nisi ut aliquip ex ea commod','laborum.Lorem ipsum dolor sit amet, consectetur adipiscing elit,','m.lorem ipsum dolor sit a',12405,26012,0,'1999-12-06 08:14:25','2019-03-09 22:13:53'),(1047,21,'UT LABORE ET D','pariatur. Excepteur sint occ','dolore eu fugiat nulla pariatur. Excepteur sint occaecat cupidatat non proident, sunt in cul','tempor incididunt ut labo',32457,6718,0,'2018-04-20 06:15:17','1989-09-15 23:08:11'),(1050,28,'UT LABORE ET DOLORE MAGNA ALI','sit amet, consectetur ','minim veniam, quis nostrud exercitation ullamco laboris ','exercitat',5548,29974,0,'1986-03-01 01:59:40','1983-06-26 22:47:41'),(1051,30,'TEMPOR INCIDIDUNT U','sunt in culpa qui officia dese','esse cillum dolore eu fugiat nulla','irure dolor in reprehenderit i',16041,4393,0,'1980-07-03 11:10:41','1986-06-18 14:06:55'),(1052,22,'OFFICIA DESERUNT MOLLIT','in culpa qui officia deserunt','ad minim veniam, quis nostrud exercitation ullamco laboris nisi ut aliquip ex ea com','nostrud exercitation ullam',26752,12895,0,'1988-07-17 12:04:13','1982-02-16 02:20:59'),(1053,13,'QUI OFFICIA DESERU','sunt in culpa qui officia des','quis nostrud exercitation ullamco laboris nisi ut a','sunt in culpa qui offic',6322,21562,0,'1993-02-21 20:04:36','1986-10-05 03:04:30'),(1054,21,'ID EST LABORUM.LOREM IPSU','Duis aute irure dolor in','Ut enim ad minim veniam, quis nostrud exercitation ullamco laboris nisi ut aliquip ex ea ','magna aliqua. ut enim',5391,13847,0,'1997-05-01 03:30:44','2009-07-18 14:10:00'),(1055,16,'UT LABORE ET DOLORE MAGNA ','ipsum dolor sit amet, c','consectetur adipiscing elit, sed do eiusm','nulla pariatur. excep',32673,8170,0,'2010-06-26 02:58:12','1998-10-05 16:58:22'),(1057,20,'NISI UT ALIQUIP','sed do eiusmod tempor incidid','sunt in culpa qui officia deserunt mollit anim id est laborum.Lorem ipsum dolor sit amet, co','do eiusmod te',10090,8074,0,'1996-07-31 18:45:02','2019-06-16 17:49:43'),(1058,26,'ESSE CILLUM DOLORE EU ','ut labore et dolore mag','Duis aute irure dolor in reprehenderit in voluptate velit esse cillum dolore eu fugiat ','eiusmod tempor incididunt ut ',30352,6997,0,'1981-03-24 11:32:48','1991-11-24 21:54:50'),(1060,28,'DOLOR IN REPREH','commodo consequat. Duis aute i','in culpa qui officia deserunt mollit anim id est laborum.Lorem ipsum d','dolore magna aliqua. ut',15069,6935,0,'1991-08-27 13:11:45','1985-03-05 08:36:14'),(1061,14,'UM.LOREM IPSUM DOLOR SIT AMET','sint occaecat cupidatat non','non proident, sunt in culpa qui officia deserunt mollit anim id est laborum.Lorem ipsum d','labore et dolore magna aliqua.',22142,7717,0,'2013-08-26 11:56:49','2014-07-10 10:08:07'),(1062,20,'EXCEPTEUR SINT O','dolor sit amet, cons','sed do eiusmod tempor incididunt ut labore ','magna aliqua. u',14683,5008,0,'2007-02-24 10:05:18','1992-02-24 21:57:55'),(1064,29,'ULLAMCO LABOR','m.Lorem ipsum dolor s','ullamco laboris nisi ut aliquip ex ea commodo consequat. Duis au','consectetur adipiscing elit',25221,4483,0,'2001-02-23 08:46:53','2006-10-03 16:40:25'),(1065,10,'SUNT IN CULPA QUI ','elit, sed do eiusmod tempor i','eu fugiat nulla pariatur. Excepteur sint occaecat cupidatat non proident, sunt i','exercitation ullamco lab',1992,14398,0,'2004-02-06 03:06:14','2004-10-19 06:39:09'),(1067,19,'CONSECTETUR ADIPISCING ELIT','et dolore magna aliqua. Ut eni','sunt in culpa qui officia deserunt mollit anim id est laborum.Lorem ipsum dolor sit amet, co','incididunt ut labore e',32672,4881,0,'1992-03-08 01:20:02','2015-02-08 00:30:17'),(1069,14,'PROIDENT, SUNT','sunt in culpa qui offici','ipsum dolor sit amet, consectetur adipiscing elit, sed do eiusmod tempor incididunt ','quis nostrud exercitation',24894,7659,0,'1989-02-16 12:53:47','2014-08-16 18:13:46'),(1070,9,'ADIPISCING ELIT, SED D','do eiusmod tempor in','consectetur adipiscing elit, sed do eiusmod tempor incidi','et dolore magna aliqua. u',23109,53,0,'2012-07-31 15:01:57','2006-08-12 03:36:04'),(1071,2,'ET DOLORE MAGNA ','.Lorem ipsum dolor sit a','ullamco laboris nisi ut aliquip ex ea commodo consequat. Duis aute irure dolor in reprehen','occaec',18492,32251,0,'2017-03-23 02:49:12','2009-03-22 01:34:51'),(1073,27,'TEMPOR INCIDIDUNT UT LABOR','laboris nisi ut aliqui','amet, consectetur adipiscing elit, sed do eiusmod tempor ','et dolore m',18583,19001,0,'2011-05-01 20:03:55','2017-06-26 00:12:53'),(1077,28,'MOLLIT ANIM ID E','ut labore et dolore ma','esse cillum dolore eu fugiat nulla pariatur. Excepteur sint occaecat cupidatat non proident, ','quis nostrud exe',9013,15585,0,'2002-03-13 02:26:18','2001-05-18 02:23:29'),(1080,29,'ABORUM.LOREM IPSUM DOLOR','qui officia deserunt mo','in voluptate velit esse cillum dolore eu fugiat nulla pariatur. Excepteur ','enim ad min',26892,538,0,'1998-05-17 13:10:21','2013-04-18 10:52:51'),(1082,17,'SOME NEW','new product','bla bla product','some-product',10000,13,1,'2019-08-02 13:08:32','2019-08-02 13:08:32');
/*!40000 ALTER TABLE `products_variants` ENABLE KEYS */;
UNLOCK TABLES;
/*!50003 SET @saved_cs_client      = @@character_set_client */ ;
/*!50003 SET @saved_cs_results     = @@character_set_results */ ;
/*!50003 SET @saved_col_connection = @@collation_connection */ ;
/*!50003 SET character_set_client  = utf8 */ ;
/*!50003 SET character_set_results = utf8 */ ;
/*!50003 SET collation_connection  = utf8_general_ci */ ;
/*!50003 SET @saved_sql_mode       = @@sql_mode */ ;
/*!50003 SET sql_mode              = 'ONLY_FULL_GROUP_BY,STRICT_TRANS_TABLES,NO_ZERO_IN_DATE,NO_ZERO_DATE,ERROR_FOR_DIVISION_BY_ZERO,NO_ENGINE_SUBSTITUTION' */ ;
DELIMITER ;;
/*!50003 CREATE*/ /*!50017 DEFINER=`roost`@`localhost`*/ /*!50003 TRIGGER add_to_price_log_insert AFTER INSERT ON products_variants
FOR EACH ROW
BEGIN
  INSERT INTO products_price_log (product_variant_id, old_price, new_price) VALUES (NEW.id, NULL, NEW.price);
END */;;
DELIMITER ;
/*!50003 SET sql_mode              = @saved_sql_mode */ ;
/*!50003 SET character_set_client  = @saved_cs_client */ ;
/*!50003 SET character_set_results = @saved_cs_results */ ;
/*!50003 SET collation_connection  = @saved_col_connection */ ;
/*!50003 SET @saved_cs_client      = @@character_set_client */ ;
/*!50003 SET @saved_cs_results     = @@character_set_results */ ;
/*!50003 SET @saved_col_connection = @@collation_connection */ ;
/*!50003 SET character_set_client  = utf8 */ ;
/*!50003 SET character_set_results = utf8 */ ;
/*!50003 SET collation_connection  = utf8_general_ci */ ;
/*!50003 SET @saved_sql_mode       = @@sql_mode */ ;
/*!50003 SET sql_mode              = 'ONLY_FULL_GROUP_BY,STRICT_TRANS_TABLES,NO_ZERO_IN_DATE,NO_ZERO_DATE,ERROR_FOR_DIVISION_BY_ZERO,NO_ENGINE_SUBSTITUTION' */ ;
DELIMITER ;;
/*!50003 CREATE*/ /*!50017 DEFINER=`roost`@`localhost`*/ /*!50003 TRIGGER add_to_price_log_update AFTER UPDATE ON products_variants
FOR EACH ROW
BEGIN
  INSERT INTO products_price_log (product_variant_id, old_price, new_price) VALUES (NEW.id, OLD.price, NEW.price);
END */;;
DELIMITER ;
/*!50003 SET sql_mode              = @saved_sql_mode */ ;
/*!50003 SET character_set_client  = @saved_cs_client */ ;
/*!50003 SET character_set_results = @saved_cs_results */ ;
/*!50003 SET collation_connection  = @saved_col_connection */ ;

--
-- Table structure for table `profiles`
--

DROP TABLE IF EXISTS `profiles`;
/*!40101 SET @saved_cs_client     = @@character_set_client */;
/*!40101 SET character_set_client = utf8 */;
CREATE TABLE `profiles` (
  `user_id` bigint(20) unsigned NOT NULL COMMENT 'id пользователя',
  `name` varchar(255) NOT NULL COMMENT 'Имя пользователя',
  `phone` varchar(30) DEFAULT NULL COMMENT 'Телефон',
  `region_id` bigint(20) unsigned NOT NULL COMMENT 'id региона',
  `photo` varchar(255) DEFAULT NULL COMMENT 'Ссылка на фотографию',
  `birthday_at` datetime DEFAULT NULL,
  `updated_at` datetime DEFAULT CURRENT_TIMESTAMP ON UPDATE CURRENT_TIMESTAMP,
  PRIMARY KEY (`user_id`),
  UNIQUE KEY `user_id` (`user_id`),
  KEY `profiles_region_id_fk` (`region_id`),
  KEY `profiles_name_idx` (`name`),
  CONSTRAINT `profiles_region_id_fk` FOREIGN KEY (`region_id`) REFERENCES `regions` (`id`),
  CONSTRAINT `profiles_user_id_fk` FOREIGN KEY (`user_id`) REFERENCES `users` (`id`)
) ENGINE=InnoDB DEFAULT CHARSET=latin1 COMMENT='Пользователи и их данные доступа';
/*!40101 SET character_set_client = @saved_cs_client */;

--
-- Dumping data for table `profiles`
--

LOCK TABLES `profiles` WRITE;
/*!40000 ALTER TABLE `profiles` DISABLE KEYS */;
INSERT INTO `profiles` VALUES (1,'QUIS ','90000000',5,'labore ','1999-05-28 14:47:25','1990-02-12 11:32:16'),(2,'CONSECT','90000049',7,'nulla pariat','1990-08-21 05:35:11','1989-02-16 16:15:46'),(3,'IRURE DOLOR IN ','90000056',10,'ullamco','2014-04-11 05:58:46','2009-01-23 00:08:04'),(4,'IN CULPA ','90000014',6,'anim id es','2015-12-28 20:21:01','1988-09-12 16:28:35'),(5,'AMET, ','90000063',6,'in voluptate v','2018-08-09 11:27:02','2018-08-20 11:12:06'),(6,'EU FU','90000049',11,'incididunt ut l','1981-11-19 11:48:43','1983-04-09 09:12:54'),(7,'ELIT, S','90000028',4,'sint occaecat ','1987-04-01 16:51:42','2009-05-22 15:47:52'),(8,'FUGIAT N','90000056',1,'tempor inci','2006-07-05 22:18:48','1992-07-22 02:10:00'),(9,'ULLAMCO LABO','90000007',10,'culpa q','2001-06-07 14:05:07','2011-10-14 23:34:24'),(10,'DOLORE E','90000014',12,'mollit ani','1990-04-25 05:31:29','2007-09-16 08:14:01'),(11,'DESERUNT MOL','90000042',1,'magna aliq','2016-07-30 23:24:11','2011-12-19 19:04:40'),(12,'OFFICI','90000021',4,'nostrud exerci','2015-07-02 21:08:31','2018-02-11 03:11:04'),(13,'CILLUM DOLORE E','90000042',6,'non proident, ','1998-09-09 11:47:19','2002-06-24 17:20:01'),(14,'INCIDIDU','90000007',11,'ipsum dolor ','1996-01-06 00:04:09','2016-06-14 14:38:05'),(15,'NULLA PARI','90000035',7,'ipsum do','1985-05-26 00:08:32','2008-05-10 19:41:18'),(16,'DOLORE EU FUG','90000035',6,'excepteur si','2016-07-03 08:03:15','1999-11-01 21:22:22'),(17,'MOLLIT ANIM','90000021',12,'non proident,','1980-10-31 08:29:09','1981-08-03 04:03:21'),(18,'MOLLIT','90000000',5,'excepteur ','2010-09-16 18:06:22','2001-05-28 18:00:53'),(19,'SUNT IN CULPA','90000063',2,'ullamco labo','2011-01-14 01:59:27','2010-04-21 14:16:40'),(20,'DOLORE EU F','90000028',6,'ullamco ','2012-11-05 05:10:02','2018-07-06 20:21:45'),(21,'EXERCITAT','90000063',4,'laboris nisi ut','2011-01-21 13:57:01','1990-10-10 14:40:42'),(35,'DOLOR ','90000028',5,'consectet','2005-05-31 10:30:02','2016-11-09 03:32:00'),(41,'EIUSMOD','90000021',12,'duis aute irur','2000-09-07 15:34:03','2017-05-15 09:38:29'),(42,'CULPA QUI OFFI','90000014',5,'aliqua. ut','2010-01-30 04:55:36','2005-08-20 22:56:02'),(46,'NULLA ','90000042',7,'in culpa q','1988-08-04 07:32:41','1992-01-20 17:25:53'),(47,'DUIS AUTE IRU','90000056',9,'ut labo','1981-12-03 10:57:11','2000-05-09 08:44:51'),(49,'DESERUNT MOLLI','90000049',9,'in voluptate v','2013-05-25 19:51:15','1996-05-13 09:47:45'),(59,'SUNT IN CULPA Q','90000007',4,'adipiscing','1996-09-11 02:15:47','1997-03-08 06:28:02'),(66,'PROIDE','90000000',6,'commodo consequ','2007-05-25 16:13:43','2004-10-26 18:30:35'),(69,'VELIT ESSE CI','90000035',9,'ut aliqu','1996-07-14 07:33:08','2006-03-14 07:34:02');
/*!40000 ALTER TABLE `profiles` ENABLE KEYS */;
UNLOCK TABLES;

--
-- Table structure for table `rates`
--

DROP TABLE IF EXISTS `rates`;
/*!40101 SET @saved_cs_client     = @@character_set_client */;
/*!40101 SET character_set_client = utf8 */;
CREATE TABLE `rates` (
  `id` tinyint(3) unsigned NOT NULL AUTO_INCREMENT COMMENT 'id курса валюты',
  `name` varchar(255) NOT NULL COMMENT 'Название',
  `usd_rate` float DEFAULT NULL COMMENT 'Курс валюты к доллару',
  `updated_at` datetime DEFAULT CURRENT_TIMESTAMP ON UPDATE CURRENT_TIMESTAMP,
  PRIMARY KEY (`id`),
  UNIQUE KEY `id` (`id`)
) ENGINE=InnoDB AUTO_INCREMENT=5 DEFAULT CHARSET=latin1 COMMENT='Курсы валют Амазона';
/*!40101 SET character_set_client = @saved_cs_client */;

--
-- Dumping data for table `rates`
--

LOCK TABLES `rates` WRITE;
/*!40000 ALTER TABLE `rates` DISABLE KEYS */;
INSERT INTO `rates` VALUES (1,'rub',63.5,'2019-07-31 14:07:14'),(2,'euro',0.9,'2019-07-31 14:07:14'),(3,'jpy',10857,'2019-07-31 14:07:14'),(4,'try',554,'2019-07-31 14:07:15');
/*!40000 ALTER TABLE `rates` ENABLE KEYS */;
UNLOCK TABLES;

--
-- Table structure for table `regions`
--

DROP TABLE IF EXISTS `regions`;
/*!40101 SET @saved_cs_client     = @@character_set_client */;
/*!40101 SET character_set_client = utf8 */;
CREATE TABLE `regions` (
  `id` bigint(20) unsigned NOT NULL AUTO_INCREMENT,
  `name` varchar(255) NOT NULL COMMENT 'Название',
  PRIMARY KEY (`id`),
  UNIQUE KEY `id` (`id`),
  KEY `regions_name_idx` (`name`)
) ENGINE=InnoDB AUTO_INCREMENT=14 DEFAULT CHARSET=latin1 COMMENT='Регионы доставки';
/*!40101 SET character_set_client = @saved_cs_client */;

--
-- Dumping data for table `regions`
--

LOCK TABLES `regions` WRITE;
/*!40000 ALTER TABLE `regions` DISABLE KEYS */;
INSERT INTO `regions` VALUES (1,'All'),(6,'Fargo'),(10,'France'),(9,'Istanbul'),(12,'Japan'),(7,'Moscow'),(5,'New York'),(11,'Paris'),(3,'Russia'),(13,'Tokyo'),(8,'Tula'),(4,'Turkey'),(2,'USA');
/*!40000 ALTER TABLE `regions` ENABLE KEYS */;
UNLOCK TABLES;

--
-- Table structure for table `regions_links`
--

DROP TABLE IF EXISTS `regions_links`;
/*!40101 SET @saved_cs_client     = @@character_set_client */;
/*!40101 SET character_set_client = utf8 */;
CREATE TABLE `regions_links` (
  `parent_id` bigint(20) unsigned NOT NULL DEFAULT '1' COMMENT 'id родительского региона из таблицы regions. У главных разделов будет 1, т.е. в таблице regions под 1 будет псевдорегион Весь мир',
  `daughter_id` bigint(20) unsigned NOT NULL COMMENT 'id подрегиона',
  PRIMARY KEY (`parent_id`,`daughter_id`),
  UNIQUE KEY `daughter_id` (`daughter_id`),
  CONSTRAINT `regions_links_daughter_id_fk` FOREIGN KEY (`daughter_id`) REFERENCES `regions` (`id`),
  CONSTRAINT `regions_links_parent_id_fk` FOREIGN KEY (`parent_id`) REFERENCES `regions` (`id`)
) ENGINE=InnoDB DEFAULT CHARSET=latin1 COMMENT='Связи между регионами';
/*!40101 SET character_set_client = @saved_cs_client */;

--
-- Dumping data for table `regions_links`
--

LOCK TABLES `regions_links` WRITE;
/*!40000 ALTER TABLE `regions_links` DISABLE KEYS */;
INSERT INTO `regions_links` VALUES (1,2),(1,3),(1,4),(2,5),(2,6),(3,7),(3,8),(4,9),(1,10),(10,11),(1,12),(12,13);
/*!40000 ALTER TABLE `regions_links` ENABLE KEYS */;
UNLOCK TABLES;

--
-- Table structure for table `reviews`
--

DROP TABLE IF EXISTS `reviews`;
/*!40101 SET @saved_cs_client     = @@character_set_client */;
/*!40101 SET character_set_client = utf8 */;
CREATE TABLE `reviews` (
  `id` bigint(20) unsigned NOT NULL AUTO_INCREMENT COMMENT 'id отзыва',
  `product_id` bigint(20) unsigned NOT NULL COMMENT 'id товара, на который сделан отзыв',
  `desription` text COMMENT 'Текст отзыва',
  `review_rate` tinyint(3) unsigned NOT NULL COMMENT 'Рейтинг от пользователя',
  `user_id` bigint(20) unsigned NOT NULL COMMENT 'id пользователя',
  `created_at` datetime DEFAULT CURRENT_TIMESTAMP,
  `updated_at` datetime DEFAULT CURRENT_TIMESTAMP ON UPDATE CURRENT_TIMESTAMP,
  PRIMARY KEY (`id`),
  UNIQUE KEY `id` (`id`),
  KEY `reviews_product_id_fk` (`product_id`),
  KEY `reviews_user_id_fk` (`user_id`),
  KEY `reviews_review_rate_idx` (`review_rate`),
  CONSTRAINT `reviews_product_id_fk` FOREIGN KEY (`product_id`) REFERENCES `products` (`id`),
  CONSTRAINT `reviews_user_id_fk` FOREIGN KEY (`user_id`) REFERENCES `users` (`id`)
) ENGINE=InnoDB AUTO_INCREMENT=61 DEFAULT CHARSET=latin1 COMMENT='Отзывы на товары';
/*!40101 SET character_set_client = @saved_cs_client */;

--
-- Dumping data for table `reviews`
--

LOCK TABLES `reviews` WRITE;
/*!40000 ALTER TABLE `reviews` DISABLE KEYS */;
INSERT INTO `reviews` VALUES (1,12,'sint occaecat cupidatat non proide',1,17,'2007-12-19 20:10:30','1991-06-01 21:47:18'),(2,10,'exercitation ullamco laboris nisi',2,4,'1994-11-19 21:17:37','2019-07-31 17:33:14'),(3,30,'aliqua. Ut enim ad minim veniam,',3,53,'2001-09-19 23:16:32','2019-07-31 17:33:14'),(4,29,'mollit anim id est laborum.Lorem ipsum dolor sit am',1,61,'2018-04-23 05:24:44','2007-06-15 02:59:54'),(5,1,'ullamco laboris nisi ut aliquip ex ea commodo consequat. Duis aute irure dol',4,24,'1983-10-18 21:00:34','2019-07-31 17:33:14'),(6,6,'adipiscing elit, sed do eiusmod tempor incididunt ut labore et dolore magna al',1,20,'2002-02-12 04:49:51','2015-07-17 13:33:00'),(7,27,'eu fugiat nulla pariatur. Excepteur sint occaecat cupidatat non proident, ',1,49,'2001-07-09 22:00:57','1999-07-18 10:03:03'),(8,1,'ad minim veniam, quis nostrud exercitation u',5,11,'2011-09-28 08:11:32','2019-07-31 17:33:14'),(9,3,'in reprehenderit in voluptate velit',1,13,'2009-03-21 03:50:05','2011-06-08 00:36:38'),(10,1,'in voluptate velit esse cillum dolore eu fugiat nulla pariatur. Excepteur sint occaecat cupidatat ',1,49,'2006-08-18 02:06:34','1994-04-01 20:13:50'),(11,12,'occaecat cupidatat non proident, sunt in culpa qui officia de',2,18,'2010-05-01 11:48:29','2019-07-31 17:33:14'),(12,6,'dolor in reprehenderit in voluptate velit esse cillum dol',1,67,'1981-03-22 06:16:23','2000-04-28 07:04:53'),(13,8,'dolor sit amet, consectetur adipiscing elit, sed do e',4,23,'1994-02-19 10:43:25','2019-07-31 17:33:14'),(14,24,'sed do eiusmod tempor incididunt ut labore et dolore magna ali',1,15,'1991-05-01 23:22:14','1990-12-12 00:25:26'),(15,1,'voluptate velit esse cillum dolore eu fugiat n',3,7,'1983-10-25 14:12:28','2019-07-31 17:33:15'),(16,22,'elit, sed do eiusmod tempor incididunt ut labore et dolore magna',1,7,'1998-07-23 18:41:21','2012-01-11 22:18:10'),(17,5,'reprehenderit in voluptate velit',5,1,'2003-02-23 21:43:24','2019-07-31 17:33:15'),(18,11,'minim veniam, quis nostrud exercitation ullamco la',2,51,'1997-08-20 20:57:26','2019-07-31 17:33:15'),(19,14,'deserunt mollit anim id est laborum.Lorem ipsum dolor sit a',5,30,'1996-01-03 14:52:55','2019-07-31 17:33:15'),(20,13,'adipiscing elit, sed do eiusmod tempor incididunt ut labore et dolore magna aliqua',5,29,'1997-05-19 20:00:30','2019-07-31 17:33:15'),(21,10,'ullamco laboris nisi ut aliquip ex ea commodo consequat. Duis aute irure dolor in reprehe',4,32,'2001-08-22 04:47:48','2019-07-31 17:33:15'),(22,13,'anim id est laborum.Lorem ipsum',5,47,'1995-12-07 06:12:06','2019-07-31 17:33:15'),(23,8,'m.Lorem ipsum dolor sit amet, consectetur adipiscing elit, sed do eiusmod tempor incididunt ut',4,24,'1986-05-23 14:31:46','2019-07-31 17:33:15'),(24,9,'sunt in culpa qui officia deserunt mollit anim id est lab',4,31,'1982-05-05 13:29:27','2019-07-31 17:33:15'),(25,13,'ullamco laboris nisi ut aliquip ex ea commo',5,65,'2011-08-17 13:38:31','2019-07-31 17:33:16'),(26,18,'velit esse cillum dolore eu fugiat nulla paria',1,64,'2016-02-13 00:53:07','1995-03-14 12:24:13'),(27,9,'aute irure dolor in reprehenderit in voluptate velit es',5,6,'2011-10-11 01:07:28','2019-07-31 17:33:16'),(28,21,'nisi ut aliquip ex ea commodo consequat. Duis aute i',5,52,'2010-12-31 13:36:58','2019-07-31 17:33:16'),(29,30,'cillum dolore eu fugiat nulla pariatur. Excepteur sint occaecat c',5,15,'2016-03-30 07:50:39','2019-07-31 17:33:16'),(30,18,'ut labore et dolore magna aliqua. Ut enim ad minim veniam, quis nostrud',5,64,'1997-05-29 14:46:09','2019-07-31 17:33:16'),(31,12,'sint occaecat cupidatat non proide',1,17,'2019-08-02 09:57:54','2019-08-02 09:57:54'),(32,10,'exercitation ullamco laboris nisi',2,4,'2019-08-02 09:57:55','2019-08-02 09:57:55'),(33,30,'aliqua. Ut enim ad minim veniam,',3,53,'2019-08-02 09:57:55','2019-08-02 09:57:55'),(34,29,'mollit anim id est laborum.Lorem ipsum dolor sit am',1,61,'2019-08-02 09:57:55','2019-08-02 09:57:55'),(35,1,'ullamco laboris nisi ut aliquip ex ea commodo consequat. Duis aute irure dol',4,24,'2019-08-02 09:57:56','2019-08-02 09:57:56'),(36,6,'adipiscing elit, sed do eiusmod tempor incididunt ut labore et dolore magna al',1,20,'2019-08-02 09:57:56','2019-08-02 09:57:56'),(37,27,'eu fugiat nulla pariatur. Excepteur sint occaecat cupidatat non proident, ',1,49,'2019-08-02 09:57:57','2019-08-02 09:57:57'),(38,1,'ad minim veniam, quis nostrud exercitation u',5,11,'2019-08-02 09:57:57','2019-08-02 09:57:57'),(39,3,'in reprehenderit in voluptate velit',1,13,'2019-08-02 09:57:57','2019-08-02 09:57:57'),(40,1,'in voluptate velit esse cillum dolore eu fugiat nulla pariatur. Excepteur sint occaecat cupidatat ',1,49,'2019-08-02 09:57:58','2019-08-02 09:57:58'),(41,12,'occaecat cupidatat non proident, sunt in culpa qui officia de',2,18,'2019-08-02 09:57:58','2019-08-02 09:57:58'),(42,6,'dolor in reprehenderit in voluptate velit esse cillum dol',1,67,'2019-08-02 09:57:59','2019-08-02 09:57:59'),(43,8,'dolor sit amet, consectetur adipiscing elit, sed do e',4,23,'2019-08-02 09:57:59','2019-08-02 09:57:59'),(44,24,'sed do eiusmod tempor incididunt ut labore et dolore magna ali',1,15,'2019-08-02 09:57:59','2019-08-02 09:57:59'),(45,1,'voluptate velit esse cillum dolore eu fugiat n',3,7,'2019-08-02 09:58:00','2019-08-02 09:58:00'),(46,22,'elit, sed do eiusmod tempor incididunt ut labore et dolore magna',1,7,'2019-08-02 09:58:00','2019-08-02 09:58:00'),(47,5,'reprehenderit in voluptate velit',5,1,'2019-08-02 09:58:00','2019-08-02 09:58:00'),(48,11,'minim veniam, quis nostrud exercitation ullamco la',2,51,'2019-08-02 09:58:01','2019-08-02 09:58:01'),(49,14,'deserunt mollit anim id est laborum.Lorem ipsum dolor sit a',5,30,'2019-08-02 09:58:01','2019-08-02 09:58:01'),(50,13,'adipiscing elit, sed do eiusmod tempor incididunt ut labore et dolore magna aliqua',5,29,'2019-08-02 09:58:02','2019-08-02 09:58:02'),(51,10,'ullamco laboris nisi ut aliquip ex ea commodo consequat. Duis aute irure dolor in reprehe',4,32,'2019-08-02 09:58:02','2019-08-02 09:58:02'),(52,13,'anim id est laborum.Lorem ipsum',5,47,'2019-08-02 09:58:02','2019-08-02 09:58:02'),(53,8,'m.Lorem ipsum dolor sit amet, consectetur adipiscing elit, sed do eiusmod tempor incididunt ut',4,24,'2019-08-02 09:58:03','2019-08-02 09:58:03'),(54,9,'sunt in culpa qui officia deserunt mollit anim id est lab',4,31,'2019-08-02 09:58:03','2019-08-02 09:58:03'),(55,13,'ullamco laboris nisi ut aliquip ex ea commo',5,65,'2019-08-02 09:58:04','2019-08-02 09:58:04'),(56,18,'velit esse cillum dolore eu fugiat nulla paria',1,64,'2019-08-02 09:58:04','2019-08-02 09:58:04'),(57,9,'aute irure dolor in reprehenderit in voluptate velit es',5,6,'2019-08-02 09:58:04','2019-08-02 09:58:04'),(58,21,'nisi ut aliquip ex ea commodo consequat. Duis aute i',5,52,'2019-08-02 09:58:05','2019-08-02 09:58:05'),(59,30,'cillum dolore eu fugiat nulla pariatur. Excepteur sint occaecat c',5,15,'2019-08-02 09:58:05','2019-08-02 09:58:05'),(60,18,'ut labore et dolore magna aliqua. Ut enim ad minim veniam, quis nostrud',5,64,'2019-08-02 09:58:06','2019-08-02 09:58:06');
/*!40000 ALTER TABLE `reviews` ENABLE KEYS */;
UNLOCK TABLES;

--
-- Table structure for table `reviews_photos`
--

DROP TABLE IF EXISTS `reviews_photos`;
/*!40101 SET @saved_cs_client     = @@character_set_client */;
/*!40101 SET character_set_client = utf8 */;
CREATE TABLE `reviews_photos` (
  `id` bigint(20) unsigned NOT NULL AUTO_INCREMENT COMMENT 'id фото',
  `review_id` bigint(20) unsigned NOT NULL COMMENT 'id отзыва',
  `link` varchar(255) NOT NULL COMMENT 'Ссылка на картинку на сервере',
  PRIMARY KEY (`id`),
  UNIQUE KEY `id` (`id`),
  KEY `reviews_photos_review_id_fk` (`review_id`),
  CONSTRAINT `reviews_photos_review_id_fk` FOREIGN KEY (`review_id`) REFERENCES `reviews` (`id`)
) ENGINE=InnoDB AUTO_INCREMENT=81 DEFAULT CHARSET=latin1 COMMENT='Отзывы на товары';
/*!40101 SET character_set_client = @saved_cs_client */;

--
-- Dumping data for table `reviews_photos`
--

LOCK TABLES `reviews_photos` WRITE;
/*!40000 ALTER TABLE `reviews_photos` DISABLE KEYS */;
INSERT INTO `reviews_photos` VALUES (1,3,'nulla pariatu'),(2,25,'amet, conse'),(3,9,'ipsum dolor'),(4,23,'fugiat nulla p'),(5,12,'anim id e'),(6,17,'amet, consecte'),(7,6,'fugiat nulla '),(8,4,'ut labore et '),(9,28,'adipiscing e'),(10,7,'adipisci'),(11,29,'ut labore et'),(12,23,'ut labore et '),(13,29,'aliqua. Ut '),(14,11,'esse cillum dol'),(15,6,'aute irure dolo'),(16,13,'nulla pariatur.'),(17,3,'anim id'),(18,7,'qui officia des'),(19,15,'mollit anim i'),(20,11,'Excepteur sint'),(21,7,'ad minim ve'),(22,24,'Ut enim ad '),(23,13,'est laborum.L'),(24,12,'deserunt'),(25,23,'eu fugia'),(26,6,'mollit ani'),(27,11,'sint occaecat'),(28,7,'sint oc'),(29,1,'adipisci'),(30,13,'exercitati'),(31,6,'Ut enim'),(32,27,'sunt in cu'),(33,17,'Duis aute i'),(34,28,'laborum'),(35,25,'officia'),(36,23,'ut aliquip ex '),(37,14,'voluptate '),(38,6,'dolore eu f'),(39,10,'reprehenderit'),(40,29,'laborum.Lo'),(41,1,'Duis au'),(42,2,'exercit'),(43,29,'adipisci'),(44,8,'ex ea commodo c'),(45,9,'esse cillu'),(46,20,'tempor in'),(47,12,'in voluptate ve'),(48,27,'deserun'),(49,27,'sed do e'),(50,28,'veniam, qui'),(51,1,'velit esse cill'),(52,1,'occaecat cup'),(53,16,'irure dolo'),(54,22,'velit es'),(55,12,'tempor '),(56,27,'deserunt '),(57,11,'Duis aut'),(58,24,'tempor i'),(59,7,'in volupt'),(60,17,'exercitati'),(61,15,'consecte'),(62,2,'Excepteur sint '),(63,25,'ullamco labori'),(64,21,'sit amet,'),(65,3,'dolor in rep'),(66,15,'consequa'),(67,20,'laboris '),(68,25,'eu fugiat null'),(69,20,'ea comm'),(70,21,'in reprehende'),(71,26,'proiden'),(72,28,'ullamco '),(73,16,'sed do e'),(74,5,'commodo cons'),(75,21,'laboris nis'),(76,22,'esse cillum d'),(77,16,'incididunt ut'),(78,9,'pariatur. Exce'),(79,23,'dolor in repr'),(80,13,'laboris ni');
/*!40000 ALTER TABLE `reviews_photos` ENABLE KEYS */;
UNLOCK TABLES;

--
-- Table structure for table `shops`
--

DROP TABLE IF EXISTS `shops`;
/*!40101 SET @saved_cs_client     = @@character_set_client */;
/*!40101 SET character_set_client = utf8 */;
CREATE TABLE `shops` (
  `id` mediumint(8) unsigned NOT NULL AUTO_INCREMENT,
  `name` varchar(255) NOT NULL COMMENT 'Название',
  `description` text COMMENT 'Описание',
  `url` varchar(255) NOT NULL COMMENT 'УРЛ страницы продавца, типа super-shop',
  `photo` varchar(255) DEFAULT '/img/default_shop.png' COMMENT 'Картинка для продавца. Если не указана, ставим заглушку',
  `created_at` datetime DEFAULT CURRENT_TIMESTAMP,
  PRIMARY KEY (`id`),
  UNIQUE KEY `id` (`id`),
  UNIQUE KEY `url` (`url`),
  KEY `shops_name_idx` (`name`),
  KEY `shops_url_idx` (`url`)
) ENGINE=InnoDB AUTO_INCREMENT=21 DEFAULT CHARSET=latin1 COMMENT='Продавцы';
/*!40101 SET character_set_client = @saved_cs_client */;

--
-- Dumping data for table `shops`
--

LOCK TABLES `shops` WRITE;
/*!40000 ALTER TABLE `shops` DISABLE KEYS */;
INSERT INTO `shops` VALUES (1,'SED DO','deserunt mollit anim id est laborum.Lorem ipsum dolor sit amet, consectetur adipiscing elit,','qui officia de','adipiscing','1981-03-19 02:41:04'),(2,'DOLORE EU ','mollit anim id est laborum.Lorem ipsum do','ipsum dolor ','ullamco ','2013-01-29 03:41:03'),(3,'RUM.L','sint occaecat cupidatat non proident, sunt in ','sit amet, co','duis au','2011-05-22 06:45:39'),(4,'MAGNA AL','officia deserunt mollit anim id est laborum.Lorem ipsu','sunt in cu','commodo c','1996-11-26 10:41:37'),(5,'OFFIC','est laborum.Lorem ipsum dolor sit amet, consectetur adipiscing elit, sed do eiusmod tempor incidid','nostrud exe','magna aliq','1989-07-12 10:44:33'),(6,'NON ','velit esse cillum dolore eu fugiat nulla paria','sint oc','incididunt','2012-07-15 00:26:01'),(7,'MOLLIT','ad minim veniam, quis nostrud exercitation ullamco laboris nisi ut aliquip ex ea commodo cons','veniam, qu','mollit an','2014-03-15 19:03:07'),(8,'DUIS AU','elit, sed do eiusmod tempor incididunt ut labore et dolore magna aliqua. Ut enim ad','ullamco laboris','ut labo','1990-09-28 07:51:27'),(9,'CONSECTETUR A','adipiscing elit, sed do eiusmod tempo','in culpa q','dolor in r','2009-01-06 19:27:12'),(10,'CONSEQUAT. DU','sint occaecat cupidatat non proident, sun','culpa qui o','veniam, ','1989-04-10 05:20:20'),(11,'NISI','dolor sit amet, consecte','id est laborum','exercitati','2010-04-30 02:12:11'),(12,'MINIM VENIAM','tempor incididunt ut labore e','ut labore ','dolor in r','2015-12-15 02:49:55'),(13,'CILLUM DOLOR','aliqua. Ut enim ad minim veniam, quis nostrud exercitation ull','cupidatat non','elit, sed','1994-11-24 19:30:15'),(14,'MAGNA ','velit esse cillum dolore eu fugiat','nulla pariat','nulla pari','2007-04-15 05:42:46'),(15,'ET DOLORE MA','deserunt mollit anim id est laborum.Lorem ipsum dolor sit amet, consectetur ad','nisi ut aliqui','dolor sit ','1986-07-08 03:51:18'),(16,'NISI UT ALIQUI','eu fugiat nulla pariatur. Excepteur sint occaecat cupidatat no','elit, se','deserunt ','2005-02-21 00:47:46'),(17,'NISI UT ALIQ','irure dolor in reprehenderit in volupta','cillum dolore','in volupta','2018-09-22 09:54:41'),(18,'VELIT ','ullamco laboris nisi ut aliqui','ea commodo ','veniam, q','2016-07-26 20:29:39'),(19,'EST LABORUM.','et dolore magna aliqua. Ut enim ad minim veniam, quis nostrud exercitation ullam','sit amet, c','mollit ani','1987-03-28 15:50:51'),(20,'EIU','deserunt mollit anim id est laborum.Lorem ipsum dolor sit amet, co','veniam, quis no','exercitati','1982-08-25 23:43:51');
/*!40000 ALTER TABLE `shops` ENABLE KEYS */;
UNLOCK TABLES;

--
-- Table structure for table `users`
--

DROP TABLE IF EXISTS `users`;
/*!40101 SET @saved_cs_client     = @@character_set_client */;
/*!40101 SET character_set_client = utf8 */;
CREATE TABLE `users` (
  `id` bigint(20) unsigned NOT NULL AUTO_INCREMENT COMMENT 'id пользователя',
  `email` varchar(255) NOT NULL COMMENT 'Емейл для входа',
  `password` varchar(255) NOT NULL COMMENT 'Пароль',
  `created_at` datetime DEFAULT CURRENT_TIMESTAMP,
  `updated_at` datetime DEFAULT CURRENT_TIMESTAMP ON UPDATE CURRENT_TIMESTAMP,
  PRIMARY KEY (`id`),
  UNIQUE KEY `id` (`id`),
  KEY `users_email_idx` (`email`)
) ENGINE=InnoDB AUTO_INCREMENT=71 DEFAULT CHARSET=latin1 COMMENT='Пользователи и их данные доступа';
/*!40101 SET character_set_client = @saved_cs_client */;

--
-- Dumping data for table `users`
--

LOCK TABLES `users` WRITE;
/*!40000 ALTER TABLE `users` DISABLE KEYS */;
INSERT INTO `users` VALUES (1,'sit amet, c','ALIQUA. UT ENIM AD ','1991-08-16 18:15:03','1995-10-31 06:54:11'),(2,'mollit ani','ALIQUA. UT EN','1990-01-03 09:08:34','1990-10-03 22:26:10'),(3,'velit esse cill','DESERUNT M','1980-01-08 16:22:13','2016-07-12 06:44:41'),(4,'adipiscing elit','SINT OCCAEC','2013-01-05 10:37:52','1985-01-21 05:33:04'),(5,'eiusmod tempo','NON PROIDENT, SUNT I','1981-07-17 01:03:22','1984-05-14 23:36:50'),(6,'sit amet, c','NON PROIDENT','1990-02-11 20:18:59','2007-12-20 04:19:48'),(7,'labore et dolo','SINT OCCAECAT CUP','1982-01-29 01:34:59','2015-04-19 03:12:37'),(8,'enim ad minim','FUGIAT NULLA PA','2004-07-26 15:13:57','2017-04-03 23:49:42'),(9,'ex ea commod','IN VOLUPTATE VE','1990-02-10 16:58:13','2001-01-10 19:27:19'),(10,'dolor sit amet,','LABORUM.LOREM','1987-02-22 09:43:08','1996-07-16 00:22:24'),(11,'enim ad mini','EX EA COMMOD','1980-11-01 20:59:25','2011-07-09 22:05:23'),(12,'cupidatat non p','EX EA COMMODO CON','1980-06-19 00:53:25','1982-12-06 04:01:15'),(13,'nostrud ex','AUTE IRURE DOLO','1984-03-18 14:57:13','2003-10-22 09:37:56'),(14,'do eiusmod ','ULLAMCO LAB','1994-09-29 03:40:52','2010-09-16 18:37:44'),(15,'nisi ut ali','SUNT IN CULPA QUI OF','2012-10-07 15:53:12','1985-02-08 00:34:53'),(16,'ex ea commod','SIT AMET, CONSEC','1983-04-23 09:11:04','2009-05-01 10:53:31'),(17,'ea commodo cons','CILLUM DOLORE ','2007-05-27 21:38:19','1986-02-07 13:15:18'),(18,'non proident','AD MINIM VEN','1996-11-05 10:19:26','1993-03-24 02:24:52'),(19,'in volupta','DESERUNT MOLLIT ANI','2001-08-15 12:34:21','1997-02-22 11:28:47'),(20,'reprehende','DUIS AUTE IRURE D','1996-04-26 23:11:57','2013-01-13 19:50:59'),(21,'exercitation ','ABORUM.LOREM IP','1983-12-28 02:38:18','2000-06-19 05:24:55'),(22,'tempor inci','NON PROIDENT, SUNT ','1982-12-02 13:27:58','1988-08-28 22:55:18'),(23,'ut labore et','UT LABORE ','1982-03-05 04:45:23','1992-01-23 21:25:17'),(24,'in reprehend','EXERCITATION U','2001-04-07 20:38:45','2007-01-08 13:19:54'),(25,'in voluptat','ESSE CILLUM','1995-04-26 12:09:37','1988-02-08 04:01:14'),(26,'ut aliquip ex ','PROIDENT, SUN','1984-06-23 04:55:53','2003-09-27 18:48:02'),(27,'sint occaecat ','EX EA COMMODO ','2016-12-20 18:26:33','2011-06-26 02:38:33'),(28,'ea commodo co','MOLLIT ANIM ID EST','2007-09-27 13:54:15','2007-01-19 20:06:56'),(29,'ut enim ad mini','NULLA PARIATUR. EXCE','1985-01-29 07:01:19','2012-01-17 04:27:12'),(30,'ipsum dolor ','AUTE IRURE DOLOR','1990-05-30 14:04:45','2004-02-14 15:27:43'),(31,'proident, su','SIT AMET, CONS','2004-07-19 11:58:31','1984-07-02 03:18:29'),(32,'qui offici','DO EIUSMOD T','2003-11-01 11:50:04','2003-10-01 12:04:50'),(33,'laborum.lorem','MAGNA ALIQUA. UT E','1985-05-22 04:01:04','2002-04-20 07:39:16'),(34,'ut labore ','DESERUNT MOLLIT ANI','1989-01-29 11:32:50','2019-07-17 15:51:11'),(35,'proident, sun','UT LABORE ET DOLO','1999-10-11 08:14:52','2003-10-23 14:06:28'),(36,'non proident','VELIT ESSE CILLU','2000-04-05 12:19:57','2008-08-15 18:23:09'),(37,'deserunt mol','AUTE IRURE ','1990-08-27 09:12:45','1992-05-13 22:34:17'),(38,'sunt in culpa ','IN VOLUPTATE','2006-05-05 14:18:37','2017-09-19 08:30:14'),(39,'laboris nis','UT ALIQUIP EX ','2001-08-09 06:20:51','2012-01-31 12:18:57'),(40,'labore et dolor','ABORUM.LOREM IPSUM D','1982-09-27 16:16:22','2005-11-09 20:00:15'),(41,'deserunt mo','DOLOR SIT AMET, CONS','2018-11-03 21:35:19','1984-07-27 10:53:57'),(42,'laboris nis','UT LABORE E','2013-09-16 09:22:25','2019-03-11 11:50:44'),(43,'anim id es','ELIT, SED DO EI','1997-07-04 05:02:07','2013-11-01 14:12:29'),(44,'aute irure ','AUTE IRURE DO','1997-09-07 16:18:36','2009-12-24 23:57:16'),(45,'proident, ','SINT OCCAECAT CUPIDA','2016-10-08 08:23:36','1981-12-30 09:52:58'),(46,'sit amet, ','NON PROIDENT, SUNT ','1996-07-02 07:30:33','2018-06-22 06:53:21'),(47,'ut aliquip ex ','CONSECTETUR ADIPISC','2015-12-27 11:43:12','1987-02-23 09:53:55'),(48,'duis aute ir','CONSEQUAT. DUIS AU','1988-11-19 00:50:56','2007-10-29 23:37:33'),(49,'dolor in r','DUIS AUTE IRURE DOLO','1996-09-13 03:13:22','2013-03-13 22:05:47'),(50,'amet, consec','EXERCITATION','1983-05-10 13:23:49','1997-09-28 13:00:32'),(51,'dolor sit a','ALIQUA. UT ENIM AD ','2005-02-21 08:41:26','2004-05-24 21:50:35'),(52,'consequat. duis','UT ENIM AD M','2003-08-26 18:07:21','1991-09-05 14:38:55'),(53,'ut enim ad mini','ADIPISCING ELIT, ','2000-03-16 18:06:00','2015-03-25 18:33:36'),(54,'consequat. d','NISI UT ALIQ','2002-07-14 11:00:51','1982-09-10 08:10:25'),(55,'elit, sed ','ALIQUIP EX EA COMMOD','2005-01-01 19:07:40','1992-12-24 11:37:54'),(56,'aliqua. ut eni','PARIATUR. EXCEPTE','1989-01-18 16:00:19','2014-07-19 12:12:55'),(57,'non proide','ULLAMCO LABORIS NI','1992-08-23 02:59:21','1993-12-21 20:26:44'),(58,'in reprehenderi','IN CULPA QUI ','1991-04-10 22:38:27','1985-10-09 23:28:13'),(59,'mollit ani','MAGNA ALIQUA. ','2019-04-15 22:35:10','2009-09-01 02:20:40'),(60,'id est lab','NULLA PARIATUR. EXCE','1983-08-02 08:10:26','1991-11-21 17:47:23'),(61,'cupidatat non p','M.LOREM IPS','2018-02-13 21:39:24','1985-07-01 05:52:37'),(62,'ut aliquip ex e','EIUSMOD TEM','2000-05-22 08:07:53','2001-09-07 01:36:56'),(63,'ullamco la','UT ENIM AD MINIM','1993-09-04 12:56:15','2017-08-01 06:48:39'),(64,'dolor in repr','ULLAMCO LAB','2011-01-26 18:39:52','1994-01-14 15:17:13'),(65,'excepteur sin','ID EST LABORUM.LORE','1995-08-28 19:17:38','2011-05-28 18:48:03'),(66,'deserunt mo','SINT OCCAE','2014-08-22 08:38:47','2002-10-16 19:52:16'),(67,'et dolore ','LABORE ET DO','1999-04-30 20:23:01','1986-03-18 03:11:00'),(68,'voluptate vel','ADIPISCING ELIT, S','1986-07-08 12:09:03','1996-12-24 10:23:14'),(69,'non proident','UT ENIM AD MI','2002-01-28 20:59:17','1996-07-24 13:53:25'),(70,'excepteur sin','MOLLIT ANIM ID ','1986-08-15 12:10:19','2012-07-25 23:32:17');
/*!40000 ALTER TABLE `users` ENABLE KEYS */;
UNLOCK TABLES;

--
-- Table structure for table `users_delivery`
--

DROP TABLE IF EXISTS `users_delivery`;
/*!40101 SET @saved_cs_client     = @@character_set_client */;
/*!40101 SET character_set_client = utf8 */;
CREATE TABLE `users_delivery` (
  `id` bigint(20) unsigned NOT NULL AUTO_INCREMENT COMMENT 'id способа доставки',
  `user_id` bigint(20) unsigned NOT NULL COMMENT 'id пользователя',
  `region_id` bigint(20) unsigned NOT NULL COMMENT 'id региона',
  `delyvery_type_id` tinyint(3) unsigned DEFAULT NULL COMMENT 'id типа доставки',
  `warehouse_id` bigint(20) unsigned DEFAULT NULL COMMENT 'id склада, если пользователь заказывал доставку в пункт самовывоза',
  `address` text COMMENT 'Не буду здесь приводить весь набор полей доставки. Ограничусь этим',
  `created_at` datetime NOT NULL DEFAULT CURRENT_TIMESTAMP,
  `updated_at` datetime DEFAULT CURRENT_TIMESTAMP ON UPDATE CURRENT_TIMESTAMP,
  PRIMARY KEY (`id`),
  UNIQUE KEY `id` (`id`),
  KEY `users_delivery_user_id_fk` (`user_id`),
  KEY `users_delivery_region_id_fk` (`region_id`),
  KEY `users_delivery_delyvery_type_id_fk` (`delyvery_type_id`),
  KEY `users_delivery_warehouse_id_fk` (`warehouse_id`),
  CONSTRAINT `users_delivery_delyvery_type_id_fk` FOREIGN KEY (`delyvery_type_id`) REFERENCES `delyvery_types` (`id`),
  CONSTRAINT `users_delivery_region_id_fk` FOREIGN KEY (`region_id`) REFERENCES `regions` (`id`),
  CONSTRAINT `users_delivery_user_id_fk` FOREIGN KEY (`user_id`) REFERENCES `users` (`id`),
  CONSTRAINT `users_delivery_warehouse_id_fk` FOREIGN KEY (`warehouse_id`) REFERENCES `warehouses` (`id`)
) ENGINE=InnoDB AUTO_INCREMENT=51 DEFAULT CHARSET=latin1 COMMENT='Профили доставки';
/*!40101 SET character_set_client = @saved_cs_client */;

--
-- Dumping data for table `users_delivery`
--

LOCK TABLES `users_delivery` WRITE;
/*!40000 ALTER TABLE `users_delivery` DISABLE KEYS */;
INSERT INTO `users_delivery` VALUES (1,3,8,1,48,'um.Lorem ipsum dolor sit amet, consectetur','1985-02-09 13:54:53','2018-07-28 13:13:20'),(2,2,10,2,3,'nulla pariatur. Excepteur sint occaecat cupidatat non proid','1984-05-06 07:57:48','2006-07-11 17:15:55'),(3,2,12,2,25,'velit esse cillum dolore eu fugiat nulla pa','1996-11-27 07:11:00','1985-02-20 17:24:48'),(4,15,6,2,15,'proident, sunt in culpa qui officia','1982-02-27 14:39:33','2002-09-17 09:58:01'),(5,2,13,2,8,'pariatur. Excepteur sint occaecat cupidatat non p','2019-02-15 05:21:06','1991-08-20 10:22:40'),(6,11,2,2,61,'mollit anim id est laborum.Lorem ipsum dolor sit amet, conse','2009-08-06 22:57:32','2019-05-07 21:15:02'),(7,15,3,1,61,'aliqua. Ut enim ad minim veniam, quis','2012-06-13 11:46:10','1983-01-09 21:30:52'),(8,12,6,2,33,'est laborum.Lorem ipsum dolor sit amet,','2018-04-08 06:50:43','2013-08-24 16:39:38'),(9,10,2,2,13,'consequat. Duis aute irure dolor in reprehenderit','2016-02-12 14:18:27','2017-07-08 16:25:04'),(10,15,7,2,22,'ut labore et dolore magna aliqua. Ut enim ad m','2017-01-12 19:23:49','2002-09-03 11:29:47'),(11,2,8,1,70,'consequat. Duis aute irure dolor in reprehen','1991-06-26 02:02:56','1985-08-23 00:22:11'),(12,16,9,2,77,'proident, sunt in culpa qui officia deserunt mollit an','1998-07-28 12:19:49','1989-11-25 15:34:54'),(13,19,2,2,60,'consectetur adipiscing elit, sed do eiusmod tempor i','1996-01-21 10:08:10','2015-01-19 06:09:11'),(14,7,3,2,3,'ut labore et dolore magna aliqua. Ut enim ad minim v','2011-11-03 10:41:00','2009-10-30 05:39:54'),(15,5,11,1,48,'magna aliqua. Ut enim ad minim veniam, quis nostru','2005-08-25 23:40:24','2006-09-16 21:42:29'),(16,11,4,1,39,'non proident, sunt in culpa qui officia deser','1992-02-19 03:39:21','1990-08-20 02:35:34'),(17,8,2,1,9,'Ut enim ad minim veniam, quis nostrud exercitation','1984-04-24 20:31:47','2003-04-09 23:43:08'),(18,2,12,2,95,'ex ea commodo consequat. Duis aute irure dolor i','2018-02-27 22:49:42','2018-08-11 03:06:29'),(19,20,7,1,94,'nostrud exercitation ullamco laboris nisi ut aliquip ex ea c','1989-01-21 22:03:36','1990-05-25 15:10:22'),(20,20,1,2,16,'tempor incididunt ut labore et dolore ','2005-05-29 00:22:28','2012-06-08 04:24:57'),(21,2,6,2,44,'adipiscing elit, sed do eiusmod tempor incididunt ut l','1995-01-19 09:47:23','2001-06-29 17:58:56'),(22,12,5,1,68,'eu fugiat nulla pariatur. Excepteur sint occaecat cup','1988-10-14 04:58:47','1996-02-18 11:43:28'),(23,2,2,1,47,'esse cillum dolore eu fugiat nulla pariatur. Exc','1992-01-18 06:30:18','1989-04-16 12:11:31'),(24,19,11,2,39,'laborum.Lorem ipsum dolor sit amet, conse','1991-03-19 03:22:23','2006-10-19 19:14:13'),(25,16,4,2,42,'consectetur adipiscing elit, sed do eiusmod tempor inci','2011-08-27 00:36:12','1997-07-16 07:47:36'),(26,1,6,1,91,'Ut enim ad minim veniam, quis nostrud exercitation ulla','1982-03-17 17:03:58','2011-08-10 11:29:33'),(27,9,9,2,79,'Duis aute irure dolor in reprehenderit in vo','2008-02-04 08:51:06','2004-02-06 03:42:44'),(28,7,12,2,71,'deserunt mollit anim id est labo','2003-10-05 21:05:21','2012-01-06 02:06:16'),(29,11,12,1,70,'et dolore magna aliqua. Ut enim ad minim veniam, quis nos','2000-10-02 11:45:45','1983-01-20 05:07:32'),(30,18,13,1,57,'laboris nisi ut aliquip ex ea commodo consequat. D','1985-05-26 22:13:17','1981-02-19 17:37:16'),(31,4,8,2,92,'laboris nisi ut aliquip ex ea commodo consequat. Dui','1993-07-03 00:36:38','1980-01-02 19:34:26'),(32,9,5,1,69,'in voluptate velit esse cillum dolore','1982-08-05 12:24:08','2019-01-29 21:51:34'),(33,14,11,1,16,'sed do eiusmod tempor incididunt ','1995-12-22 00:55:19','1998-11-29 00:25:14'),(34,3,8,2,57,'ex ea commodo consequat. Duis aute irure do','2002-03-20 11:28:38','1993-04-22 02:55:08'),(35,2,2,1,23,'dolor sit amet, consectetur adipiscin','2018-10-27 06:26:20','2000-04-26 06:03:39'),(36,13,6,1,49,'nisi ut aliquip ex ea commodo consequat. Dui','1995-09-25 19:10:58','2008-07-31 22:07:48'),(37,19,2,1,45,'sunt in culpa qui officia deserunt mo','2017-07-06 13:59:17','2014-08-02 01:25:22'),(38,20,9,2,27,'est laborum.Lorem ipsum dolor sit amet, consectetur a','2002-05-27 17:32:14','1990-08-22 03:14:08'),(39,11,1,1,55,'um.Lorem ipsum dolor sit amet, consectetur adip','2011-08-21 05:04:09','1981-07-09 13:42:15'),(40,1,3,2,56,'proident, sunt in culpa qui officia deserunt mollit ','2013-05-05 13:20:49','2012-02-07 17:15:57'),(41,10,5,1,2,'ipsum dolor sit amet, consectetur ','2010-07-18 19:22:25','1982-05-27 11:00:14'),(42,11,9,1,58,'do eiusmod tempor incididunt ut labor','1996-11-19 06:00:50','1986-04-02 19:32:07'),(43,15,12,2,87,'eiusmod tempor incididunt ut labore et dolore m','2014-12-08 10:52:42','2015-01-13 02:20:29'),(44,12,8,1,39,'voluptate velit esse cillum dolo','2010-09-28 02:34:24','1994-03-27 01:30:14'),(45,20,9,2,99,'ipsum dolor sit amet, consectetur adipiscing elit, sed d','2003-12-15 14:22:55','1989-10-27 02:59:20'),(46,12,12,1,59,'et dolore magna aliqua. Ut enim ad mi','2001-04-07 15:05:14','1998-02-27 09:18:01'),(47,11,8,1,93,'sit amet, consectetur adipiscing elit, sed do eiusmod','2012-07-14 22:21:24','2015-02-08 11:10:56'),(48,11,1,2,81,'minim veniam, quis nostrud exercitation ullamco laboris nis','1985-01-17 21:41:39','2017-08-14 17:40:17'),(49,12,4,2,69,'sunt in culpa qui officia deserunt mollit anim i','1981-07-10 01:00:43','2002-10-29 01:21:49'),(50,13,10,1,68,'pariatur. Excepteur sint occaecat cup','1997-05-05 21:28:45','1986-02-19 05:56:43');
/*!40000 ALTER TABLE `users_delivery` ENABLE KEYS */;
UNLOCK TABLES;

--
-- Table structure for table `users_lists`
--

DROP TABLE IF EXISTS `users_lists`;
/*!40101 SET @saved_cs_client     = @@character_set_client */;
/*!40101 SET character_set_client = utf8 */;
CREATE TABLE `users_lists` (
  `id` bigint(20) unsigned NOT NULL AUTO_INCREMENT COMMENT 'id списка',
  `user_id` bigint(20) unsigned NOT NULL COMMENT 'id пользователя',
  `list_type_id` tinyint(3) unsigned NOT NULL COMMENT 'id типа списка',
  `created_at` datetime NOT NULL DEFAULT CURRENT_TIMESTAMP,
  `updated_at` datetime DEFAULT CURRENT_TIMESTAMP ON UPDATE CURRENT_TIMESTAMP,
  PRIMARY KEY (`id`),
  UNIQUE KEY `id` (`id`),
  KEY `wish_lists_user_id_fk` (`user_id`),
  KEY `wish_lists_list_type_id_fk` (`list_type_id`),
  CONSTRAINT `wish_lists_list_type_id_fk` FOREIGN KEY (`list_type_id`) REFERENCES `lists_types` (`id`),
  CONSTRAINT `wish_lists_user_id_fk` FOREIGN KEY (`user_id`) REFERENCES `users` (`id`)
) ENGINE=InnoDB AUTO_INCREMENT=51 DEFAULT CHARSET=latin1 COMMENT='Списки товаров пользователей, в т.ч. и корзина, и заказы';
/*!40101 SET character_set_client = @saved_cs_client */;

--
-- Dumping data for table `users_lists`
--

LOCK TABLES `users_lists` WRITE;
/*!40000 ALTER TABLE `users_lists` DISABLE KEYS */;
INSERT INTO `users_lists` VALUES (1,2,5,'1999-07-07 20:00:36','2016-05-24 13:34:28'),(2,15,2,'2006-01-09 03:26:06','1985-12-15 04:55:49'),(3,8,10,'2016-11-23 22:37:16','2004-06-02 11:08:18'),(4,2,6,'2011-09-22 16:08:42','2006-11-10 15:05:01'),(5,16,5,'2009-08-21 01:19:45','2013-04-04 19:58:39'),(6,5,4,'1990-03-30 22:12:26','1984-06-19 02:51:28'),(7,8,1,'2019-06-18 04:43:07','1995-09-19 19:19:01'),(8,2,1,'1989-08-17 00:35:21','1986-03-30 11:59:44'),(9,18,2,'1983-12-11 23:51:22','1994-12-19 15:32:04'),(10,19,1,'2001-12-31 17:01:42','1992-03-06 00:42:53'),(11,1,7,'2017-12-04 09:53:45','2011-02-28 00:03:22'),(12,20,7,'1999-01-26 02:10:36','2017-06-07 06:23:29'),(13,15,4,'2017-07-23 13:40:24','1980-09-15 10:27:35'),(14,14,3,'1992-09-03 04:06:38','2006-01-16 18:37:45'),(15,2,7,'1981-12-18 06:13:07','2007-10-27 07:55:24'),(16,17,10,'1995-10-13 12:21:40','2014-02-18 17:06:06'),(17,8,2,'2001-08-28 09:46:53','1985-08-12 05:20:43'),(18,7,6,'1988-03-14 04:50:50','1989-07-30 01:15:28'),(19,8,4,'2000-03-07 13:54:36','1997-07-29 09:52:02'),(20,12,6,'1983-09-22 04:30:56','2014-04-24 02:49:00'),(21,3,6,'1987-01-01 15:08:34','2012-03-06 13:51:52'),(22,15,4,'1996-06-30 16:51:21','2010-11-14 00:40:05'),(23,17,10,'1995-08-02 02:22:50','1999-12-24 10:29:22'),(24,2,5,'2013-11-27 13:41:41','1997-01-18 09:27:23'),(25,3,8,'2019-11-04 22:32:35','1989-03-11 17:40:55'),(26,5,8,'2008-01-03 04:39:02','2013-10-14 17:35:18'),(27,8,7,'1983-11-30 01:01:46','1983-06-12 03:06:00'),(28,18,7,'2013-03-21 09:34:43','2004-05-27 21:17:19'),(29,5,8,'2005-05-09 06:16:50','2007-11-17 03:52:47'),(30,12,3,'2003-01-26 11:49:25','2010-10-15 09:10:06'),(31,5,3,'1998-01-19 19:20:00','2001-04-21 08:22:58'),(32,9,9,'1993-07-20 10:19:40','2014-11-20 09:05:33'),(33,14,4,'1996-01-26 03:18:49','2009-04-01 05:10:51'),(34,3,3,'2011-11-15 13:54:39','1981-01-08 22:56:36'),(35,7,4,'2003-06-23 07:44:19','2013-03-15 04:24:06'),(36,7,9,'2002-04-16 16:03:14','2012-11-01 17:40:15'),(37,2,9,'1994-01-16 18:32:33','1981-09-21 04:40:55'),(38,4,7,'1986-08-30 19:09:12','2006-11-16 06:26:38'),(39,7,7,'1988-12-20 21:17:39','1995-02-14 12:07:15'),(40,3,5,'2006-07-19 02:36:34','1981-11-04 20:36:47'),(41,13,1,'2008-09-09 22:21:41','2014-01-12 11:52:40'),(42,8,1,'1999-01-22 17:30:38','1985-08-11 16:02:49'),(43,12,3,'1983-05-07 11:07:06','2006-02-04 09:06:10'),(44,9,9,'1983-10-06 20:19:06','1995-06-06 17:49:13'),(45,1,7,'1996-10-31 17:34:43','2009-01-02 18:23:22'),(46,4,3,'1984-10-18 14:30:50','2018-05-03 03:33:19'),(47,16,8,'2001-05-26 01:37:39','1993-01-05 04:05:47'),(48,4,3,'1992-07-25 21:17:03','1985-05-05 04:29:20'),(49,7,10,'2011-06-20 23:43:47','2014-10-02 06:19:27'),(50,10,10,'2001-01-19 21:28:59','2008-11-26 03:47:50');
/*!40000 ALTER TABLE `users_lists` ENABLE KEYS */;
UNLOCK TABLES;

--
-- Table structure for table `users_payments`
--

DROP TABLE IF EXISTS `users_payments`;
/*!40101 SET @saved_cs_client     = @@character_set_client */;
/*!40101 SET character_set_client = utf8 */;
CREATE TABLE `users_payments` (
  `id` bigint(20) unsigned NOT NULL AUTO_INCREMENT COMMENT 'id способа оплаты',
  `user_id` bigint(20) unsigned NOT NULL COMMENT 'id пользователя',
  `card_data` text NOT NULL COMMENT 'данные банковской карты в каком-то зашифрованном виде',
  `payment_id` tinyint(3) unsigned DEFAULT NULL COMMENT 'id типа оплаты',
  `created_at` datetime NOT NULL DEFAULT CURRENT_TIMESTAMP,
  `updated_at` datetime DEFAULT CURRENT_TIMESTAMP ON UPDATE CURRENT_TIMESTAMP,
  PRIMARY KEY (`id`),
  UNIQUE KEY `id` (`id`),
  KEY `users_payments_payment_id_fk` (`payment_id`),
  KEY `users_payments_user_id_fk` (`user_id`),
  CONSTRAINT `users_payments_payment_id_fk` FOREIGN KEY (`payment_id`) REFERENCES `payments` (`id`),
  CONSTRAINT `users_payments_user_id_fk` FOREIGN KEY (`user_id`) REFERENCES `users` (`id`)
) ENGINE=InnoDB AUTO_INCREMENT=81 DEFAULT CHARSET=latin1 COMMENT='Профили оплаты пользователей (данные карт)';
/*!40101 SET character_set_client = @saved_cs_client */;

--
-- Dumping data for table `users_payments`
--

LOCK TABLES `users_payments` WRITE;
/*!40000 ALTER TABLE `users_payments` DISABLE KEYS */;
INSERT INTO `users_payments` VALUES (1,3,'velit esse cillum dolore eu fugiat ',2,'1990-05-09 06:13:11','2008-07-14 17:26:43'),(2,7,'irure dolor in reprehenderit in voluptate velit esse cillum dolore eu fugiat nulla pariatur. Except',2,'1991-02-13 18:31:54','2002-01-03 12:45:04'),(3,35,'in voluptate velit esse cillum dolore eu fugiat nulla pariatur. Excepteur sint occaec',2,'1992-02-17 22:27:25','1995-03-31 17:19:30'),(4,53,'incididunt ut labore et dolore magna aliqua. Ut enim ad minim veniam, quis nostrud exercitation ulla',1,'2008-12-20 02:42:10','2016-06-04 17:50:54'),(5,51,'adipiscing elit, sed do eiusmod tempor incididunt ut labore et',1,'1988-05-29 18:41:40','2005-03-27 13:54:55'),(6,65,'non proident, sunt in culpa qui officia deserunt mollit anim ',1,'1990-04-27 13:23:43','1992-05-23 13:05:45'),(7,34,'ullamco laboris nisi ut aliquip ex ea com',2,'1993-06-04 21:26:10','2015-12-16 11:52:46'),(8,63,'aliqua. Ut enim ad minim veniam, quis nostrud exercitation ullamco laboris nisi',1,'2001-03-03 07:40:59','1998-07-20 02:20:26'),(9,12,'ad minim veniam, quis nostrud exercitation ullamco laboris nisi ut',2,'2016-10-19 21:38:36','2013-05-09 04:30:23'),(10,16,'esse cillum dolore eu fugiat nulla pariatur. Excepteur',1,'2000-10-15 05:07:15','1996-09-24 23:08:17'),(11,54,'Excepteur sint occaecat cupidatat non proi',2,'1987-01-27 04:00:35','2014-02-18 21:31:26'),(12,35,'aliqua. Ut enim ad minim veniam, quis nostrud exercitation ullamco laboris nisi ut aliquip',1,'1984-06-30 07:42:49','1996-05-13 14:25:39'),(13,70,'ea commodo consequat. Duis aute irure dolor in ',2,'2014-07-02 19:30:44','1998-08-29 08:02:29'),(14,12,'deserunt mollit anim id est laborum.Lorem',1,'1994-03-02 12:36:47','2018-10-01 18:18:31'),(15,29,'mollit anim id est laborum.Lorem ipsum dolor sit amet, consectetur adipiscing elit, sed do ei',1,'1989-03-13 12:45:39','1994-09-07 01:29:44'),(16,33,'ut labore et dolore magna aliqua. Ut enim ad minim veniam, quis nostrud exercitation ullamco l',1,'2011-12-03 12:11:08','1986-06-08 17:18:44'),(17,7,'est laborum.Lorem ipsum dolor sit ame',1,'2002-05-01 02:59:58','1983-04-24 19:12:43'),(18,31,'cupidatat non proident, sunt in culpa qui officia deserunt mollit anim id est laborum.Lore',2,'2018-02-02 21:45:26','1991-04-15 07:33:33'),(19,16,'exercitation ullamco laboris nisi ut aliquip ex e',2,'1982-10-13 05:45:59','2003-09-14 22:25:04'),(20,63,'minim veniam, quis nostrud exercitation ullamco laboris nisi ut aliquip ex ea commodo conse',2,'2016-09-07 03:19:10','1987-10-13 06:54:06'),(21,46,'veniam, quis nostrud exercitation ullamco laboris nisi ut aliquip ex e',1,'1990-12-20 11:06:55','2007-11-01 05:26:40'),(22,51,'nisi ut aliquip ex ea commodo consequat. Duis aute irure dolor in reprehenderit ',1,'1992-08-01 10:20:04','2006-08-22 17:37:32'),(23,53,'mollit anim id est laborum.Lorem ip',1,'2002-06-29 09:28:30','2013-09-06 00:25:55'),(24,20,'consequat. Duis aute irure dolor in r',2,'2010-10-16 20:34:20','1991-01-09 18:28:39'),(25,25,'proident, sunt in culpa qui officia deserunt mollit anim id',1,'2003-09-22 12:01:00','2018-03-21 21:25:39'),(26,11,'orum.Lorem ipsum dolor sit amet, cons',1,'1988-09-15 06:55:09','1990-01-27 05:12:06'),(27,17,'nisi ut aliquip ex ea commodo consequat. ',1,'1988-01-02 04:23:47','1999-06-14 23:42:11'),(28,27,'borum.Lorem ipsum dolor sit amet, consectetur adipiscing elit, sed do eiusmod tempor incididunt ut',1,'1988-04-03 01:25:48','2019-05-10 13:34:59'),(29,64,'irure dolor in reprehenderit in voluptate velit esse cillum dolore eu fugiat nulla pariatur. Excep',2,'2006-11-12 03:33:23','1998-01-25 11:40:59'),(30,12,'adipiscing elit, sed do eiusmod tempor incididunt ut labore et dolore ma',1,'2007-12-08 23:45:17','2015-05-21 01:55:48'),(31,16,'dolore eu fugiat nulla pariatur. Excepteur sint occaecat cupidatat non proide',2,'1994-06-02 10:13:30','1987-11-30 13:18:38'),(32,17,'consectetur adipiscing elit, sed do eius',2,'1996-04-24 10:47:27','1981-07-18 12:15:36'),(33,44,'in voluptate velit esse cillum dolore eu fugiat nulla pariatur. Excepteu',2,'2007-12-06 22:07:00','2008-06-20 06:55:00'),(34,12,'velit esse cillum dolore eu fugiat nul',2,'2010-07-20 14:16:26','2006-01-12 12:23:00'),(35,3,'irure dolor in reprehenderit in voluptate velit esse cillum dolore eu fugiat nulla par',1,'2011-05-27 14:12:27','2012-04-07 12:37:06'),(36,32,'adipiscing elit, sed do eiusmod tempor ',2,'2010-03-29 15:53:56','1980-03-03 10:30:03'),(37,44,'velit esse cillum dolore eu fugiat nulla pariatur. Excepteur sint occae',1,'1995-02-03 01:08:03','1992-11-26 14:41:29'),(38,27,'cupidatat non proident, sunt in culpa qui officia deserunt mollit anim id est laborum.L',1,'2002-05-26 18:33:24','2004-10-01 12:29:37'),(39,52,'incididunt ut labore et dolore magna aliqua. Ut enim',1,'2015-05-18 01:49:01','1982-01-02 14:41:52'),(40,60,'anim id est laborum.Lorem ipsum dolor sit amet, consectetur adipiscing',2,'2008-09-13 13:32:26','1981-08-19 19:52:24'),(41,3,'eu fugiat nulla pariatur. Excepteur sint occaecat cupidatat non proident, sunt in culpa q',2,'2014-05-26 03:21:52','2003-10-09 12:29:34'),(42,57,'ea commodo consequat. Duis aute i',2,'2008-05-31 04:43:16','1998-04-24 17:52:33'),(43,7,'dolor sit amet, consectetur adipisc',1,'2002-02-11 03:57:29','2004-07-27 14:39:34'),(44,16,'reprehenderit in voluptate velit esse cillum dolore eu fugia',2,'2002-11-13 02:12:14','1991-10-05 23:24:58'),(45,38,'non proident, sunt in culpa qui officia d',2,'2008-08-21 10:23:33','1997-10-02 13:17:45'),(46,51,'ex ea commodo consequat. Duis aute irure dolor in reprehenderit in voluptate velit esse cillum d',2,'2019-10-18 23:30:37','2009-01-18 14:14:04'),(47,66,'laboris nisi ut aliquip ex ea commodo consequat. Duis aute irure dolor in reprehe',1,'1986-06-12 12:58:37','2016-01-11 23:44:41'),(48,5,'deserunt mollit anim id est laborum.Lorem ipsum dolor sit amet, cons',2,'2005-04-06 20:55:55','1985-04-01 21:09:15'),(49,41,'sunt in culpa qui officia deserunt mollit anim ',1,'1984-08-15 08:55:42','2002-02-17 02:01:56'),(50,66,'qui officia deserunt mollit anim id est laborum.Lorem ipsum do',2,'2016-03-22 08:12:48','2018-02-11 03:50:39'),(51,19,'ex ea commodo consequat. Duis aute irure dolor in reprehenderit',1,'1982-08-01 09:29:12','2015-12-22 05:53:41'),(52,5,'non proident, sunt in culpa qui officia dese',1,'2010-04-23 01:53:37','2014-05-31 12:42:02'),(53,37,'sint occaecat cupidatat non proide',2,'2009-10-17 12:38:35','1980-06-23 10:47:33'),(54,55,'laborum.Lorem ipsum dolor sit amet, consectetur',2,'2010-06-21 19:01:58','1995-06-24 05:56:58'),(55,44,'exercitation ullamco laboris nisi ut aliquip ex ea commodo consequat. Duis',2,'1982-10-05 03:13:10','2002-04-25 20:04:05'),(56,53,'magna aliqua. Ut enim ad minim veniam, quis nostrud exercitation ullamco laboris nisi ut aliqui',1,'1986-10-07 14:21:11','1993-03-07 18:57:40'),(57,57,'cupidatat non proident, sunt in culpa qui officia deserunt mollit anim id est laborum.Lorem ips',2,'2015-04-25 20:49:47','2009-04-17 14:47:05'),(58,49,'Ut enim ad minim veniam, quis nostrud exercitation ullamco laboris nisi ut',1,'2015-08-22 02:52:38','2018-01-27 23:10:53'),(59,26,'et dolore magna aliqua. Ut enim ad minim ',1,'1988-07-03 20:17:29','1999-09-29 10:47:51'),(60,13,'veniam, quis nostrud exercitation ullamco laboris nisi ut aliquip ex ea co',2,'1991-11-19 04:53:14','1983-09-07 05:51:01'),(61,4,'in reprehenderit in voluptate velit esse cillum dolore eu fugiat nulla pariatur. Exce',1,'1997-01-09 18:35:53','2019-05-28 15:44:00'),(62,14,'sit amet, consectetur adipiscing elit, sed do eiusmod tempor ',2,'2013-08-11 15:47:10','1998-01-26 08:51:22'),(63,42,'laborum.Lorem ipsum dolor sit amet, consectetur adipiscing elit',1,'1992-08-25 11:44:01','2014-09-17 12:30:32'),(64,34,'exercitation ullamco laboris nisi ut aliquip ex ea commodo consequat. Duis aute irure',1,'1990-07-27 11:47:28','1999-03-27 04:46:41'),(65,30,'Excepteur sint occaecat cupidatat non ',1,'1988-04-09 06:24:32','2001-09-12 20:23:16'),(66,17,'occaecat cupidatat non proident, sunt in culpa qui officia deser',2,'1985-09-04 15:51:19','1990-11-11 23:52:13'),(67,41,'ullamco laboris nisi ut aliquip ex ea commodo consequat. Duis aute irure dolor in reprehenderi',1,'1997-11-15 17:01:45','1997-04-24 07:12:15'),(68,61,'aute irure dolor in reprehenderit in volupta',1,'1997-04-07 21:36:14','2004-11-23 13:14:18'),(69,30,'sint occaecat cupidatat non proiden',1,'1993-05-29 15:57:35','2003-05-14 07:41:39'),(70,37,'Duis aute irure dolor in reprehenderit in voluptate velit esse cillum dolore eu fugiat nulla',2,'2018-09-26 02:59:33','2012-05-16 21:26:33'),(71,42,'dolor in reprehenderit in voluptate velit esse cil',1,'1987-10-10 22:05:36','2014-07-26 06:41:21'),(72,13,'pariatur. Excepteur sint occaecat cupidatat non proident, sunt in culpa qui officia d',2,'2019-07-14 15:08:39','2017-10-28 18:06:17'),(73,52,'adipiscing elit, sed do eiusmod tempor incididunt ut labore et dolore m',1,'1991-09-21 21:48:15','1992-07-06 01:32:26'),(74,62,'dolor in reprehenderit in voluptate velit esse cillum dolore eu fu',1,'2006-02-09 02:40:44','2001-11-24 06:50:27'),(75,64,'sint occaecat cupidatat non proident, sunt in culpa qui officia deserunt mollit anim id es',1,'1988-08-08 14:25:03','1981-01-03 02:41:51'),(76,16,'nulla pariatur. Excepteur sint occaecat cupidatat non',1,'2003-05-22 03:04:46','1986-08-04 05:57:19'),(77,68,'dolor sit amet, consectetur adipiscing elit, sed do eiusmod te',2,'1998-06-10 05:29:11','1992-05-27 03:19:07'),(78,54,'elit, sed do eiusmod tempor incid',1,'1987-02-03 03:24:02','1997-01-22 01:29:48'),(79,69,'nisi ut aliquip ex ea commodo consequat. Duis aute irure dolor in reprehenderit in voluptate ',1,'1993-08-23 22:11:36','1991-09-25 13:21:51'),(80,67,'exercitation ullamco laboris nisi ut aliquip ex ea commodo consequat. Duis aute irure dolor ',1,'1993-08-09 19:13:11','1996-09-07 00:33:55');
/*!40000 ALTER TABLE `users_payments` ENABLE KEYS */;
UNLOCK TABLES;

--
-- Table structure for table `users_pets`
--

DROP TABLE IF EXISTS `users_pets`;
/*!40101 SET @saved_cs_client     = @@character_set_client */;
/*!40101 SET character_set_client = utf8 */;
CREATE TABLE `users_pets` (
  `id` bigint(20) unsigned NOT NULL AUTO_INCREMENT COMMENT 'id питомца',
  `user_id` bigint(20) unsigned NOT NULL COMMENT 'id пользователя',
  `pet_type_id` smallint(5) unsigned NOT NULL COMMENT 'id типа питомца',
  `name` varchar(255) NOT NULL COMMENT 'имя питомца',
  `photo` varchar(255) DEFAULT NULL COMMENT 'Фото питомца пользователя',
  `created_at` datetime NOT NULL DEFAULT CURRENT_TIMESTAMP,
  `updated_at` datetime DEFAULT CURRENT_TIMESTAMP ON UPDATE CURRENT_TIMESTAMP,
  PRIMARY KEY (`id`),
  UNIQUE KEY `id` (`id`),
  KEY `users_pets_user_id_fk` (`user_id`),
  KEY `users_pets_pet_type_id_fk` (`pet_type_id`),
  CONSTRAINT `users_pets_pet_type_id_fk` FOREIGN KEY (`pet_type_id`) REFERENCES `pets_type` (`id`),
  CONSTRAINT `users_pets_user_id_fk` FOREIGN KEY (`user_id`) REFERENCES `users` (`id`)
) ENGINE=InnoDB AUTO_INCREMENT=41 DEFAULT CHARSET=latin1 COMMENT='Профили питомцев пользователей';
/*!40101 SET character_set_client = @saved_cs_client */;

--
-- Dumping data for table `users_pets`
--

LOCK TABLES `users_pets` WRITE;
/*!40000 ALTER TABLE `users_pets` DISABLE KEYS */;
INSERT INTO `users_pets` VALUES (1,19,7,'reprehen','nisi ut aliquip ','1994-03-14 05:11:48','2015-05-24 17:31:37'),(2,12,5,'quis nostru','duis aute irure do','1991-05-06 08:09:22','2009-12-09 08:50:00'),(3,14,6,'sunt in cul','cupidatat non proi','2013-02-21 09:28:53','1988-08-28 23:03:11'),(4,14,3,'mollit ani','nisi ut aliqui','1998-04-29 21:05:27','1993-01-26 14:08:25'),(5,4,5,'aliquip ex ','eu fugiat nulla p','1985-01-25 05:40:33','2009-02-07 00:18:17'),(6,6,7,'magna aliq','esse cillum d','1981-04-26 10:56:19','1984-08-09 00:05:18'),(7,4,4,'eu fugiat null','excepteur sin','1985-10-15 23:25:49','2013-09-21 14:19:35'),(8,2,2,'labore et dolor','eu fugiat nu','2010-05-05 18:09:58','1984-11-14 14:52:58'),(9,14,2,'do eiusmod','incididunt ut ','2004-04-03 06:13:28','1998-11-17 20:50:39'),(10,16,4,'ea comm','ut aliquip ex e','1980-02-23 16:13:12','1990-11-27 15:26:52'),(11,14,7,'m.Lorem','aute irure dolor ','1989-08-22 20:51:58','1989-11-09 01:36:13'),(12,19,3,'et dolore','occaecat cupidatat','2009-08-23 14:24:19','2011-08-02 00:21:36'),(13,17,1,'ullamco la','dolore eu f','1992-11-27 04:51:13','1982-09-07 19:43:43'),(14,4,3,'ad minim v','quis nostru','2000-07-08 12:59:35','1983-12-09 14:42:11'),(15,12,3,'nisi ut aliqu','excepteur sint occ','2013-01-04 21:47:59','2005-11-26 00:59:24'),(16,12,7,'velit esse ','nostrud ex','2015-06-23 21:32:05','1994-02-12 00:13:20'),(17,20,7,'aliqua. Ut enim','dolor sit amet, c','1997-07-01 00:53:32','1997-01-26 23:05:40'),(18,12,1,'sint occaec','id est labor','1999-11-07 00:41:57','1980-08-13 03:10:46'),(19,11,1,'commodo conse','ut labore ','1998-10-15 20:08:06','2007-08-26 18:47:30'),(20,13,4,'nulla par','occaecat c','2013-01-14 22:34:18','2010-02-08 23:34:04'),(21,15,2,'anim id est ','in voluptate veli','1984-09-26 06:42:19','2001-02-04 14:07:41'),(22,12,3,'consectetur ','esse cillum dolore ','1980-03-22 18:16:39','1988-07-10 23:31:41'),(23,1,1,'in volup','irure dolor ','2007-03-30 13:24:56','2019-03-26 19:33:29'),(24,8,7,'ullamco lab','ex ea commodo conse','1986-07-18 11:44:35','2019-11-18 19:39:11'),(25,6,5,'in culpa qui of','in voluptate ve','2018-03-03 08:38:50','1998-06-18 11:20:40'),(26,13,6,'non proide','proident, sun','2010-03-16 07:40:00','1989-04-17 03:36:09'),(27,8,2,'adipiscing eli','minim veniam, quis ','2008-10-09 15:59:31','1985-12-09 03:43:57'),(28,13,4,'in voluptate','lorem ipsum d','1991-02-13 06:05:04','1987-10-31 02:02:36'),(29,19,7,'nostrud exer','quis nostrud e','1999-03-28 01:55:36','2006-09-20 10:10:24'),(30,14,5,'eiusmod tempor ','veniam, qui','1985-09-13 05:37:53','2004-03-02 18:32:18'),(31,1,6,'proident, sun','elit, sed do ','1995-10-08 09:01:24','2010-06-12 20:04:02'),(32,10,7,'ex ea co','dolore eu fugiat ','1981-04-22 21:53:48','2002-12-28 17:09:25'),(33,19,4,'adipiscing el','nostrud exercitati','1987-01-18 20:10:43','2003-10-27 11:01:08'),(34,12,5,'veniam, qui','tempor incididunt ','1982-12-15 17:56:40','2016-01-31 11:34:05'),(35,11,6,'in repre','laboris nisi u','1991-04-08 12:23:07','1986-09-17 06:53:49'),(36,14,7,'dolore ma','irure dolor in r','2018-06-12 11:04:30','2005-05-05 00:50:00'),(37,10,2,'culpa qui o','incididunt ut labo','2016-07-24 15:52:58','1998-02-28 06:58:18'),(38,8,1,'incididunt u','ullamco labo','1985-07-31 05:45:05','2007-05-23 09:54:40'),(39,14,4,'Excepteur ','et dolore m','1999-03-11 06:50:10','1981-08-26 20:49:46'),(40,17,1,'non proide','culpa qui of','1984-12-12 06:47:57','2011-09-03 09:17:30');
/*!40000 ALTER TABLE `users_pets` ENABLE KEYS */;
UNLOCK TABLES;

--
-- Table structure for table `users_video`
--

DROP TABLE IF EXISTS `users_video`;
/*!40101 SET @saved_cs_client     = @@character_set_client */;
/*!40101 SET character_set_client = utf8 */;
CREATE TABLE `users_video` (
  `id` bigint(20) unsigned NOT NULL AUTO_INCREMENT COMMENT 'id видео',
  `product_id` bigint(20) unsigned NOT NULL COMMENT 'id товара',
  `link` varchar(255) NOT NULL COMMENT 'Ссылка на видео на сервере',
  `user_id` bigint(20) unsigned NOT NULL COMMENT 'id пользователя',
  PRIMARY KEY (`id`),
  UNIQUE KEY `id` (`id`),
  KEY `users_video_product_id_fk` (`product_id`),
  KEY `users_video_user_id_fk` (`user_id`),
  CONSTRAINT `users_video_product_id_fk` FOREIGN KEY (`product_id`) REFERENCES `products` (`id`),
  CONSTRAINT `users_video_user_id_fk` FOREIGN KEY (`user_id`) REFERENCES `users` (`id`)
) ENGINE=InnoDB AUTO_INCREMENT=21 DEFAULT CHARSET=latin1 COMMENT='Видео от пользователей к товарам';
/*!40101 SET character_set_client = @saved_cs_client */;

--
-- Dumping data for table `users_video`
--

LOCK TABLES `users_video` WRITE;
/*!40000 ALTER TABLE `users_video` DISABLE KEYS */;
INSERT INTO `users_video` VALUES (1,1,'elit, sed do e',17),(2,24,'est laborum.',10),(3,8,'ad minim v',9),(4,21,'ut labore et',9),(5,16,'ipsum dolo',13),(6,13,'laboris nisi u',15),(7,15,'quis nostrud ex',18),(8,7,'elit, sed do e',18),(9,3,'duis aute iru',17),(10,25,'ut enim ad mi',11),(11,14,'cillum do',18),(12,1,'adipiscing el',3),(13,26,'laborum.lorem',13),(14,2,'duis aute i',17),(15,26,'sunt in c',10),(16,4,'ut labor',13),(17,5,'eu fugiat nulla',17),(18,24,'nulla paria',4),(19,2,'laboris ni',20),(20,9,'cupidat',2);
/*!40000 ALTER TABLE `users_video` ENABLE KEYS */;
UNLOCK TABLES;

--
-- Table structure for table `warehouses`
--

DROP TABLE IF EXISTS `warehouses`;
/*!40101 SET @saved_cs_client     = @@character_set_client */;
/*!40101 SET character_set_client = utf8 */;
CREATE TABLE `warehouses` (
  `id` bigint(20) unsigned NOT NULL AUTO_INCREMENT,
  `name` varchar(255) NOT NULL COMMENT 'Название',
  `shop_id` mediumint(8) unsigned NOT NULL COMMENT 'id продавца - владельца склада',
  `region_id` bigint(20) unsigned NOT NULL COMMENT 'id региона, к которому привязан склад',
  `price` int(10) unsigned DEFAULT NULL COMMENT 'Цена самовывоза',
  `pickup_point` tinyint(1) DEFAULT NULL COMMENT 'Если не ноль, то склад является пунктом самовывоза. Если 0 - то не является',
  `created_at` datetime DEFAULT CURRENT_TIMESTAMP,
  `updated_at` datetime DEFAULT CURRENT_TIMESTAMP ON UPDATE CURRENT_TIMESTAMP,
  PRIMARY KEY (`id`),
  UNIQUE KEY `id` (`id`),
  KEY `warehouses_shop_id_fk` (`shop_id`),
  KEY `warehouses_region_id_fk` (`region_id`),
  KEY `warehouses_name_idx` (`name`),
  KEY `warehouses_price_idx` (`price`),
  CONSTRAINT `warehouses_region_id_fk` FOREIGN KEY (`region_id`) REFERENCES `regions` (`id`),
  CONSTRAINT `warehouses_shop_id_fk` FOREIGN KEY (`shop_id`) REFERENCES `shops` (`id`)
) ENGINE=InnoDB AUTO_INCREMENT=101 DEFAULT CHARSET=latin1 COMMENT='Склады продавцов';
/*!40101 SET character_set_client = @saved_cs_client */;

--
-- Dumping data for table `warehouses`
--

LOCK TABLES `warehouses` WRITE;
/*!40000 ALTER TABLE `warehouses` DISABLE KEYS */;
INSERT INTO `warehouses` VALUES (1,'consequat. Duis aute irure dolor ',14,7,30911,0,'2006-01-20 16:12:39','2004-09-03 14:17:07'),(2,'ad minim veniam, quis nostrud exercitation ullamco laboris',7,13,13141,1,'2008-03-28 14:52:07','2019-07-31 16:50:01'),(3,'quis nostrud exercitation ullamco laboris nisi ut aliquip',1,13,30490,0,'1995-09-11 13:50:00','2013-01-02 04:29:29'),(4,'ut labore et dolore magna aliqua. Ut enim ad minim veniam, quis n',11,7,16417,0,'1993-01-05 06:46:30','1991-12-12 15:53:40'),(5,'non proident, sunt in culpa qui officia deserunt mollit anim id est laborum.Lorem ipsum dolor sit am',11,2,26898,0,'2017-03-28 05:30:12','2003-04-24 14:09:10'),(6,'dolor sit amet, consectetur adipisc',17,7,21142,1,'1983-11-03 13:18:38','2019-07-31 16:50:01'),(7,'ipsum dolor si',9,1,608,0,'2010-06-20 00:16:01','1994-11-21 09:36:48'),(8,'Duis aute irure dolor in reprehenderit in voluptate velit esse cillum dolore eu ',8,11,16775,1,'2013-10-24 21:46:49','2019-07-31 16:50:01'),(9,'ex ea commodo consequat. Duis aute irure dolor in reprehe',6,8,6910,0,'2001-11-09 15:23:36','2013-01-11 16:04:17'),(10,'cupidatat ',3,8,11136,0,'1996-04-26 17:39:56','2014-09-09 05:43:28'),(11,'consectetur adipiscing el',7,7,16885,0,'2019-04-30 15:10:08','1986-12-01 18:36:09'),(12,'ullamco laboris nisi ut aliquip ex ea commodo c',17,1,22576,1,'2015-09-14 08:02:32','2019-07-31 16:50:01'),(13,'consectetur adipiscing elit, sed do eiusmod tempor incididunt ut labore et dolore m',10,8,31661,0,'1983-04-07 17:01:32','2015-04-23 02:35:04'),(14,'eiusmod tempor incididunt ut labore et dolore magna aliqua. Ut e',13,5,27513,0,'1981-04-26 18:24:56','1999-08-12 01:28:54'),(15,'tempor incididunt ut labor',20,12,13579,0,'2011-04-25 13:37:26','2014-01-14 03:57:24'),(16,'ut aliquip ex ea commodo consequat. Duis aute irure dolor in',13,10,27638,1,'1993-06-27 14:07:27','2019-07-31 16:50:01'),(17,'anim id est laborum.Lorem ipsum dolor sit amet, consectetur adipiscing elit, sed do eiusm',11,12,23950,0,'1986-09-27 16:56:17','1996-07-10 12:30:53'),(18,'ullamco laboris nisi ut aliquip ex ea commodo consequat. Duis aute irure',6,4,4135,0,'1995-10-16 23:07:32','2002-08-03 13:10:11'),(19,'eiusmod tempor incididunt',9,13,25185,0,'1983-02-18 06:50:20','1990-04-01 08:57:44'),(20,'sunt in culpa qui officia deserunt mollit anim id est laborum.Lorem ipsum dolor sit ame',17,6,25510,0,'2011-08-24 16:02:10','1983-03-14 22:24:00'),(21,'dolore magna aliqua. Ut enim ad minim veniam, quis nostrud exercitation',5,3,22606,1,'2007-05-02 16:06:19','2019-07-31 16:50:01'),(22,'nostrud exercitation ullamco laboris nisi ut aliquip ex ea commodo consequat. Dui',13,4,19956,0,'2018-08-11 22:27:20','1996-06-29 15:39:58'),(23,'qui officia deserunt mollit anim id est laborum.Lorem ipsum dolor sit amet, consectetur adipisc',1,3,2307,0,'2015-02-24 17:14:04','2016-08-31 06:30:20'),(24,'esse cillum dolore eu fugiat nulla pariatur. Excepteur s',11,9,8131,0,'1985-04-28 22:03:19','1990-06-30 00:42:16'),(25,'do eiusmod tempor incididunt ut labore et dolore magna aliqua. Ut enim ad minim veniam, quis nostru',5,8,13384,0,'2007-05-09 19:55:21','1984-04-03 21:37:57'),(26,'in culpa qui officia deserunt mollit anim id est laborum',20,1,6277,1,'1986-05-22 19:33:09','2019-07-31 16:50:01'),(27,'nostrud exercitation ullamco laboris nisi ut aliquip ex ',13,10,14889,0,'2018-12-25 18:39:29','2006-10-31 20:42:57'),(28,'ex ea commodo consequat. Duis aute irure dolor in reprehenderit in voluptate velit esse cillum dol',14,11,131,0,'1989-05-13 03:53:03','2010-07-24 19:48:55'),(29,'aliqua. Ut enim ad minim veniam, quis nostrud exercitation ull',12,13,29817,0,'2001-07-15 10:31:28','2017-04-23 21:09:13'),(30,'culpa qui officia deserunt mollit anim id est laborum.Lorem ipsum dolor sit amet, co',5,6,26857,0,'2000-04-24 08:47:09','1985-07-30 17:28:35'),(31,'Duis aute irure dolor in reprehenderit in voluptate velit esse ',10,10,21549,1,'2009-12-27 03:23:41','2019-07-31 16:50:02'),(32,'nisi ut aliquip ex ea commo',4,6,3140,0,'1985-12-10 01:36:04','2010-02-05 16:54:55'),(33,'in reprehenderit in voluptate velit esse cillum dolore eu fugiat nulla ',5,1,16182,0,'1986-04-16 14:05:00','2006-02-17 22:13:46'),(34,'Duis aute irure dolor in reprehenderit in volupta',20,8,8789,0,'1982-12-05 08:04:05','1983-04-08 08:11:00'),(35,'in vol',12,3,11290,0,'2000-10-05 09:54:12','1991-10-24 04:33:48'),(36,'et',4,9,14583,1,'1982-03-10 15:01:00','2019-07-31 16:50:02'),(37,'ea commodo consequat. Duis aute irure dolor in reprehenderit in voluptate velit',3,10,5067,0,'2018-05-27 04:11:26','2009-08-11 19:07:38'),(38,'reprehenderit in voluptate velit esse cillum dolore eu fugi',6,11,23948,0,'2012-03-29 15:40:25','1994-02-27 17:31:50'),(39,'mollit anim id est laborum.Lorem ipsum dolor sit amet, consectetur ad',1,2,28336,0,'1993-10-06 09:03:31','2002-03-10 04:20:00'),(40,'do eiusmod tempor incididun',3,11,19098,1,'1990-08-30 22:01:56','2019-07-31 16:50:02'),(41,'quis nostrud exercitation ull',5,6,24365,0,'2010-03-03 04:26:28','1981-12-22 08:42:24'),(42,'cupidatat non proident, sunt in culpa qui officia deserunt mollit anim ',11,1,7961,0,'2008-08-10 18:39:33','2015-11-02 04:49:24'),(43,'deserunt mollit anim id est laborum.Lorem ipsum dolor sit amet, consectetur adipiscing elit, sed do',20,1,17177,1,'2001-08-06 01:01:29','2019-07-31 16:50:02'),(44,'Ut enim ad minim veniam, quis nostrud exercitation ullamco laboris n',2,12,17752,0,'1985-06-10 23:29:32','1988-01-19 17:50:29'),(45,'ad minim veniam, quis nostrud exercitation ullamco laboris nisi ut aliquip ex ea commodo ',11,12,12571,0,'2009-07-17 17:57:03','1983-09-19 23:05:30'),(46,'laborum.Lorem ipsum dolor sit amet, consec',11,10,14364,1,'1998-07-02 09:01:28','2019-07-31 16:50:02'),(47,'veniam, qui',10,10,21551,0,'2003-12-05 05:41:27','2008-11-13 07:30:28'),(48,'velit esse cillum dolore eu fugiat nulla pariatur. Excepteur sint occaecat cupidatat non proiden',6,7,16377,0,'2009-05-23 10:51:11','2015-05-13 13:03:14'),(49,'Ut enim ad minim veniam, ',6,4,26152,1,'1996-05-24 23:52:03','2019-07-31 16:50:02'),(50,'aute irure dolor in reprehenderit in voluptate velit esse cillum dolore eu ',19,6,4900,0,'1994-11-05 20:30:16','2004-08-02 11:29:06'),(51,'sed do eiusmod tempor incididunt ut labore et dolor',5,4,32507,0,'2005-01-14 15:01:23','2006-10-27 00:45:56'),(52,'labore et dolore magna aliqua. Ut enim ad minim veniam, quis nostrud exercit',4,7,16780,0,'1995-07-14 11:44:59','2000-03-31 14:53:02'),(53,'laboris nisi ut aliquip ex ea commodo consequat. Duis aute irure dolor in reprehenderit in volu',19,10,19541,1,'1989-11-11 20:17:51','2019-07-31 16:50:02'),(54,'sit amet, consectetur a',16,12,29925,0,'1980-05-17 10:22:50','2005-12-07 23:23:51'),(55,'inci',8,2,5086,0,'2015-09-19 12:07:46','1990-01-02 21:21:48'),(56,'non proident, sunt in culpa qui officia deserunt mollit anim id es',5,7,23573,0,'1999-12-19 05:28:29','2016-12-31 23:07:06'),(57,'um.Lorem ipsum dolor sit a',14,3,21171,0,'2015-04-02 12:10:32','2007-10-21 04:37:06'),(58,'non',17,2,7782,1,'1990-09-22 20:22:06','2019-07-31 16:50:02'),(59,'laboris nisi ut aliquip ex ea commodo consequat. Duis aute iru',17,13,17918,0,'1983-02-04 15:37:55','1989-10-24 07:55:17'),(60,'incididunt ut labo',1,1,26779,0,'1992-06-06 18:40:02','1986-02-27 02:29:45'),(61,'nulla pariatur. Excepteur sint occaecat cupidatat non pro',6,5,6086,0,'2000-05-24 01:52:24','2002-06-22 01:07:14'),(62,'proident, sunt in culpa qui officia deserunt mollit anim id est laborum',2,7,5629,1,'1992-10-11 23:07:46','2019-07-31 16:50:02'),(63,'consequat. Duis aute irure dolor in reprehenderit in volup',8,7,27746,0,'2004-02-22 12:21:06','1982-08-08 14:11:37'),(64,'nulla',9,12,13129,1,'2002-12-31 18:21:13','2019-07-31 16:50:02'),(65,'cillum dolore eu fugiat nulla par',17,8,17872,0,'1985-10-28 01:22:22','1987-09-20 08:46:53'),(66,'commodo consequa',9,9,5313,0,'1993-08-09 02:20:28','1986-09-26 19:05:34'),(67,'amet, consectetur adipiscing eli',5,5,1806,0,'1990-12-05 22:37:44','1994-02-15 03:02:57'),(68,'velit esse cillum dolore eu fugiat nulla pariatur. Excepteur sint occaecat cupidatat ',11,12,16268,1,'1997-06-30 12:00:20','2019-07-31 16:50:03'),(69,'dolore magna aliqua. Ut enim ad minim veniam, quis nostrud exercitation ullamco laboris nisi ut aliq',5,9,8675,0,'2000-12-16 17:43:21','1987-05-15 09:53:03'),(70,'magna aliqua. Ut enim ad minim veniam, quis nos',20,4,21937,0,'2010-11-15 02:42:20','1991-09-16 20:06:10'),(71,'mol',11,7,12210,0,'1995-02-18 00:03:08','2002-07-14 09:50:21'),(72,'incididunt ut labore et dolo',1,11,5219,0,'1990-05-10 12:39:40','1983-07-23 02:13:05'),(73,'non proident, sunt in culpa qui officia deserunt mollit anim id est laborum.Lorem',9,10,1763,1,'1997-10-07 03:44:57','2019-07-31 16:50:03'),(74,'pariatur. Excepteur sint occaecat cupidatat non proident, sunt in culpa qui officia deserunt molli',13,10,19759,0,'1992-03-12 03:49:58','1980-07-13 02:34:48'),(75,'quis nostrud exercitation ullamco laboris nisi',1,1,10739,0,'1992-08-05 02:34:03','1987-02-04 14:51:24'),(76,'dolor in reprehenderit in',5,1,9092,0,'1992-04-15 15:47:51','1993-05-19 07:11:27'),(77,'dolore ma',11,3,24238,1,'1987-03-30 09:31:41','2019-07-31 16:50:03'),(78,'laborum.Lorem i',10,7,7512,0,'1983-08-06 13:28:40','1998-12-31 15:55:05'),(79,'sint occaecat cupidatat non proident, sunt in culpa',2,13,3613,0,'2017-03-21 00:04:25','1994-07-08 05:36:40'),(80,'aliqua. Ut e',11,12,20177,0,'2015-12-09 15:08:50','1984-01-17 00:51:44'),(81,'inc',20,4,28982,0,'1980-07-15 01:27:24','1982-05-05 17:09:59'),(82,'exercitation ullamco laboris nisi ut ali',2,4,1213,1,'1986-05-23 16:20:57','2019-07-31 16:50:03'),(83,'proident, sunt in culpa qui officia deserunt mollit anim id est laborum.Lore',1,8,32711,0,'2016-04-21 15:05:50','1998-05-23 19:55:34'),(84,'sunt in culpa qui o',11,9,28041,1,'1999-03-18 21:12:31','2019-07-31 16:50:03'),(85,'aliquip ex ea commodo consequat. Duis aute irure dolor in reprehenderit in volup',15,13,24024,0,'2011-03-25 23:39:02','1993-10-16 02:05:00'),(86,'dolore magna aliqua. Ut enim ad minim veniam, quis nostrud exercitation ull',2,6,22465,0,'2015-07-07 03:46:26','2019-07-12 20:19:39'),(87,'in voluptate velit esse cillum dolore eu fugiat nulla pa',18,5,12015,1,'1993-01-03 04:35:48','2019-07-31 16:50:03'),(88,'ut labore',15,8,26249,0,'2006-08-26 10:55:36','2014-03-10 07:01:29'),(89,'labore et dolore magna aliqua. Ut enim ad minim veniam, quis nostrud exercitat',18,9,4878,0,'1982-02-05 13:06:49','1991-05-23 16:37:05'),(90,'Duis aute irure dolor in r',17,11,31708,1,'1993-10-15 23:07:59','2019-07-31 16:50:03'),(91,'qui officia deserunt mollit anim id est laborum.Lorem ipsum dolor sit am',3,5,32541,0,'2003-11-16 00:10:25','1998-12-22 16:30:53'),(92,'ut aliquip ex ea commodo consequat. Duis aute irure dolor in reprehenderit i',5,1,20775,0,'2014-09-14 11:07:20','2007-07-22 04:51:24'),(93,'ipsum dolor si',6,9,2316,1,'2004-03-19 10:35:32','2019-07-31 16:50:03'),(94,'in voluptate velit esse cillum dolore eu fugiat nulla pari',1,8,31278,0,'2004-09-09 05:19:58','2002-12-03 11:17:15'),(95,'sunt in culpa qui officia deserunt mollit anim id est laborum.Lorem ipsum dolor sit',15,2,2101,1,'2016-08-30 19:19:47','2019-07-31 16:50:03'),(96,'ut aliquip ex ea commodo consequat. Duis aute irure dolor in reprehenderit in voluptate ',18,10,28530,1,'1982-12-21 10:22:38','2019-07-31 16:50:04'),(97,'quis nostrud exercitation ulla',17,12,5628,1,'2019-10-11 05:59:05','2019-07-31 16:50:04'),(98,'nostrud exercitation ullamco ',15,3,21072,1,'1991-05-19 03:35:03','2019-07-31 16:50:04'),(99,'quis nostrud exercitation ullamco',17,10,13415,1,'1999-08-12 03:37:29','2019-07-31 16:50:04'),(100,'sunt in culpa qui officia deserunt mollit anim id est laborum.Lorem ipsum dolor sit amet, c',10,6,16778,0,'2008-01-15 21:35:11','1990-08-04 15:26:40');
/*!40000 ALTER TABLE `warehouses` ENABLE KEYS */;
UNLOCK TABLES;

--
-- Table structure for table `warehouses_stock`
--

DROP TABLE IF EXISTS `warehouses_stock`;
/*!40101 SET @saved_cs_client     = @@character_set_client */;
/*!40101 SET character_set_client = utf8 */;
CREATE TABLE `warehouses_stock` (
  `warehouse_id` bigint(20) unsigned NOT NULL COMMENT 'id склада',
  `product_variant_id` bigint(20) unsigned NOT NULL COMMENT 'id варианта товара',
  `qauntity` int(10) unsigned NOT NULL COMMENT 'кол-во товара на складе',
  PRIMARY KEY (`warehouse_id`,`product_variant_id`),
  KEY `warehouses_stock_product_variant_id_fk` (`product_variant_id`),
  CONSTRAINT `warehouses_stock_product_variant_id_fk` FOREIGN KEY (`product_variant_id`) REFERENCES `products_variants` (`id`),
  CONSTRAINT `warehouses_stock_warehouse_id_fk` FOREIGN KEY (`warehouse_id`) REFERENCES `warehouses` (`id`)
) ENGINE=InnoDB DEFAULT CHARSET=latin1 COMMENT='Кол-во вариантов товаров на складе продавца';
/*!40101 SET character_set_client = @saved_cs_client */;

--
-- Dumping data for table `warehouses_stock`
--

LOCK TABLES `warehouses_stock` WRITE;
/*!40000 ALTER TABLE `warehouses_stock` DISABLE KEYS */;
INSERT INTO `warehouses_stock` VALUES (1,8,6084),(1,69,29019),(1,211,16533),(1,263,28073),(1,407,10938),(1,412,11748),(1,435,23587),(1,507,30083),(1,530,16311),(1,549,28240),(1,610,22704),(1,620,26624),(1,638,20648),(1,647,14911),(1,692,17948),(1,719,14903),(1,760,17962),(1,803,25262),(1,951,18818),(1,1016,19206),(1,1025,16897),(2,58,28781),(2,242,21975),(2,247,31997),(2,271,11535),(2,527,15730),(2,549,417),(2,584,16067),(2,610,23424),(2,637,31091),(2,695,4057),(2,751,27904),(2,767,18519),(2,796,7184),(2,815,10814),(2,847,20040),(2,883,2201),(2,903,26257),(2,947,9182),(2,973,8587),(2,977,13246),(2,1026,18842),(3,9,2715),(3,71,3314),(3,199,32431),(3,222,31750),(3,370,21134),(3,422,1431),(3,472,188),(3,509,24033),(3,535,14058),(3,588,30200),(3,594,8777),(3,639,989),(3,681,14950),(3,695,19545),(3,770,10501),(3,772,28503),(3,886,18652),(3,893,25129),(3,901,4388),(3,939,3498),(3,952,1442),(3,977,5955),(4,111,13657),(4,129,9076),(4,245,9452),(4,254,19506),(4,263,26730),(4,303,10610),(4,418,19328),(4,541,25339),(4,616,10641),(4,754,23411),(4,757,17688),(4,766,31622),(4,807,3226),(4,984,12457),(4,1015,254),(4,1040,23037),(4,1044,31105),(5,64,31701),(5,83,25557),(5,86,12287),(5,375,31533),(5,407,13490),(5,483,15699),(5,544,29214),(5,619,3533),(5,657,3804),(5,692,9689),(5,917,4387),(5,957,16127),(5,1013,31472),(5,1054,28876),(5,1060,14052),(6,169,31615),(6,171,1872),(6,210,15214),(6,277,27144),(6,280,25829),(6,325,17140),(6,330,14829),(6,339,20082),(6,390,6998),(6,649,15550),(6,660,11890),(6,673,18894),(6,679,30470),(6,737,23878),(6,794,19215),(6,813,15074),(6,846,20054),(6,1013,2254),(6,1017,4793),(6,1040,8389),(7,126,3449),(7,145,16200),(7,187,31455),(7,205,5677),(7,254,29652),(7,257,17219),(7,311,5644),(7,324,11825),(7,382,19873),(7,396,2453),(7,451,32687),(7,498,1982),(7,507,6049),(7,554,4454),(7,569,18945),(7,996,31313),(7,1034,20799),(7,1064,31206),(8,12,5961),(8,54,24608),(8,104,13280),(8,109,23705),(8,161,26269),(8,213,16229),(8,335,20847),(8,339,23007),(8,345,16942),(8,442,9570),(8,483,11260),(8,543,10331),(8,607,6383),(8,681,27239),(8,708,30935),(8,771,8844),(8,838,32146),(8,867,31474),(8,891,25432),(8,1052,22431),(9,32,24359),(9,142,18608),(9,190,21215),(9,244,4370),(9,350,4456),(9,409,28141),(9,459,3705),(9,494,26829),(9,513,14644),(9,565,25895),(9,577,15979),(9,713,13112),(9,820,40),(9,824,8556),(9,857,5140),(9,941,26924),(9,1021,22334),(10,8,8314),(10,70,14671),(10,83,15592),(10,136,29296),(10,160,11248),(10,253,12597),(10,269,2987),(10,303,12244),(10,305,15314),(10,383,10366),(10,421,21379),(10,482,13758),(10,540,28567),(10,653,17894),(10,674,20829),(10,713,12389),(10,742,12986),(10,1016,24443),(11,11,2466),(11,28,17222),(11,54,13290),(11,278,16696),(11,309,25209),(11,324,4689),(11,348,12246),(11,371,13844),(11,374,3829),(11,387,10770),(11,403,15369),(11,459,11687),(11,466,24035),(11,561,10179),(11,619,12089),(11,640,16307),(11,657,363),(11,732,3246),(11,821,10963),(11,822,19824),(11,833,6454),(11,951,21217),(11,994,18148),(11,1064,8488),(12,29,7494),(12,43,28921),(12,85,6022),(12,342,5323),(12,405,19395),(12,430,20313),(12,550,30584),(12,560,16376),(12,801,22879),(12,804,2135),(12,831,22081),(12,896,8797),(12,928,17602),(12,953,31372),(12,1025,12350),(13,5,14783),(13,15,18656),(13,32,9915),(13,57,7162),(13,69,17193),(13,86,21482),(13,191,6479),(13,197,30028),(13,243,9514),(13,252,2976),(13,310,18415),(13,378,20982),(13,458,19016),(13,607,13251),(13,611,31556),(13,655,22067),(13,711,10383),(13,776,21101),(13,813,3088),(13,1001,13929),(14,36,15246),(14,75,19458),(14,101,10616),(14,108,969),(14,169,2929),(14,219,32726),(14,372,28757),(14,417,28186),(14,446,30029),(14,513,3586),(14,516,3020),(14,573,7015),(14,620,30725),(14,658,7610),(14,686,5055),(14,706,6266),(14,750,3913),(14,762,11877),(14,801,25410),(14,806,32262),(14,807,2725),(14,1042,17547),(14,1073,19596),(15,64,8351),(15,65,14995),(15,84,3963),(15,214,23032),(15,298,195),(15,380,17642),(15,395,23397),(15,428,6541),(15,474,974),(15,484,1652),(15,577,3780),(15,583,11531),(15,588,2110),(15,590,9650),(15,604,23177),(15,727,21164),(15,846,27651),(15,877,4981),(16,17,9392),(16,18,26725),(16,22,11376),(16,98,19165),(16,100,12115),(16,128,12660),(16,152,16820),(16,178,12753),(16,273,28000),(16,380,11032),(16,418,687),(16,421,1608),(16,467,13480),(16,513,29637),(16,593,28751),(16,598,24844),(16,605,27977),(16,746,9025),(16,827,14521),(16,880,6535),(16,901,31192),(16,950,4090),(16,980,1397),(16,981,4164),(16,1052,21487),(16,1053,24133),(17,13,12620),(17,48,20661),(17,73,29719),(17,114,30716),(17,133,9528),(17,160,30914),(17,194,3270),(17,297,18066),(17,358,28206),(17,365,24798),(17,375,14198),(17,394,8121),(17,496,2783),(17,531,5163),(17,594,26434),(17,610,30375),(17,658,15231),(17,698,29010),(17,754,15140),(17,792,17573),(17,830,10869),(17,866,14312),(17,925,21687),(17,1077,3260),(18,24,28448),(18,59,25218),(18,88,25681),(18,152,9271),(18,180,14849),(18,216,12481),(18,267,17540),(18,311,30645),(18,332,5737),(18,390,7912),(18,702,29312),(18,727,26545),(18,939,14595),(18,1034,13987),(18,1038,22795),(19,15,5987),(19,239,24777),(19,420,11356),(19,474,4765),(19,511,27358),(19,591,27157),(19,613,600),(19,648,15502),(19,649,310),(19,668,14425),(19,834,20097),(19,991,31179),(19,1020,13900),(20,21,443),(20,35,4383),(20,112,28171),(20,161,16143),(20,206,25258),(20,210,14173),(20,304,2809),(20,328,17935),(20,367,18384),(20,441,29435),(20,532,22626),(20,603,14285),(20,627,24702),(20,659,5037),(20,745,25046),(20,771,9358),(20,820,9845),(20,829,26487),(20,976,26301),(20,984,18877),(21,81,15700),(21,106,20766),(21,152,31119),(21,185,31852),(21,258,11341),(21,264,24151),(21,283,15711),(21,357,10426),(21,390,7883),(21,421,7627),(21,451,4645),(21,514,28107),(21,516,8921),(21,604,30141),(21,666,22575),(21,699,5700),(21,770,12115),(21,791,19824),(21,801,6463),(21,814,18378),(21,881,32347),(21,922,27976),(21,1003,5698),(22,39,2175),(22,114,29262),(22,143,16350),(22,182,29209),(22,219,11274),(22,326,1950),(22,332,13848),(22,409,20985),(22,520,13366),(22,550,25184),(22,755,7858),(22,837,16642),(22,848,20059),(22,1004,14500),(22,1007,1009),(22,1026,20148),(22,1053,14583),(23,41,6607),(23,75,15795),(23,98,10272),(23,183,7333),(23,284,20380),(23,294,31162),(23,471,18408),(23,504,17933),(23,540,26668),(23,552,11244),(23,571,14793),(23,602,4609),(23,669,20108),(23,817,7946),(23,824,14937),(23,843,30641),(23,850,10233),(23,873,9497),(23,901,1898),(23,903,11518),(23,1035,14689),(24,3,7149),(24,82,3379),(24,108,5062),(24,110,12337),(24,115,7700),(24,182,13165),(24,264,5450),(24,319,13050),(24,399,3675),(24,455,23613),(24,490,9537),(24,491,26222),(24,494,2941),(24,596,8101),(24,621,29521),(24,628,1505),(24,714,15517),(24,761,17901),(24,930,30242),(24,984,11601),(24,1038,29106),(25,96,15282),(25,227,26474),(25,241,22004),(25,292,29587),(25,375,25418),(25,381,31548),(25,389,21613),(25,402,14546),(25,455,27375),(25,594,4882),(25,605,29579),(25,606,11322),(25,668,2190),(25,679,7539),(25,711,16733),(25,744,25628),(25,785,1789),(25,821,12761),(25,867,3),(25,973,11690),(26,11,5731),(26,68,31579),(26,108,8766),(26,114,3031),(26,126,3509),(26,128,22771),(26,182,2731),(26,242,18784),(26,263,10424),(26,318,30307),(26,345,21918),(26,375,13775),(26,411,30696),(26,505,18846),(26,556,22355),(26,562,27172),(26,571,5785),(26,584,7618),(26,641,30499),(26,659,22412),(26,735,13649),(26,753,8403),(26,754,30558),(26,793,28773),(26,808,18827),(26,867,9719),(26,901,12506),(26,906,4082),(26,938,4555),(26,1034,6649),(26,1054,29062),(27,26,12042),(27,44,17294),(27,61,2696),(27,85,12384),(27,201,23196),(27,210,13512),(27,251,16645),(27,291,32065),(27,313,18987),(27,428,9647),(27,488,22323),(27,493,21196),(27,527,11905),(27,602,8786),(27,612,5718),(27,619,16629),(27,626,28489),(27,643,31914),(27,673,21916),(27,939,21766),(27,958,22413),(27,974,20582),(28,40,3015),(28,72,11147),(28,85,4583),(28,176,25013),(28,253,28097),(28,301,1501),(28,397,31815),(28,421,23154),(28,426,22986),(28,468,7592),(28,495,26825),(28,511,24327),(28,517,14946),(28,569,29076),(28,799,7165),(28,808,6237),(28,913,11239),(29,14,1118),(29,16,32141),(29,104,26973),(29,163,14963),(29,225,5728),(29,271,15555),(29,278,8213),(29,356,25320),(29,513,29974),(29,612,16734),(29,802,12281),(29,843,19535),(29,848,2763),(29,876,10533),(29,888,28323),(29,987,500),(29,992,32647),(30,9,7573),(30,69,20691),(30,186,26180),(30,194,25071),(30,200,22331),(30,315,32016),(30,335,21810),(30,369,9761),(30,393,31035),(30,464,28229),(30,512,2808),(30,563,11600),(30,595,5566),(30,711,15568),(30,745,30173),(30,763,25456),(30,846,28799),(30,858,25376),(30,971,19336),(31,95,4063),(31,116,10817),(31,127,1493),(31,255,4164),(31,326,14621),(31,412,17407),(31,436,15536),(31,438,30095),(31,448,11995),(31,514,24491),(31,529,15670),(31,552,26277),(31,597,1077),(31,639,14700),(31,714,5789),(31,731,18158),(31,772,30997),(31,826,2168),(31,896,30082),(31,950,9509),(31,974,26844),(31,994,14815),(31,997,19555),(31,1000,14685),(31,1026,17257),(32,73,4525),(32,94,3612),(32,114,7728),(32,182,5187),(32,258,19180),(32,295,16698),(32,300,233),(32,311,16329),(32,339,7260),(32,345,30832),(32,534,807),(32,623,30181),(32,688,7200),(32,775,23175),(32,785,1376),(32,843,6512),(32,913,9333),(32,988,9832),(33,28,29363),(33,30,22357),(33,132,2648),(33,169,24353),(33,192,18671),(33,210,27903),(33,252,13600),(33,304,297),(33,347,24156),(33,636,4303),(33,740,1130),(33,745,31311),(33,821,15089),(33,832,20375),(33,881,23882),(33,893,505),(33,918,19458),(33,938,11945),(33,1037,4732),(33,1050,24899),(34,11,22416),(34,18,19845),(34,79,17996),(34,127,1143),(34,148,21482),(34,261,4627),(34,382,28706),(34,403,2221),(34,413,12011),(34,421,1199),(34,492,32207),(34,530,2614),(34,664,16389),(34,699,26464),(34,733,29779),(34,767,20658),(34,818,7976),(34,839,14208),(34,948,10809),(35,52,23701),(35,116,24318),(35,127,28952),(35,138,27899),(35,176,22928),(35,191,10458),(35,238,17637),(35,255,2485),(35,270,16853),(35,281,15667),(35,299,26346),(35,318,13307),(35,348,32701),(35,378,10542),(35,393,27332),(35,396,22992),(35,543,20590),(35,545,18174),(35,547,10058),(35,560,5809),(35,561,5425),(35,595,21885),(35,597,30483),(35,621,22394),(35,677,23742),(35,802,25088),(35,805,7018),(35,925,15273),(35,949,29299),(35,957,25209),(35,996,13458),(35,1037,3998),(36,37,10621),(36,109,18602),(36,143,26560),(36,292,14884),(36,321,25122),(36,337,27811),(36,364,17607),(36,375,28260),(36,384,2083),(36,419,26669),(36,509,12596),(36,583,13614),(36,603,14686),(36,780,2116),(36,848,667),(36,887,27689),(36,901,31111),(36,927,20618),(36,988,19538),(36,1013,3857),(37,29,23125),(37,36,23949),(37,69,15359),(37,133,10914),(37,160,5282),(37,166,5988),(37,178,22097),(37,205,15089),(37,257,5845),(37,320,13184),(37,394,2028),(37,444,31961),(37,565,15451),(37,603,10554),(37,679,10903),(37,706,10227),(37,818,994),(37,830,464),(37,944,15239),(37,975,9135),(37,981,19891),(37,1058,1030),(38,19,26431),(38,53,15377),(38,82,24679),(38,119,21506),(38,142,12384),(38,181,3247),(38,192,27571),(38,212,10823),(38,223,30572),(38,298,26563),(38,350,17837),(38,354,13574),(38,531,25088),(38,589,12883),(38,625,14686),(38,634,22627),(38,675,31138),(38,701,450),(38,788,361),(38,823,27264),(38,842,2581),(38,890,19937),(38,916,5788),(38,1019,25565),(38,1044,930),(39,60,6071),(39,65,4388),(39,79,3643),(39,103,30901),(39,147,28764),(39,233,18524),(39,234,3618),(39,239,3677),(39,277,8131),(39,354,9751),(39,398,25807),(39,555,20222),(39,572,20513),(39,654,18191),(39,719,22917),(39,742,2707),(39,954,27996),(39,992,13605),(40,22,17593),(40,124,32198),(40,187,2447),(40,196,19785),(40,328,11283),(40,357,15040),(40,417,6479),(40,477,12283),(40,562,20136),(40,565,13629),(40,581,24104),(40,616,28295),(40,735,16632),(40,757,597),(40,881,1483),(40,894,2054),(40,952,27058),(40,1008,11437),(40,1016,8280),(41,44,24631),(41,114,20570),(41,120,29572),(41,148,15020),(41,173,20697),(41,352,32591),(41,508,14462),(41,556,8131),(41,629,8312),(41,714,20131),(41,754,8697),(41,800,28462),(41,807,20361),(41,838,14860),(41,850,15405),(42,4,12055),(42,85,3832),(42,132,1729),(42,188,22589),(42,225,21808),(42,322,18385),(42,384,18324),(42,413,8641),(42,436,25259),(42,468,19188),(42,596,16280),(42,606,6295),(42,626,19334),(42,643,11618),(42,764,32033),(42,805,19068),(42,890,9244),(42,984,22794),(43,3,4431),(43,34,9462),(43,231,29545),(43,286,22613),(43,340,28736),(43,374,3656),(43,405,22004),(43,477,10414),(43,520,23179),(43,607,28262),(43,610,21607),(43,651,25170),(43,700,23489),(43,748,32523),(43,804,4475),(43,875,16899),(43,896,12396),(43,993,13436),(43,996,22034),(43,1047,5259),(44,90,5475),(44,139,21036),(44,154,22951),(44,204,62),(44,212,8114),(44,315,22457),(44,347,721),(44,362,4089),(44,549,29923),(44,665,11981),(44,798,24275),(44,890,3744),(44,922,13844),(44,948,21888),(44,995,5996),(44,1022,16655),(45,14,24265),(45,26,30600),(45,73,7198),(45,160,30087),(45,228,21967),(45,332,3420),(45,407,25049),(45,494,15309),(45,516,17606),(45,560,1205),(45,568,26197),(45,581,19925),(45,636,13837),(45,878,5565),(45,925,28752),(45,928,27458),(45,960,32459),(45,1042,6738),(46,3,2836),(46,20,14406),(46,36,19500),(46,78,20429),(46,253,22033),(46,399,6393),(46,630,1817),(46,688,11133),(46,884,10387),(46,1073,10585),(47,67,28780),(47,86,391),(47,98,17540),(47,118,13331),(47,147,18063),(47,248,11955),(47,292,18157),(47,297,10707),(47,401,22824),(47,476,9737),(47,495,14663),(47,507,17996),(47,543,9168),(47,565,11444),(47,593,28855),(47,624,26337),(47,671,15294),(47,748,4462),(47,765,29490),(47,804,24210),(47,951,8232),(47,976,7297),(48,59,19443),(48,173,28407),(48,176,23971),(48,196,28901),(48,206,12772),(48,243,28381),(48,295,24971),(48,605,7065),(48,623,6767),(48,733,12527),(48,791,30964),(48,796,13862),(48,901,17159),(48,968,18510),(48,976,7233),(48,1006,10783),(48,1035,25487),(49,1,32641),(49,92,9615),(49,163,8637),(49,295,6557),(49,625,17682),(49,677,9523),(49,773,13167),(49,776,9659),(49,849,7128),(49,857,30677),(49,881,13650),(49,886,21454),(49,898,7223),(49,985,7729),(50,2,3397),(50,31,30473),(50,62,23343),(50,67,18206),(50,163,2988),(50,425,31454),(50,463,8818),(50,546,26598),(50,602,13144),(50,628,20458),(50,681,31882),(50,700,29532),(50,856,18537),(50,864,22921),(50,996,2),(50,1022,8779),(50,1052,24886),(51,64,28865),(51,86,32006),(51,172,27148),(51,222,7552),(51,264,32573),(51,266,28960),(51,272,25366),(51,276,18004),(51,317,22759),(51,380,32101),(51,404,23070),(51,469,31128),(51,527,32069),(51,543,12524),(51,595,22813),(51,613,1888),(51,694,22363),(51,719,29686),(51,826,3444),(51,936,18856),(51,995,18338),(51,1013,3029),(51,1057,4750),(52,30,4268),(52,74,10569),(52,143,558),(52,198,8310),(52,242,2288),(52,300,18098),(52,390,7128),(52,504,28435),(52,541,21029),(52,549,9064),(52,561,28638),(52,563,3044),(52,566,1501),(52,625,28788),(52,638,13073),(52,659,30674),(52,660,4998),(52,700,24641),(52,726,3073),(52,731,1388),(52,754,9350),(52,889,28263),(52,1009,24912),(52,1052,13654),(52,1064,16535),(53,3,13570),(53,24,31310),(53,37,17515),(53,59,2641),(53,96,10592),(53,126,8058),(53,160,29539),(53,226,26717),(53,241,4003),(53,271,5289),(53,462,8596),(53,474,13867),(53,493,1643),(53,709,13653),(53,796,23726),(53,889,952),(53,906,13592),(54,127,13529),(54,133,18134),(54,140,15134),(54,166,13702),(54,198,10003),(54,202,29808),(54,234,6101),(54,272,20787),(54,342,20074),(54,375,20094),(54,396,1856),(54,633,17162),(54,692,30014),(54,719,22955),(54,723,11229),(54,870,10492),(54,908,24355),(54,925,23109),(54,1064,1313),(55,53,29805),(55,63,16938),(55,64,2316),(55,89,18367),(55,165,11471),(55,168,13277),(55,252,6271),(55,280,20453),(55,283,25307),(55,569,14325),(55,579,9212),(55,652,21020),(55,716,23204),(55,748,2921),(55,751,31044),(55,803,19515),(55,804,19529),(55,1038,16114),(56,37,15648),(56,43,22481),(56,82,22433),(56,93,30679),(56,165,5785),(56,199,11128),(56,230,29599),(56,319,2671),(56,327,29039),(56,356,20995),(56,393,5257),(56,455,3036),(56,571,24022),(56,612,31464),(56,864,27182),(56,934,10073),(56,963,17512),(57,248,23735),(57,266,8641),(57,299,28280),(57,367,29497),(57,434,8698),(57,509,28709),(57,561,13792),(57,602,8658),(57,659,22775),(57,764,725),(57,842,19917),(57,845,16569),(57,847,25628),(57,919,7249),(57,947,23063),(57,953,907),(57,1064,4319),(58,128,1373),(58,159,32391),(58,164,2820),(58,277,10978),(58,278,30139),(58,395,32163),(58,398,17135),(58,457,13567),(58,490,7229),(58,513,5662),(58,545,16516),(58,597,14853),(58,608,7619),(58,668,31577),(58,688,1284),(58,702,7366),(58,748,14235),(58,772,13381),(58,777,9516),(58,817,16291),(58,822,1726),(58,855,30775),(58,950,27355),(58,1054,14871),(59,44,28152),(59,95,6649),(59,156,3802),(59,168,12071),(59,198,14864),(59,216,14985),(59,281,15229),(59,284,31676),(59,324,5878),(59,374,11174),(59,479,31306),(59,525,16588),(59,557,611),(59,585,21342),(59,623,10048),(59,677,16103),(59,712,8149),(59,713,26726),(59,808,13591),(59,902,13863),(59,1000,27709),(60,7,30532),(60,155,16257),(60,189,24513),(60,197,9132),(60,202,18535),(60,265,18214),(60,444,895),(60,474,21786),(60,516,4399),(60,531,7705),(60,668,2912),(60,921,1947),(60,950,14954),(60,972,28476),(60,981,31253),(60,1016,6299),(61,86,2081),(61,118,3480),(61,280,20426),(61,294,5731),(61,407,18559),(61,410,26950),(61,479,30266),(61,509,30237),(61,514,19050),(61,532,22945),(61,641,29315),(61,648,32473),(61,667,19702),(61,718,21374),(61,728,15218),(61,766,12579),(61,858,26563),(61,964,210),(61,1020,8666),(61,1061,15827),(61,1073,2834),(62,41,7049),(62,82,25207),(62,305,4964),(62,327,855),(62,477,25833),(62,488,23707),(62,497,32362),(62,540,3338),(62,630,985),(62,831,17192),(62,938,9380),(63,10,22212),(63,44,9665),(63,148,24465),(63,150,32205),(63,162,15692),(63,165,31660),(63,194,18312),(63,336,27696),(63,422,493),(63,428,19640),(63,478,16138),(63,491,22320),(63,509,29167),(63,514,705),(63,581,25704),(63,876,23839),(63,921,23788),(63,927,30044),(63,932,25949),(63,985,21958),(63,1017,26134),(63,1060,25663),(64,61,7834),(64,80,24337),(64,96,30986),(64,147,4279),(64,173,28346),(64,175,29327),(64,231,31677),(64,330,21221),(64,358,7006),(64,412,11855),(64,439,14796),(64,583,5820),(64,640,4542),(64,726,8235),(64,791,15147),(64,827,32184),(64,944,3364),(64,954,20274),(64,1051,16878),(64,1064,8401),(65,21,26469),(65,154,30778),(65,323,24235),(65,362,10742),(65,428,32019),(65,438,10407),(65,440,6027),(65,738,30458),(65,863,18013),(65,1008,16194),(65,1029,20368),(65,1047,18789),(66,26,8427),(66,153,26901),(66,206,28864),(66,251,27623),(66,292,26187),(66,357,8337),(66,399,22883),(66,450,28762),(66,524,5844),(66,700,23912),(66,725,9863),(66,738,2899),(66,845,26428),(66,930,16138),(66,966,15668),(66,994,32091),(67,140,23164),(67,184,31728),(67,202,13646),(67,214,13294),(67,244,22346),(67,314,12773),(67,317,21119),(67,409,8777),(67,492,12456),(67,513,23858),(67,529,29121),(67,651,17482),(67,757,9849),(67,794,3051),(67,819,16370),(67,820,2491),(67,963,14998),(67,964,24650),(67,972,8991),(67,987,23015),(68,4,13086),(68,14,1391),(68,81,28273),(68,165,23367),(68,200,28108),(68,232,19699),(68,273,32141),(68,291,30943),(68,322,32423),(68,326,22483),(68,404,25600),(68,464,18929),(68,533,27377),(68,538,22876),(68,638,22011),(68,688,24174),(68,787,15836),(68,926,7123),(69,52,10361),(69,89,5196),(69,110,29018),(69,121,28365),(69,338,8179),(69,340,11416),(69,392,8189),(69,414,29991),(69,454,18365),(69,568,19298),(69,573,31791),(69,579,31741),(69,592,10767),(69,638,16504),(69,683,28666),(69,731,24871),(69,737,25163),(69,771,26588),(69,858,21075),(69,863,12348),(69,888,5735),(69,896,25825),(69,940,29870),(69,944,32206),(69,950,27037),(69,951,27448),(69,965,25868),(69,1031,32237),(70,60,31061),(70,64,27061),(70,108,2994),(70,136,28187),(70,140,19529),(70,237,4111),(70,253,8435),(70,376,20080),(70,568,9988),(70,591,29715),(70,640,16843),(70,830,30066),(70,892,10008),(70,899,25730),(70,949,31784),(70,988,30315),(70,991,27393),(71,37,12731),(71,38,6667),(71,101,24364),(71,112,11357),(71,214,26451),(71,223,3910),(71,244,7565),(71,258,7255),(71,264,5805),(71,289,22903),(71,412,5988),(71,422,13359),(71,489,24695),(71,637,13021),(71,700,8997),(71,754,16587),(71,763,29867),(71,831,28249),(71,851,4264),(71,912,18234),(71,949,5264),(71,985,27715),(71,1021,14253),(71,1043,20422),(72,5,30101),(72,81,4374),(72,90,26145),(72,106,26176),(72,126,3292),(72,143,26123),(72,172,14154),(72,182,25096),(72,211,31293),(72,268,14783),(72,359,12309),(72,420,26985),(72,443,20134),(72,465,13533),(72,476,30974),(72,532,7822),(72,547,20754),(72,576,25646),(72,636,2999),(72,693,22837),(72,916,4027),(72,938,27982),(72,967,22371),(72,1047,13961),(73,5,2279),(73,64,8917),(73,77,31153),(73,96,99),(73,98,4234),(73,101,15898),(73,109,9812),(73,113,12764),(73,149,1128),(73,166,29869),(73,173,29911),(73,181,10379),(73,195,31174),(73,200,10782),(73,289,11914),(73,407,15103),(73,517,1322),(73,566,28148),(73,721,27338),(73,766,24199),(73,816,20018),(73,878,24877),(73,926,3799),(73,990,5388),(73,1013,24729),(73,1019,28339),(74,66,4772),(74,149,13284),(74,192,16975),(74,266,11484),(74,268,17883),(74,454,17472),(74,456,20965),(74,543,10908),(74,558,25130),(74,566,14054),(74,578,28993),(74,590,7213),(74,780,21380),(74,781,12355),(74,814,13439),(74,926,29333),(74,1021,18012),(74,1043,9869),(75,12,6413),(75,58,14191),(75,141,2858),(75,168,6164),(75,200,23225),(75,309,2611),(75,328,21185),(75,349,19761),(75,363,26374),(75,365,22366),(75,391,6460),(75,451,28189),(75,453,18093),(75,509,22615),(75,550,2024),(75,593,2556),(75,614,13722),(75,628,9001),(75,642,12514),(75,648,22104),(75,737,17708),(75,749,22966),(75,799,30120),(75,904,18232),(75,924,24095),(75,970,15946),(75,971,11783),(75,976,25661),(75,986,20711),(76,27,8848),(76,63,15168),(76,92,15349),(76,101,22097),(76,137,5231),(76,181,7332),(76,242,11936),(76,338,25491),(76,410,23020),(76,425,4185),(76,438,4745),(76,549,23668),(76,551,27729),(76,595,22744),(76,639,19211),(76,695,1929),(76,706,8258),(76,770,6247),(76,848,10649),(76,896,6053),(76,1051,1339),(77,17,20852),(77,79,16179),(77,81,27463),(77,160,27251),(77,213,28421),(77,276,16201),(77,322,20510),(77,348,31933),(77,397,20871),(77,429,28759),(77,585,10925),(77,633,29609),(77,731,18242),(77,772,17923),(77,907,629),(77,1009,25746),(78,79,25890),(78,134,28023),(78,180,23538),(78,187,16285),(78,202,32608),(78,247,18549),(78,291,20694),(78,294,17318),(78,326,27870),(78,357,8940),(78,435,2224),(78,532,9157),(78,571,23068),(78,696,15446),(78,709,20944),(78,813,16942),(78,918,6403),(78,978,7546),(78,1023,7431),(78,1030,7420),(79,16,19386),(79,57,11970),(79,98,20983),(79,148,15337),(79,201,6305),(79,320,340),(79,357,24822),(79,403,28837),(79,413,28897),(79,434,30663),(79,470,19975),(79,508,22743),(79,574,16355),(79,587,2472),(79,611,20930),(79,856,678),(79,906,23199),(79,926,3204),(79,938,13008),(79,967,30566),(79,977,21802),(79,1015,28799),(79,1030,26354),(79,1038,26296),(80,157,6702),(80,180,20146),(80,212,13807),(80,219,14298),(80,268,32352),(80,299,31382),(80,476,30705),(80,516,614),(80,521,3538),(80,523,25659),(80,621,12318),(80,632,12591),(80,732,31483),(80,735,10958),(80,744,23629),(80,748,5566),(80,825,20337),(80,828,28845),(80,866,27977),(80,895,29272),(80,980,15495),(80,1046,16206),(81,8,18664),(81,44,16511),(81,96,25660),(81,135,32442),(81,152,8485),(81,173,26119),(81,176,21242),(81,268,12107),(81,270,6973),(81,286,26784),(81,306,7489),(81,324,10881),(81,340,32763),(81,353,20559),(81,435,32752),(81,464,13652),(81,514,12736),(81,561,8306),(81,563,6747),(81,587,19176),(81,644,52),(81,707,32516),(81,821,3269),(81,827,8873),(81,839,29300),(81,855,15105),(81,949,11405),(81,961,25210),(82,34,2090),(82,35,5687),(82,65,24669),(82,83,14736),(82,149,14556),(82,167,7952),(82,187,13274),(82,196,23750),(82,385,32451),(82,425,7003),(82,491,15137),(82,535,14434),(82,652,23557),(82,668,10566),(82,711,32693),(82,721,458),(82,746,29021),(82,830,28008),(82,833,2319),(82,901,4759),(82,906,25507),(82,907,4772),(82,932,9722),(82,968,23228),(83,47,13384),(83,62,23297),(83,66,24445),(83,120,21418),(83,335,23424),(83,350,5297),(83,369,27496),(83,438,5414),(83,453,29724),(83,524,5277),(83,567,9491),(83,575,7192),(83,608,12996),(83,620,13216),(83,634,2430),(83,738,18542),(83,812,21673),(83,951,12353),(83,958,15594),(83,1004,6550),(83,1020,10479),(83,1030,18558),(83,1061,26732),(84,34,28224),(84,45,30959),(84,57,31067),(84,110,3086),(84,137,24214),(84,142,19427),(84,180,28756),(84,265,28911),(84,533,13486),(84,565,166),(84,587,32239),(84,601,13942),(84,610,20526),(84,616,2765),(84,628,10291),(84,666,7320),(84,692,22051),(84,748,11222),(84,873,8226),(84,973,8150),(84,981,17515),(84,1055,14044),(85,33,17850),(85,57,23279),(85,116,14446),(85,189,3796),(85,239,26800),(85,322,23659),(85,340,19102),(85,350,8088),(85,411,8667),(85,418,274),(85,468,21915),(85,497,24556),(85,498,3015),(85,540,17768),(85,574,26822),(85,642,28016),(85,683,5239),(85,684,22899),(85,858,26729),(85,1036,29480),(86,9,9183),(86,19,27465),(86,24,15789),(86,44,1080),(86,84,23757),(86,113,4702),(86,190,9564),(86,208,18894),(86,234,5374),(86,278,27599),(86,299,26026),(86,305,919),(86,320,15114),(86,365,19563),(86,456,11440),(86,478,20224),(86,535,1385),(86,711,28269),(86,771,19587),(86,870,6187),(87,14,29448),(87,122,2231),(87,159,18567),(87,205,10523),(87,270,28214),(87,303,26667),(87,380,22156),(87,390,29071),(87,413,27833),(87,651,23629),(87,907,18683),(87,960,18468),(88,164,5003),(88,202,28035),(88,232,29887),(88,364,9700),(88,397,30228),(88,409,6837),(88,440,27342),(88,466,5894),(88,521,24845),(88,561,16628),(88,672,30556),(88,700,6121),(88,718,26335),(88,723,23929),(88,755,17487),(88,854,30279),(88,867,25583),(88,874,24316),(88,902,6821),(88,949,16069),(88,1000,4064),(89,20,29283),(89,54,25882),(89,107,28369),(89,157,16184),(89,340,19001),(89,398,13923),(89,419,32753),(89,469,21524),(89,558,26473),(89,639,28104),(89,780,4750),(89,892,11411),(89,907,31994),(90,28,521),(90,39,11891),(90,58,3246),(90,73,12473),(90,86,17396),(90,251,29274),(90,254,15985),(90,268,20266),(90,390,1011),(90,545,21766),(90,741,6039),(90,766,20043),(90,773,32287),(90,803,6754),(90,939,23373),(90,953,16163),(90,1017,22763),(90,1070,24862),(91,205,16027),(91,231,20819),(91,241,27895),(91,413,27635),(91,523,20616),(91,585,26917),(91,687,17849),(91,711,2852),(91,742,31289),(91,753,963),(91,849,32384),(91,918,30586),(91,930,30097),(91,960,25707),(92,3,5910),(92,45,2562),(92,76,2445),(92,119,8230),(92,187,15777),(92,306,30409),(92,315,19237),(92,363,15667),(92,521,30527),(92,578,12354),(92,617,26925),(92,656,1580),(92,673,14518),(92,713,21553),(92,830,21839),(92,840,13597),(92,876,11101),(92,919,14295),(93,10,16348),(93,49,7763),(93,67,21542),(93,69,7082),(93,133,26404),(93,153,30443),(93,168,26933),(93,212,3619),(93,238,3730),(93,254,20340),(93,317,1727),(93,324,1540),(93,442,1870),(93,667,5821),(93,702,30677),(93,846,18138),(93,928,13430),(93,1036,3828),(94,4,31199),(94,55,9526),(94,56,2190),(94,100,25166),(94,101,3408),(94,137,30751),(94,212,24605),(94,262,7166),(94,266,8171),(94,294,11447),(94,376,15763),(94,433,13322),(94,441,19433),(94,457,714),(94,472,27977),(94,504,2491),(94,796,18416),(94,855,11860),(94,914,12549),(94,946,28331),(94,951,3649),(94,983,7741),(94,1058,29021),(95,153,22425),(95,222,32002),(95,223,21611),(95,233,4563),(95,286,26015),(95,360,6909),(95,362,5731),(95,534,15592),(95,571,18232),(95,634,13911),(95,637,15260),(95,714,26758),(95,735,31707),(95,821,4292),(95,822,28480),(95,876,28523),(95,894,21956),(95,898,8484),(95,984,23472),(96,4,1684),(96,50,28435),(96,63,15765),(96,87,8613),(96,175,1530),(96,183,23036),(96,264,14039),(96,342,4065),(96,363,31147),(96,366,28645),(96,382,6312),(96,394,25933),(96,395,20430),(96,446,12821),(96,492,27418),(96,529,16589),(96,593,32201),(96,689,16084),(96,720,28100),(96,722,11102),(96,914,9080),(96,923,4927),(96,992,28930),(96,1054,19731),(97,40,17010),(97,288,3231),(97,333,4753),(97,390,21545),(97,468,16471),(97,560,6778),(97,589,15753),(97,639,9387),(97,653,32558),(97,895,4604),(97,925,22638),(97,977,3429),(97,1005,17775),(97,1030,19169),(97,1047,15030),(97,1073,8805),(98,51,13746),(98,140,5973),(98,191,7056),(98,530,25286),(98,579,14170),(98,698,1252),(98,727,1662),(98,765,8430),(98,790,3288),(98,827,11572),(98,850,1809),(98,853,4379),(98,947,13417),(98,983,10927),(98,985,2203),(99,10,15958),(99,44,15931),(99,62,7367),(99,89,7489),(99,124,16319),(99,144,28774),(99,191,7700),(99,232,10479),(99,248,31339),(99,257,6967),(99,292,20172),(99,380,17584),(99,381,20047),(99,444,29427),(99,461,27426),(99,464,18968),(99,492,12827),(99,710,10615),(99,717,1050),(99,802,380),(99,859,620),(99,1007,10263),(99,1036,11697),(100,28,20007),(100,65,1871),(100,138,31597),(100,158,4198),(100,220,1720),(100,242,4974),(100,294,27773),(100,305,17318),(100,376,4420),(100,398,490),(100,414,12029),(100,545,12616),(100,549,17066),(100,628,2920),(100,709,12551),(100,732,2191),(100,793,19109),(100,810,19894),(100,891,14933),(100,1031,26163);
/*!40000 ALTER TABLE `warehouses_stock` ENABLE KEYS */;
UNLOCK TABLES;

--
-- Final view structure for view `products_options_value`
--

/*!50001 DROP VIEW IF EXISTS `products_options_value`*/;
/*!50001 SET @saved_cs_client          = @@character_set_client */;
/*!50001 SET @saved_cs_results         = @@character_set_results */;
/*!50001 SET @saved_col_connection     = @@collation_connection */;
/*!50001 SET character_set_client      = utf8 */;
/*!50001 SET character_set_results     = utf8 */;
/*!50001 SET collation_connection      = utf8_general_ci */;
/*!50001 CREATE ALGORITHM=UNDEFINED */
/*!50013 DEFINER=`roost`@`%` SQL SECURITY DEFINER */
/*!50001 VIEW `products_options_value` AS select `pv`.`product_id` AS `product_id`,`po`.`product_variant_id` AS `product_variant_id`,`o`.`name` AS `name`,`po`.`value` AS `value` from ((`products_options` `po` join `options` `o` on((`po`.`option_id` = `o`.`id`))) join `products_variants` `pv` on((`po`.`product_variant_id` = `pv`.`id`))) */;
/*!50001 SET character_set_client      = @saved_cs_client */;
/*!50001 SET character_set_results     = @saved_cs_results */;
/*!50001 SET collation_connection      = @saved_col_connection */;

--
-- Final view structure for view `products_rates`
--

/*!50001 DROP VIEW IF EXISTS `products_rates`*/;
/*!50001 SET @saved_cs_client          = @@character_set_client */;
/*!50001 SET @saved_cs_results         = @@character_set_results */;
/*!50001 SET @saved_col_connection     = @@collation_connection */;
/*!50001 SET character_set_client      = utf8 */;
/*!50001 SET character_set_results     = utf8 */;
/*!50001 SET collation_connection      = utf8_general_ci */;
/*!50001 CREATE ALGORITHM=UNDEFINED */
/*!50013 DEFINER=`roost`@`%` SQL SECURITY DEFINER */
/*!50001 VIEW `products_rates` AS select `r`.`product_id` AS `product_id`,`r`.`review_rate` AS `review_rate`,count(0) AS `reviews_count` from `reviews` `r` group by `r`.`product_id`,`r`.`review_rate` */;
/*!50001 SET character_set_client      = @saved_cs_client */;
/*!50001 SET character_set_results     = @saved_cs_results */;
/*!50001 SET collation_connection      = @saved_col_connection */;
/*!40103 SET TIME_ZONE=@OLD_TIME_ZONE */;

/*!40101 SET SQL_MODE=@OLD_SQL_MODE */;
/*!40014 SET FOREIGN_KEY_CHECKS=@OLD_FOREIGN_KEY_CHECKS */;
/*!40014 SET UNIQUE_CHECKS=@OLD_UNIQUE_CHECKS */;
/*!40101 SET CHARACTER_SET_CLIENT=@OLD_CHARACTER_SET_CLIENT */;
/*!40101 SET CHARACTER_SET_RESULTS=@OLD_CHARACTER_SET_RESULTS */;
/*!40101 SET COLLATION_CONNECTION=@OLD_COLLATION_CONNECTION */;
/*!40111 SET SQL_NOTES=@OLD_SQL_NOTES */;

-- Dump completed on 2019-08-02 14:04:21
