-- MySQL dump 10.13  Distrib 5.7.26, for Linux (x86_64)
--
-- Host: localhost    Database: vk
-- ------------------------------------------------------
-- Server version	5.7.26-0ubuntu0.18.04.1

/*!40101 SET @OLD_CHARACTER_SET_CLIENT=@@CHARACTER_SET_CLIENT */;
/*!40101 SET @OLD_CHARACTER_SET_RESULTS=@@CHARACTER_SET_RESULTS */;
/*!40101 SET @OLD_COLLATION_CONNECTION=@@COLLATION_CONNECTION */;
/*!40101 SET NAMES utf8 */;
/*!40103 SET @OLD_TIME_ZONE=@@TIME_ZONE */;
/*!40103 SET TIME_ZONE='+00:00' */;
/*!40014 SET @OLD_UNIQUE_CHECKS=@@UNIQUE_CHECKS, UNIQUE_CHECKS=0 */;
/*!40014 SET @OLD_FOREIGN_KEY_CHECKS=@@FOREIGN_KEY_CHECKS, FOREIGN_KEY_CHECKS=0 */;
/*!40101 SET @OLD_SQL_MODE=@@SQL_MODE, SQL_MODE='NO_AUTO_VALUE_ON_ZERO' */;
/*!40111 SET @OLD_SQL_NOTES=@@SQL_NOTES, SQL_NOTES=0 */;

--
-- Table structure for table `albums_photos`
--

DROP TABLE IF EXISTS `albums_photos`;
/*!40101 SET @saved_cs_client     = @@character_set_client */;
/*!40101 SET character_set_client = utf8 */;
CREATE TABLE `albums_photos` (
  `photo_album_id` int(10) unsigned NOT NULL,
  `media_id` int(10) unsigned NOT NULL,
  KEY `albums_photos_photo_album_id_fk` (`photo_album_id`),
  KEY `albums_photos_media_id_fk` (`media_id`),
  CONSTRAINT `albums_photos_media_id_fk` FOREIGN KEY (`media_id`) REFERENCES `media` (`id`),
  CONSTRAINT `albums_photos_photo_album_id_fk` FOREIGN KEY (`photo_album_id`) REFERENCES `photo_albums` (`id`)
) ENGINE=InnoDB DEFAULT CHARSET=latin1;
/*!40101 SET character_set_client = @saved_cs_client */;

--
-- Dumping data for table `albums_photos`
--

LOCK TABLES `albums_photos` WRITE;
/*!40000 ALTER TABLE `albums_photos` DISABLE KEYS */;
INSERT INTO `albums_photos` VALUES (1,1),(2,2),(3,3),(4,4),(5,5),(6,6),(7,7),(8,8),(9,9),(10,10),(11,11),(12,12),(13,13),(14,14),(15,15),(16,16),(17,17),(18,18),(19,19),(20,20),(21,21),(22,22),(23,23),(24,24),(25,25),(26,26),(27,27),(28,28),(29,29),(30,30),(31,31),(32,32),(33,33),(34,34),(35,35),(36,36),(37,37),(38,38),(39,39),(40,40),(41,41),(42,42),(43,43),(44,44),(45,45),(46,46),(47,47),(48,48),(49,49),(50,50),(51,51),(52,52),(53,53),(54,54),(55,55),(56,56),(57,57),(58,58),(59,59),(60,60),(61,61),(62,62),(63,63),(64,64),(65,65),(66,66),(67,67),(68,68),(69,69),(70,70),(71,71),(72,72),(73,73),(74,74),(75,75),(76,76),(77,77),(78,78),(79,79),(80,80),(81,81),(82,82),(83,83),(84,84),(85,85),(86,86),(87,87),(88,88),(89,89),(90,90),(91,91),(92,92),(93,93),(94,94),(95,95),(96,96),(97,97),(98,98),(99,99),(100,100),(101,1),(102,2),(103,3),(104,4),(105,5),(106,6),(107,7),(108,8),(109,9),(110,10),(111,11),(112,12),(113,13),(114,14),(115,15),(116,16),(117,17),(118,18),(119,19),(120,20),(121,21),(122,22),(123,23),(124,24),(125,25),(126,26),(127,27),(128,28),(129,29),(130,30),(131,31),(132,32),(133,33),(134,34),(135,35),(136,36),(137,37),(138,38),(139,39),(140,40),(141,41),(142,42),(143,43),(144,44),(145,45),(146,46),(147,47),(148,48),(149,49),(150,50),(1,51),(2,52),(3,53),(4,54),(5,55),(6,56),(7,57),(8,58),(9,59),(10,60),(11,61),(12,62),(13,63),(14,64),(15,65),(16,66),(17,67),(18,68),(19,69),(20,70),(21,71),(22,72),(23,73),(24,74),(25,75),(26,76),(27,77),(28,78),(29,79),(30,80),(31,81),(32,82),(33,83),(34,84),(35,85),(36,86),(37,87),(38,88),(39,89),(40,90),(41,91),(42,92),(43,93),(44,94),(45,95),(46,96),(47,97),(48,98),(49,99),(50,100),(51,1),(52,2),(53,3),(54,4),(55,5),(56,6),(57,7),(58,8),(59,9),(60,10),(61,11),(62,12),(63,13),(64,14),(65,15),(66,16),(67,17),(68,18),(69,19),(70,20),(71,21),(72,22),(73,23),(74,24),(75,25),(76,26),(77,27),(78,28),(79,29),(80,30),(81,31),(82,32),(83,33),(84,34),(85,35),(86,36),(87,37),(88,38),(89,39),(90,40),(91,41),(92,42),(93,43),(94,44),(95,45),(96,46),(97,47),(98,48),(99,49),(100,50),(101,51),(102,52),(103,53),(104,54),(105,55),(106,56),(107,57),(108,58),(109,59),(110,60),(111,61),(112,62),(113,63),(114,64),(115,65),(116,66),(117,67),(118,68),(119,69),(120,70),(121,71),(122,72),(123,73),(124,74),(125,75),(126,76),(127,77),(128,78),(129,79),(130,80),(131,81),(132,82),(133,83),(134,84),(135,85),(136,86),(137,87),(138,88),(139,89),(140,90),(141,91),(142,92),(143,93),(144,94),(145,95),(146,96),(147,97),(148,98),(149,99),(150,100),(1,1),(2,2),(3,3),(4,4),(5,5),(6,6),(7,7),(8,8),(9,9),(10,10),(11,11),(12,12),(13,13),(14,14),(15,15),(16,16),(17,17),(18,18),(19,19),(20,20),(21,21),(22,22),(23,23),(24,24),(25,25),(26,26),(27,27),(28,28),(29,29),(30,30),(31,31),(32,32),(33,33),(34,34),(35,35),(36,36),(37,37),(38,38),(39,39),(40,40),(41,41),(42,42),(43,43),(44,44),(45,45),(46,46),(47,47),(48,48),(49,49),(50,50),(51,51),(52,52),(53,53),(54,54),(55,55),(56,56),(57,57),(58,58),(59,59),(60,60),(61,61),(62,62),(63,63),(64,64),(65,65),(66,66),(67,67),(68,68),(69,69),(70,70),(71,71),(72,72),(73,73),(74,74),(75,75),(76,76),(77,77),(78,78),(79,79),(80,80),(81,81),(82,82),(83,83),(84,84),(85,85),(86,86),(87,87),(88,88),(89,89),(90,90),(91,91),(92,92),(93,93),(94,94),(95,95),(96,96),(97,97),(98,98),(99,99),(100,100),(101,1),(102,2),(103,3),(104,4),(105,5),(106,6),(107,7),(108,8),(109,9),(110,10),(111,11),(112,12),(113,13),(114,14),(115,15),(116,16),(117,17),(118,18),(119,19),(120,20),(121,21),(122,22),(123,23),(124,24),(125,25),(126,26),(127,27),(128,28),(129,29),(130,30),(131,31),(132,32),(133,33),(134,34),(135,35),(136,36),(137,37),(138,38),(139,39),(140,40),(141,41),(142,42),(143,43),(144,44),(145,45),(146,46),(147,47),(148,48),(149,49),(150,50),(1,51),(2,52),(3,53),(4,54),(5,55),(6,56),(7,57),(8,58),(9,59),(10,60),(11,61),(12,62),(13,63),(14,64),(15,65),(16,66),(17,67),(18,68),(19,69),(20,70),(21,71),(22,72),(23,73),(24,74),(25,75),(26,76),(27,77),(28,78),(29,79),(30,80),(31,81),(32,82),(33,83),(34,84),(35,85),(36,86),(37,87),(38,88),(39,89),(40,90),(41,91),(42,92),(43,93),(44,94),(45,95),(46,96),(47,97),(48,98),(49,99),(50,100),(51,1),(52,2),(53,3),(54,4),(55,5),(56,6),(57,7),(58,8),(59,9),(60,10),(61,11),(62,12),(63,13),(64,14),(65,15),(66,16),(67,17),(68,18),(69,19),(70,20),(71,21),(72,22),(73,23),(74,24),(75,25),(76,26),(77,27),(78,28),(79,29),(80,30),(81,31),(82,32),(83,33),(84,34),(85,35),(86,36),(87,37),(88,38),(89,39),(90,40),(91,41),(92,42),(93,43),(94,44),(95,45),(96,46),(97,47),(98,48),(99,49),(100,50),(101,51),(102,52),(103,53),(104,54),(105,55),(106,56),(107,57),(108,58),(109,59),(110,60),(111,61),(112,62),(113,63),(114,64),(115,65),(116,66),(117,67),(118,68),(119,69),(120,70),(121,71),(122,72),(123,73),(124,74),(125,75),(126,76),(127,77),(128,78),(129,79),(130,80),(131,81),(132,82),(133,83),(134,84),(135,85),(136,86),(137,87),(138,88),(139,89),(140,90),(141,91),(142,92),(143,93),(144,94),(145,95),(146,96),(147,97),(148,98),(149,99),(150,100),(1,1),(2,2),(3,3),(4,4),(5,5),(6,6),(7,7),(8,8),(9,9),(10,10),(11,11),(12,12),(13,13),(14,14),(15,15),(16,16),(17,17),(18,18),(19,19),(20,20),(21,21),(22,22),(23,23),(24,24),(25,25),(26,26),(27,27),(28,28),(29,29),(30,30),(31,31),(32,32),(33,33),(34,34),(35,35),(36,36),(37,37),(38,38),(39,39),(40,40),(41,41),(42,42),(43,43),(44,44),(45,45),(46,46),(47,47),(48,48),(49,49),(50,50),(51,51),(52,52),(53,53),(54,54),(55,55),(56,56),(57,57),(58,58),(59,59),(60,60),(61,61),(62,62),(63,63),(64,64),(65,65),(66,66),(67,67),(68,68),(69,69),(70,70),(71,71),(72,72),(73,73),(74,74),(75,75),(76,76),(77,77),(78,78),(79,79),(80,80),(81,81),(82,82),(83,83),(84,84),(85,85),(86,86),(87,87),(88,88),(89,89),(90,90),(91,91),(92,92),(93,93),(94,94),(95,95),(96,96),(97,97),(98,98),(99,99),(100,100),(101,1),(102,2),(103,3),(104,4),(105,5),(106,6),(107,7),(108,8),(109,9),(110,10),(111,11),(112,12),(113,13),(114,14),(115,15),(116,16),(117,17),(118,18),(119,19),(120,20),(121,21),(122,22),(123,23),(124,24),(125,25),(126,26),(127,27),(128,28),(129,29),(130,30),(131,31),(132,32),(133,33),(134,34),(135,35),(136,36),(137,37),(138,38),(139,39),(140,40),(141,41),(142,42),(143,43),(144,44),(145,45),(146,46),(147,47),(148,48),(149,49),(150,50),(1,51),(2,52),(3,53),(4,54),(5,55),(6,56),(7,57),(8,58),(9,59),(10,60),(11,61),(12,62),(13,63),(14,64),(15,65),(16,66),(17,67),(18,68),(19,69),(20,70),(21,71),(22,72),(23,73),(24,74),(25,75),(26,76),(27,77),(28,78),(29,79),(30,80),(31,81),(32,82),(33,83),(34,84),(35,85),(36,86),(37,87),(38,88),(39,89),(40,90),(41,91),(42,92),(43,93),(44,94),(45,95),(46,96),(47,97),(48,98),(49,99),(50,100),(51,1),(52,2),(53,3),(54,4),(55,5),(56,6),(57,7),(58,8),(59,9),(60,10),(61,11),(62,12),(63,13),(64,14),(65,15),(66,16),(67,17),(68,18),(69,19),(70,20),(71,21),(72,22),(73,23),(74,24),(75,25),(76,26),(77,27),(78,28),(79,29),(80,30),(81,31),(82,32),(83,33),(84,34),(85,35),(86,36),(87,37),(88,38),(89,39),(90,40),(91,41),(92,42),(93,43),(94,44),(95,45),(96,46),(97,47),(98,48),(99,49),(100,50),(101,51),(102,52),(103,53),(104,54),(105,55),(106,56),(107,57),(108,58),(109,59),(110,60),(111,61),(112,62),(113,63),(114,64),(115,65),(116,66),(117,67),(118,68),(119,69),(120,70),(121,71),(122,72),(123,73),(124,74),(125,75),(126,76),(127,77),(128,78),(129,79),(130,80),(131,81),(132,82),(133,83),(134,84),(135,85),(136,86),(137,87),(138,88),(139,89),(140,90),(141,91),(142,92),(143,93),(144,94),(145,95),(146,96),(147,97),(148,98),(149,99),(150,100),(1,1),(2,2),(3,3),(4,4),(5,5),(6,6),(7,7),(8,8),(9,9),(10,10),(11,11),(12,12),(13,13),(14,14),(15,15),(16,16),(17,17),(18,18),(19,19),(20,20),(21,21),(22,22),(23,23),(24,24),(25,25),(26,26),(27,27),(28,28),(29,29),(30,30),(31,31),(32,32),(33,33),(34,34),(35,35),(36,36),(37,37),(38,38),(39,39),(40,40),(41,41),(42,42),(43,43),(44,44),(45,45),(46,46),(47,47),(48,48),(49,49),(50,50),(51,51),(52,52),(53,53),(54,54),(55,55),(56,56),(57,57),(58,58),(59,59),(60,60),(61,61),(62,62),(63,63),(64,64),(65,65),(66,66),(67,67),(68,68),(69,69),(70,70),(71,71),(72,72),(73,73),(74,74),(75,75),(76,76),(77,77),(78,78),(79,79),(80,80),(81,81),(82,82),(83,83),(84,84),(85,85),(86,86),(87,87),(88,88),(89,89),(90,90),(91,91),(92,92),(93,93),(94,94),(95,95),(96,96),(97,97),(98,98),(99,99),(100,100),(101,1),(102,2),(103,3),(104,4),(105,5),(106,6),(107,7),(108,8),(109,9),(110,10),(111,11),(112,12),(113,13),(114,14),(115,15),(116,16),(117,17),(118,18),(119,19),(120,20),(121,21),(122,22),(123,23),(124,24),(125,25),(126,26),(127,27),(128,28),(129,29),(130,30),(131,31),(132,32),(133,33),(134,34),(135,35),(136,36),(137,37),(138,38),(139,39),(140,40),(141,41),(142,42),(143,43),(144,44),(145,45),(146,46),(147,47),(148,48),(149,49),(150,50),(1,51),(2,52),(3,53),(4,54),(5,55),(6,56),(7,57),(8,58),(9,59),(10,60),(11,61),(12,62),(13,63),(14,64),(15,65),(16,66),(17,67),(18,68),(19,69),(20,70),(21,71),(22,72),(23,73),(24,74),(25,75),(26,76),(27,77),(28,78),(29,79),(30,80),(31,81),(32,82),(33,83),(34,84),(35,85),(36,86),(37,87),(38,88),(39,89),(40,90),(41,91),(42,92),(43,93),(44,94),(45,95),(46,96),(47,97),(48,98),(49,99),(50,100),(51,1),(52,2),(53,3),(54,4),(55,5),(56,6),(57,7),(58,8),(59,9),(60,10),(61,11),(62,12),(63,13),(64,14),(65,15),(66,16),(67,17),(68,18),(69,19),(70,20),(71,21),(72,22),(73,23),(74,24),(75,25),(76,26),(77,27),(78,28),(79,29),(80,30),(81,31),(82,32),(83,33),(84,34),(85,35),(86,36),(87,37),(88,38),(89,39),(90,40),(91,41),(92,42),(93,43),(94,44),(95,45),(96,46),(97,47),(98,48),(99,49),(100,50),(101,51),(102,52),(103,53),(104,54),(105,55),(106,56),(107,57),(108,58),(109,59),(110,60),(111,61),(112,62),(113,63),(114,64),(115,65),(116,66),(117,67),(118,68),(119,69),(120,70),(121,71),(122,72),(123,73),(124,74),(125,75),(126,76),(127,77),(128,78),(129,79),(130,80),(131,81),(132,82),(133,83),(134,84),(135,85),(136,86),(137,87),(138,88),(139,89),(140,90),(141,91),(142,92),(143,93),(144,94),(145,95),(146,96),(147,97),(148,98),(149,99),(150,100),(1,1),(2,2),(3,3),(4,4),(5,5),(6,6),(7,7),(8,8),(9,9),(10,10),(11,11),(12,12),(13,13),(14,14),(15,15),(16,16),(17,17),(18,18),(19,19),(20,20),(21,21),(22,22),(23,23),(24,24),(25,25),(26,26),(27,27),(28,28),(29,29),(30,30),(31,31),(32,32),(33,33),(34,34),(35,35),(36,36),(37,37),(38,38),(39,39),(40,40),(41,41),(42,42),(43,43),(44,44),(45,45),(46,46),(47,47),(48,48),(49,49),(50,50),(51,51),(52,52),(53,53),(54,54),(55,55),(56,56),(57,57),(58,58),(59,59),(60,60),(61,61),(62,62),(63,63),(64,64),(65,65),(66,66),(67,67),(68,68),(69,69),(70,70),(71,71),(72,72),(73,73),(74,74),(75,75),(76,76),(77,77),(78,78),(79,79),(80,80),(81,81),(82,82),(83,83),(84,84),(85,85),(86,86),(87,87),(88,88),(89,89),(90,90),(91,91),(92,92),(93,93),(94,94),(95,95),(96,96),(97,97),(98,98),(99,99),(100,100),(101,1),(102,2),(103,3),(104,4),(105,5),(106,6),(107,7),(108,8),(109,9),(110,10),(111,11),(112,12),(113,13),(114,14),(115,15),(116,16),(117,17),(118,18),(119,19),(120,20),(121,21),(122,22),(123,23),(124,24),(125,25),(126,26),(127,27),(128,28),(129,29),(130,30),(131,31),(132,32),(133,33),(134,34),(135,35),(136,36),(137,37),(138,38),(139,39),(140,40),(141,41),(142,42),(143,43),(144,44),(145,45),(146,46),(147,47),(148,48),(149,49),(150,50),(1,51),(2,52),(3,53),(4,54),(5,55),(6,56),(7,57),(8,58),(9,59),(10,60),(11,61),(12,62),(13,63),(14,64),(15,65),(16,66),(17,67),(18,68),(19,69),(20,70),(21,71),(22,72),(23,73),(24,74),(25,75),(26,76),(27,77),(28,78),(29,79),(30,80),(31,81),(32,82),(33,83),(34,84),(35,85),(36,86),(37,87),(38,88),(39,89),(40,90),(41,91),(42,92),(43,93),(44,94),(45,95),(46,96),(47,97),(48,98),(49,99),(50,100),(51,1),(52,2),(53,3),(54,4),(55,5),(56,6),(57,7),(58,8),(59,9),(60,10),(61,11),(62,12),(63,13),(64,14),(65,15),(66,16),(67,17),(68,18),(69,19),(70,20),(71,21),(72,22),(73,23),(74,24),(75,25),(76,26),(77,27),(78,28),(79,29),(80,30),(81,31),(82,32),(83,33),(84,34),(85,35),(86,36),(87,37),(88,38),(89,39),(90,40),(91,41),(92,42),(93,43),(94,44),(95,45),(96,46),(97,47),(98,48),(99,49),(100,50),(101,51),(102,52),(103,53),(104,54),(105,55),(106,56),(107,57),(108,58),(109,59),(110,60),(111,61),(112,62),(113,63),(114,64),(115,65),(116,66),(117,67),(118,68),(119,69),(120,70),(121,71),(122,72),(123,73),(124,74),(125,75),(126,76),(127,77),(128,78),(129,79),(130,80),(131,81),(132,82),(133,83),(134,84),(135,85),(136,86),(137,87),(138,88),(139,89),(140,90),(141,91),(142,92),(143,93),(144,94),(145,95),(146,96),(147,97),(148,98),(149,99),(150,100),(1,1),(2,2),(3,3),(4,4),(5,5),(6,6),(7,7),(8,8),(9,9),(10,10),(11,11),(12,12),(13,13),(14,14),(15,15),(16,16),(17,17),(18,18),(19,19),(20,20),(21,21),(22,22),(23,23),(24,24),(25,25),(26,26),(27,27),(28,28),(29,29),(30,30),(31,31),(32,32),(33,33),(34,34),(35,35),(36,36),(37,37),(38,38),(39,39),(40,40),(41,41),(42,42),(43,43),(44,44),(45,45),(46,46),(47,47),(48,48),(49,49),(50,50),(51,51),(52,52),(53,53),(54,54),(55,55),(56,56),(57,57),(58,58),(59,59),(60,60),(61,61),(62,62),(63,63),(64,64),(65,65),(66,66),(67,67),(68,68),(69,69),(70,70),(71,71),(72,72),(73,73),(74,74),(75,75),(76,76),(77,77),(78,78),(79,79),(80,80),(81,81),(82,82),(83,83),(84,84),(85,85),(86,86),(87,87),(88,88),(89,89),(90,90),(91,91),(92,92),(93,93),(94,94),(95,95),(96,96),(97,97),(98,98),(99,99),(100,100),(101,1),(102,2),(103,3),(104,4),(105,5),(106,6),(107,7),(108,8),(109,9),(110,10),(111,11),(112,12),(113,13),(114,14),(115,15),(116,16),(117,17),(118,18),(119,19),(120,20),(121,21),(122,22),(123,23),(124,24),(125,25),(126,26),(127,27),(128,28),(129,29),(130,30),(131,31),(132,32),(133,33),(134,34),(135,35),(136,36),(137,37),(138,38),(139,39),(140,40),(141,41),(142,42),(143,43),(144,44),(145,45),(146,46),(147,47),(148,48),(149,49),(150,50),(1,51),(2,52),(3,53),(4,54),(5,55),(6,56),(7,57),(8,58),(9,59),(10,60),(11,61),(12,62),(13,63),(14,64),(15,65),(16,66),(17,67),(18,68),(19,69),(20,70),(21,71),(22,72),(23,73),(24,74),(25,75),(26,76),(27,77),(28,78),(29,79),(30,80),(31,81),(32,82),(33,83),(34,84),(35,85),(36,86),(37,87),(38,88),(39,89),(40,90),(41,91),(42,92),(43,93),(44,94),(45,95),(46,96),(47,97),(48,98),(49,99),(50,100),(51,1),(52,2),(53,3),(54,4),(55,5),(56,6),(57,7),(58,8),(59,9),(60,10),(61,11),(62,12),(63,13),(64,14),(65,15),(66,16),(67,17),(68,18),(69,19),(70,20),(71,21),(72,22),(73,23),(74,24),(75,25),(76,26),(77,27),(78,28),(79,29),(80,30),(81,31),(82,32),(83,33),(84,34),(85,35),(86,36),(87,37),(88,38),(89,39),(90,40),(91,41),(92,42),(93,43),(94,44),(95,45),(96,46),(97,47),(98,48),(99,49),(100,50),(101,51),(102,52),(103,53),(104,54),(105,55),(106,56),(107,57),(108,58),(109,59),(110,60),(111,61),(112,62),(113,63),(114,64),(115,65),(116,66),(117,67),(118,68),(119,69),(120,70),(121,71),(122,72),(123,73),(124,74),(125,75),(126,76),(127,77),(128,78),(129,79),(130,80),(131,81),(132,82),(133,83),(134,84),(135,85),(136,86),(137,87),(138,88),(139,89),(140,90),(141,91),(142,92),(143,93),(144,94),(145,95),(146,96),(147,97),(148,98),(149,99),(150,100),(1,1),(2,2),(3,3),(4,4),(5,5),(6,6),(7,7),(8,8),(9,9),(10,10),(11,11),(12,12),(13,13),(14,14),(15,15),(16,16),(17,17),(18,18),(19,19),(20,20),(21,21),(22,22),(23,23),(24,24),(25,25),(26,26),(27,27),(28,28),(29,29),(30,30),(31,31),(32,32),(33,33),(34,34),(35,35),(36,36),(37,37),(38,38),(39,39),(40,40),(41,41),(42,42),(43,43),(44,44),(45,45),(46,46),(47,47),(48,48),(49,49),(50,50),(51,51),(52,52),(53,53),(54,54),(55,55),(56,56),(57,57),(58,58),(59,59),(60,60),(61,61),(62,62),(63,63),(64,64),(65,65),(66,66),(67,67),(68,68),(69,69),(70,70),(71,71),(72,72),(73,73),(74,74),(75,75),(76,76),(77,77),(78,78),(79,79),(80,80),(81,81),(82,82),(83,83),(84,84),(85,85),(86,86),(87,87),(88,88),(89,89),(90,90),(91,91),(92,92),(93,93),(94,94),(95,95),(96,96),(97,97),(98,98),(99,99),(100,100),(101,1),(102,2),(103,3),(104,4),(105,5),(106,6),(107,7),(108,8),(109,9),(110,10),(111,11),(112,12),(113,13),(114,14),(115,15),(116,16),(117,17),(118,18),(119,19),(120,20),(121,21),(122,22),(123,23),(124,24),(125,25),(126,26),(127,27),(128,28),(129,29),(130,30),(131,31),(132,32),(133,33),(134,34),(135,35),(136,36),(137,37),(138,38),(139,39),(140,40),(141,41),(142,42),(143,43),(144,44),(145,45),(146,46),(147,47),(148,48),(149,49),(150,50),(1,51),(2,52),(3,53),(4,54),(5,55),(6,56),(7,57),(8,58),(9,59),(10,60),(11,61),(12,62),(13,63),(14,64),(15,65),(16,66),(17,67),(18,68),(19,69),(20,70),(21,71),(22,72),(23,73),(24,74),(25,75),(26,76),(27,77),(28,78),(29,79),(30,80),(31,81),(32,82),(33,83),(34,84),(35,85),(36,86),(37,87),(38,88),(39,89),(40,90),(41,91),(42,92),(43,93),(44,94),(45,95),(46,96),(47,97),(48,98),(49,99),(50,100);
/*!40000 ALTER TABLE `albums_photos` ENABLE KEYS */;
UNLOCK TABLES;

--
-- Table structure for table `comments`
--

DROP TABLE IF EXISTS `comments`;
/*!40101 SET @saved_cs_client     = @@character_set_client */;
/*!40101 SET character_set_client = utf8 */;
CREATE TABLE `comments` (
  `from_user_id` int(10) unsigned NOT NULL,
  `to_subject_id` int(10) unsigned NOT NULL,
  `subject_type_id` int(10) unsigned NOT NULL,
  `body` text NOT NULL,
  `created_at` datetime DEFAULT CURRENT_TIMESTAMP,
  PRIMARY KEY (`from_user_id`,`to_subject_id`,`subject_type_id`),
  KEY `comments_subject_type_id_fk` (`subject_type_id`),
  CONSTRAINT `comments_from_user_id_fk` FOREIGN KEY (`from_user_id`) REFERENCES `users` (`id`),
  CONSTRAINT `comments_subject_type_id_fk` FOREIGN KEY (`subject_type_id`) REFERENCES `subject_types` (`id`)
) ENGINE=InnoDB DEFAULT CHARSET=latin1;
/*!40101 SET character_set_client = @saved_cs_client */;

--
-- Dumping data for table `comments`
--

LOCK TABLES `comments` WRITE;
/*!40000 ALTER TABLE `comments` DISABLE KEYS */;
INSERT INTO `comments` VALUES (1,64,1,'Laboriosam ut quo ipsum consequatur vitae adipisci ut. Dolor explicabo ut omnis nihil quas in deleniti. In ut dolorum non quo iure nihil perferendis. Eveniet maxime aspernatur incidunt quis cum aut.','2017-08-08 02:43:01'),(1,6766,1,'Eaque nihil rem commodi rerum quae rerum. Earum magnam pariatur alias alias voluptatem officia id. Omnis ducimus adipisci autem.','2013-03-22 11:27:07'),(1,7513,1,'Amet sint dignissimos reiciendis molestias similique et. Dolores a adipisci sequi voluptas et facilis quibusdam. Autem aut quas voluptatum quia minus id in.','1998-02-03 23:47:00'),(1,89706,1,'Asperiores et ducimus nostrum unde. Ut fugiat asperiores distinctio dolores. Voluptate dolorem blanditiis et qui quia earum voluptas.','1971-05-26 17:45:37'),(1,9926647,1,'Qui nemo similique vel blanditiis reprehenderit. Fuga sed vero distinctio aut dolor consequuntur. Sed dolorem est officiis qui odit.','1984-05-22 22:06:42'),(1,86172173,1,'Qui beatae aut facilis est consequatur. Reiciendis ratione delectus qui labore. Cum eos illum doloribus qui ut. Impedit dolorem occaecati magni dolor unde eos.','1974-05-09 16:14:37'),(2,0,2,'Sint odit quia labore est ut veniam temporibus. Mollitia et incidunt atque ullam. Hic quis non dicta ducimus. Corrupti voluptas aut optio commodi.','1975-12-18 06:32:25'),(2,60,2,'Quod consequatur earum officia dolores architecto quo aspernatur. Possimus fugit quia tempora qui aperiam maxime ab. Error sit reiciendis est. Ut voluptatem harum quia dolorem est provident.','2018-09-05 12:54:10'),(2,866,2,'Voluptatem omnis tempore perspiciatis. Vel unde sed at non quia. Id sunt autem autem rem excepturi ullam distinctio.','2013-06-08 16:03:23'),(2,1048,2,'Consequatur sunt laboriosam et quaerat facere veniam. Quam sint est laborum iste. Dolor nihil quia placeat omnis.','2007-07-29 00:31:12'),(2,3035,2,'Reprehenderit laudantium est aut temporibus qui repellendus. Odit accusamus dolor illum et. Ad impedit mollitia ea quaerat aut omnis aut dolores.','2006-03-02 13:16:40'),(2,4821,2,'Placeat est dolores harum autem. Ducimus qui sit illum ea voluptas.','2017-07-31 03:10:55'),(3,97,3,'Laboriosam voluptas beatae provident ea eos voluptas reprehenderit enim. Deleniti animi quia et numquam aut. Natus perspiciatis tempore fugiat occaecati dignissimos. Quia velit assumenda voluptatem rem.','1976-06-09 07:13:15'),(3,59494,3,'Nesciunt animi praesentium cupiditate accusamus at aspernatur ducimus esse. Illum rem vero quia voluptatem voluptatem omnis. Consectetur nihil mollitia quod laborum alias et. Eius numquam autem excepturi nobis possimus. Asperiores et voluptatibus doloremque quasi dolor totam.','1990-03-07 22:13:26'),(3,2157082,3,'Amet occaecati est excepturi perspiciatis. Rerum odio at ut possimus est perferendis. Voluptas molestias et accusantium non quia vitae possimus. Eveniet molestias dolores et quaerat.','1978-04-20 04:24:49'),(3,6855221,3,'Atque unde saepe molestiae quidem sit sint. Et aut corporis tempore ut explicabo. Nisi mollitia qui et placeat facere. Vel porro fuga autem sunt velit voluptatum et.','2011-02-09 09:56:38'),(3,29855078,3,'Autem non sunt ut fugiat. Et vitae et eaque nesciunt. Voluptates et dicta eius similique earum totam. Aspernatur dolor omnis fugiat laudantium similique perferendis minus.','1977-06-26 21:08:04'),(3,640434431,3,'Voluptatum aut totam est accusantium molestiae. Sint eum quaerat dolore a unde nesciunt. Ipsum et repudiandae rem error ut.','1985-01-01 15:02:48'),(4,5,4,'Praesentium est fugit et libero. Ea quasi sequi mollitia neque delectus. Ipsam esse labore quis repellendus.','1976-01-04 06:49:34'),(4,350,4,'Cumque repellendus tempora sunt ea. Ut est dolorem magnam nesciunt aliquam voluptates eius aut. Ut vel et animi modi adipisci architecto molestias. Dolorem quo quisquam blanditiis. Delectus expedita architecto expedita consequatur inventore voluptas officiis.','1982-01-31 02:49:44'),(4,1863,4,'Id tenetur iure qui iusto. Autem est et qui ducimus natus aliquid. Sequi suscipit totam incidunt saepe et ipsam.','1971-11-10 19:37:40'),(4,49013,4,'Beatae aut atque facere ut deleniti repudiandae rerum. Id porro a totam eius minus mollitia. Velit cum ex atque ut quae quia praesentium quia. Qui ad nam sint voluptate et.','2014-07-11 11:15:17'),(4,17562950,4,'Dolorem in quia totam ad. Perferendis exercitationem in dolorum et in et. Consectetur alias rem id non numquam ratione dolorem. Ratione aspernatur aut sunt qui veritatis sed omnis.','2000-07-20 01:08:27'),(4,54779112,4,'Amet voluptatem quos quam aspernatur atque. Quae voluptatem ut molestiae illum. Explicabo repudiandae quisquam aut expedita placeat sed cupiditate. Qui maxime aut amet in.','1975-02-20 11:08:26'),(5,65532,5,'Non sed magnam ab dolorum. Saepe assumenda ea explicabo minus magni laborum. Nostrum exercitationem et quam distinctio et odio soluta sapiente.','1982-11-09 23:09:29'),(5,671779,5,'Qui non necessitatibus sunt. Aut sapiente et esse. Assumenda doloremque quia culpa illum.','1994-11-02 12:54:08'),(5,7357788,5,'Ut corporis nam ut. Maxime et dolor architecto repellat delectus.','1980-06-24 12:37:55'),(5,28625836,5,'Quia distinctio saepe reiciendis est quis hic. Sint quia at et quia omnis. Qui veritatis ipsum quia et rerum.','2017-07-28 11:53:51'),(5,37837442,5,'Odit quia ipsam tempore necessitatibus ut id repudiandae fugit. Ab id adipisci non doloribus. Laborum temporibus sit consequatur itaque consequatur fugiat.','1982-10-12 12:51:52'),(5,89711696,5,'Magni necessitatibus distinctio eligendi qui qui id inventore omnis. Et porro deserunt qui sit. Voluptas sint ut non soluta ullam voluptatem praesentium.','1983-09-20 07:09:44'),(6,202,6,'Quo sed aliquid ipsum. Iusto qui alias modi hic veniam veritatis quia. Quidem expedita occaecati magnam ipsa. Cupiditate nam sed natus veniam tempora consequuntur nisi. Fugiat voluptatem nesciunt accusantium quidem.','2005-06-19 05:54:34'),(6,397,6,'Doloribus dolore molestiae quia at sed. Dolores vero repudiandae iste exercitationem accusamus molestiae. Quia aut vel voluptate quis rerum soluta. Occaecati autem vel eaque ad repellendus praesentium.','2005-09-16 22:27:31'),(6,931,6,'Non sequi dolore eligendi odio harum. Suscipit dolorem quo magnam qui quisquam. Sit tenetur aut in autem nam quos amet dolores. Vel sunt eaque laboriosam culpa.','1991-06-24 08:48:28'),(6,15629253,6,'Nobis dolor totam laudantium repellendus voluptatem ducimus. Accusamus enim eligendi omnis ipsum aut deserunt sequi. Deserunt rerum id minima in aut eum molestias.','1989-01-15 11:29:59'),(6,86250972,6,'Excepturi quis omnis facere officiis velit. Voluptate fuga maiores illum nostrum. Qui praesentium id in quibusdam sed sunt. Sit cupiditate enim ipsum.','2006-04-18 23:17:21'),(6,495059272,6,'Fugiat et enim cum et. Voluptatibus qui pariatur distinctio deleniti neque eius. Est quo animi quis et qui blanditiis magnam. Optio sit fugiat voluptatem fuga.','1972-01-04 05:02:04'),(7,1,7,'Voluptatem quidem aut eligendi fuga culpa et. Est et temporibus eum veritatis. Quas et ad voluptas autem. Et voluptatem tempora aut.','2019-06-01 21:18:08'),(7,102,7,'Facere cumque harum asperiores aut. Eaque et qui sunt repudiandae. Quis aut adipisci sit minima occaecati minus fugit.','2006-03-23 20:31:08'),(7,76611,7,'Vel voluptas optio in assumenda perspiciatis voluptates. Totam in ad eos ut a praesentium. Animi fugiat dolore incidunt illo. Dolorem velit sunt ex voluptatibus et laborum placeat ad.','1994-08-18 01:17:35'),(7,78293,7,'Omnis enim eum eum ea amet. Et corrupti voluptatem omnis et repellat possimus.','1988-03-20 17:49:03'),(7,46819923,7,'Officiis praesentium pariatur ut dolorum et id et. Id dolores quos in laborum ab aliquam expedita.','2007-09-07 09:21:52'),(7,365667328,7,'Voluptas voluptatibus soluta ipsam ut. Eveniet esse et atque neque in nihil non deleniti. Nulla corrupti molestiae est ut. Fugit ea saepe dignissimos eius.','1998-09-01 10:31:37'),(8,835,8,'Magni unde sint commodi. Saepe ea illo et. Quia ullam est rerum.','2003-01-16 05:06:43'),(8,4261,8,'Qui consectetur voluptas sit est neque ut ad. Qui velit qui autem id sunt cupiditate. Aut ducimus saepe nesciunt deleniti.','1978-01-28 17:11:56'),(8,17895,8,'Est ducimus numquam cumque ab consequatur natus. Provident neque ipsa a voluptatem sequi sit. Et omnis illo quis ut. Officiis fuga et et.','2012-08-04 13:32:40'),(8,63382,8,'Quae libero officiis blanditiis nulla eveniet tempora. Animi nostrum rem non veniam. Et provident molestiae a molestias aut.','1972-09-13 05:27:42'),(8,37688053,8,'Voluptas ipsa deleniti possimus pariatur omnis sunt est distinctio. Dolorum tempora qui distinctio totam et. Nihil error rerum recusandae vero. Architecto nulla officiis dignissimos incidunt iusto molestias quisquam.','1986-07-04 23:40:03'),(8,492168781,8,'Et accusantium voluptates magnam quidem. Quasi laborum est optio in consequatur mollitia est. Velit occaecati enim qui distinctio nihil sunt. Tenetur consequatur rerum at blanditiis.','1982-06-20 06:30:57'),(9,1155,9,'Eos odio sunt voluptatem voluptatem. Perferendis dicta totam voluptatem voluptatem velit.','2013-02-20 08:15:28'),(9,5927,9,'Et dignissimos enim suscipit veniam ut. Beatae ut ea temporibus inventore. Neque provident et aut ut. Temporibus consequatur aperiam nihil ut ipsa et voluptatum qui.','1987-09-26 00:06:08'),(9,4659084,9,'Optio inventore qui accusantium. Consequatur deserunt inventore sit corrupti earum minima. Ad laborum nihil fuga odio beatae ab perspiciatis. Rerum qui perferendis velit in necessitatibus.','1990-12-18 07:11:53'),(9,6544121,9,'Error aperiam iste incidunt dolor qui aut excepturi. Voluptatem voluptatibus in voluptas nihil dolor officiis sit itaque. Ut saepe iure ipsa asperiores voluptatum.','1978-02-01 16:41:17'),(9,44305021,9,'Molestiae qui consequatur eveniet aut. Quos tempore deleniti eaque nobis. Dolorum vitae consequatur et culpa non eum.','1994-06-03 16:17:42'),(9,97541694,9,'Quae quo omnis omnis maiores natus et quo. Aliquam pariatur qui et magni. Rerum cumque nemo sequi magnam. Consequatur placeat in ut est eos voluptas laboriosam.','1972-02-10 23:09:17'),(10,7392,10,'Dolor similique deleniti expedita quo et ab. Qui sit reiciendis sint rerum quisquam incidunt sit. Officia est cumque commodi et ut dolorem. Nulla aut eos quos ea.','1998-03-11 02:53:06'),(10,59379,10,'Nostrum quidem recusandae dolorum explicabo et adipisci corrupti. Dolores et eum dignissimos optio. Voluptatem ut error tenetur. Quo numquam nisi et excepturi reprehenderit.','2002-01-29 17:21:01'),(10,94395,10,'Excepturi earum expedita cupiditate maxime magnam animi voluptas. Temporibus sequi sed omnis provident praesentium. Vero quisquam quae et distinctio. Corporis corporis alias quisquam.','1981-12-17 22:24:19'),(10,4409430,10,'Et odit perspiciatis aliquam voluptas. Quia aut tenetur numquam neque. Delectus nesciunt et fugit sequi nulla porro.','2009-12-31 13:29:33'),(10,83558254,10,'Odit minima ut delectus modi unde. Sit beatae autem fugit corporis id. Ipsam nemo quia accusantium qui eum aut possimus.','1976-07-14 02:04:07'),(10,103469321,10,'Dolorum odio sed est. Quia impedit ducimus consequatur quos vero neque. Nisi doloremque ut nemo. Ipsum eligendi nemo ab aliquid excepturi.','1996-09-15 09:23:17'),(11,65,1,'Veniam alias a enim minima ratione harum accusamus. Et consectetur exercitationem voluptatem ratione dolorem voluptates aut est. Nemo necessitatibus impedit quo placeat itaque.','1981-02-17 14:36:48'),(11,72,1,'Id quo exercitationem nam cumque. Hic est repellendus minus voluptate necessitatibus. Nostrum aut fugit quia quidem dolor minima quae eveniet. Et veritatis provident quaerat est sunt delectus est omnis.','2007-06-05 01:46:28'),(11,60710,1,'Non illum vitae enim tempore. Magni quibusdam ab a rerum architecto beatae nihil. Tenetur dolores earum beatae et neque repudiandae. Sequi dolorem molestiae ex sed dolore neque corrupti.','1992-07-19 19:59:08'),(11,988492,1,'Excepturi ab eum dolor non inventore labore. Rerum odit quod est debitis. Facere sint sit totam dolor.','1982-05-09 03:30:57'),(11,2832788,1,'Voluptate quo illum modi. Provident consectetur harum at rem recusandae placeat inventore. Corporis eaque non rerum aut fuga ab ex. Saepe totam ea veritatis tenetur libero omnis.','1998-08-22 16:20:43'),(11,72567585,1,'Nesciunt dolor ut ut eum aut voluptas dicta in. Modi explicabo commodi iusto voluptatem maiores. Autem quis dolorem eveniet praesentium dolorum optio commodi. Perferendis ad praesentium quisquam voluptas aperiam.','2007-12-16 12:12:48'),(12,7,2,'Sint et nam quia et. Non excepturi dignissimos et non voluptates.','1992-06-28 00:11:08'),(12,789,2,'Optio architecto reprehenderit non adipisci. Iusto ea aliquam est aut a et. Ipsa nostrum est id. Minus sequi cum corrupti veniam architecto.','2010-04-14 02:43:32'),(12,3293323,2,'Vel ut a reprehenderit est eius. Ipsam minus ex voluptas. Magnam rerum consequatur cumque qui quia.','1994-03-23 17:07:24'),(12,60902616,2,'Illum ea natus hic minima. Quo modi illum doloremque laudantium error.','2016-11-04 03:22:37'),(12,259100501,2,'Et ex saepe dignissimos et quibusdam officiis dolorum ab. Qui dignissimos at modi fuga voluptates placeat. Aut aut atque illum magni quo reprehenderit.','1992-08-09 02:42:32'),(12,474363347,2,'Ipsum incidunt autem excepturi facere possimus hic et. Id sit iure cumque voluptatem repellendus et. Id exercitationem sapiente minus totam officiis modi consequatur.','1980-09-14 01:38:31'),(13,12,3,'Excepturi ea perferendis esse rem amet aliquid. Blanditiis id nemo magni perspiciatis. Commodi magnam quibusdam in vitae quo et vel.','1998-09-05 10:45:48'),(13,13,3,'Enim ab quisquam unde quia aut illum mollitia. Debitis qui labore possimus qui. Aut dolor non voluptas nobis.','1990-11-16 12:08:31'),(13,14,3,'Quaerat consequatur officia unde quos vel aut aut sed. Sequi ipsa sint harum neque. Recusandae id veritatis adipisci aliquam. Sed natus exercitationem incidunt.','1981-03-08 09:53:13'),(13,89,3,'Sit commodi et corporis sed aliquam officiis. A consequuntur eum quas nisi. Sit et optio et impedit earum.','1977-12-17 02:57:59'),(13,9860,3,'Autem expedita repellat beatae enim illo et. Id sed et autem fugit incidunt rem et. Libero et illum ea. Deserunt iste illum dolores necessitatibus. Cumque libero amet impedit consequatur.','1996-08-18 04:06:10'),(13,7261363,3,'Quo explicabo voluptas vel necessitatibus. Ex sint tempore quasi officiis.','2004-07-10 21:20:46'),(14,70,4,'Sint vitae ut eius quam dicta. Odit sequi voluptatem magnam dolorem odio eaque ut. Repellendus molestiae aperiam et dolor amet ut. Aperiam asperiores iste ab cum illo. Est est reiciendis consequatur reiciendis cum.','1980-04-11 23:52:27'),(14,8762,4,'Inventore ut totam occaecati aut non omnis. Temporibus aut enim reprehenderit sunt consequatur officia eos.','1992-03-22 05:33:07'),(14,19438,4,'Itaque ad delectus quasi cum accusamus dolorem. Laborum vel aliquid doloribus et iste quos expedita. Harum ipsam rerum non quia sint sint.','1971-06-28 16:26:49'),(14,46719,4,'Maxime aliquam tempore mollitia voluptas atque odio. Est corporis officiis reiciendis culpa. Aliquid est ratione et soluta et nam maxime. Molestiae quibusdam necessitatibus placeat esse ipsa alias sapiente aut.','2012-11-20 23:39:14'),(14,310549425,4,'Nisi itaque repellat dolores totam. Sed voluptatem perferendis labore. Earum aspernatur mollitia est sunt.','1977-02-05 12:59:26'),(14,718222164,4,'Nostrum aperiam voluptatem porro optio. Dicta est ratione at sit minus illum. Nemo neque rerum cum sapiente sunt necessitatibus inventore sint.','1984-02-06 20:07:05'),(15,816,5,'Natus hic atque ipsa consequatur ipsum nisi rerum necessitatibus. Molestias perferendis dolor quis.','1982-02-23 12:22:07'),(15,25567,5,'Eius facilis repellat nobis aut rerum. Delectus hic dolor odio eius et vitae repellat. Voluptatem veritatis consequatur iure. Accusamus commodi maxime vero.','2016-10-19 01:56:26'),(15,76148,5,'Iusto omnis non provident necessitatibus molestias qui odit. Distinctio dolores sunt perferendis rerum cum quis debitis. Ut ab deleniti quia quisquam. Quisquam ipsa consequatur autem assumenda iure in voluptates.','2012-08-04 10:27:08'),(15,2262640,5,'Magni dolorem iusto qui ratione magni quia enim. Ut ad voluptas sit omnis dolores est. Porro nemo repudiandae aperiam. Amet accusamus dolor distinctio ex molestiae. Aliquid quae quis error quia reprehenderit harum.','2014-03-07 17:54:58'),(15,84073261,5,'Ut repellendus ut voluptatem eligendi. Adipisci dignissimos commodi explicabo ut dicta voluptatem magnam. Magni hic nisi eaque et sit repellendus.','2008-05-02 16:11:53'),(15,84326107,5,'Accusamus cumque alias nihil harum sapiente et pariatur. Hic ullam alias distinctio aliquid magni rerum. Dolores voluptatibus natus veniam enim. Architecto nostrum cupiditate consequatur amet natus vel sunt.','1972-11-04 07:24:19'),(16,47,6,'Sunt perspiciatis doloremque alias ad vel nihil numquam. Laborum dolorum labore tempora dolores.','1973-08-20 10:04:28'),(16,606,6,'Et itaque ad dolore est error illum doloribus. Neque et natus vel minima a porro.','1996-04-17 17:28:35'),(16,1339,6,'Nihil fugiat non fugiat blanditiis id. Sunt odit beatae soluta iste. Neque sunt laborum sit odio et ad aut expedita. Vel enim atque omnis quas. Cum inventore amet sint quos quia.','2012-05-14 19:18:57'),(16,1893575,6,'Maxime voluptate maiores rem doloribus sit. Et impedit quia est iusto expedita at et quis. Non molestias consequatur omnis ipsam nam est repellat.','1974-11-06 18:29:39'),(16,8755064,6,'Voluptas minima aliquid asperiores at. Quidem vero in perspiciatis ipsam. Labore incidunt qui ducimus iusto.','1980-12-01 09:47:03'),(16,73215181,6,'Itaque dolor distinctio ullam at sequi. Maiores dolore quia blanditiis qui ut velit. Reprehenderit rem iste dolores ducimus ut reiciendis eaque. Delectus ut ipsa aut incidunt laudantium reiciendis quidem.','2008-05-19 18:37:51'),(17,74,7,'Sit aut at nobis. Et ipsa sint enim sint fugiat sit. Vitae ipsa dolor repudiandae labore est sint velit at. Ullam non cum qui quia ut voluptate. Eos vitae dolorum excepturi voluptas impedit.','1992-04-15 18:52:24'),(17,7472,7,'Aut recusandae ipsam explicabo dolorem ut qui. Inventore autem incidunt at eos. Fugit atque repellat corrupti nostrum dolore quis aut. Laborum eum velit quam non est non et.','2019-05-23 11:01:43'),(17,20804,7,'Dolores molestias repellendus explicabo optio quidem dolores et. Nisi est perspiciatis ullam nam hic. Sunt excepturi libero ut sint sed non. Laboriosam minus expedita magni harum voluptatum illo.','1979-04-15 14:59:11'),(17,333963,7,'Occaecati qui ab voluptates eum. Et dicta et quia non. Nobis nostrum consequuntur voluptatem ab illum iure iusto. Excepturi qui accusantium exercitationem harum sint.','2012-02-23 22:02:31'),(17,736678,7,'Labore et consequatur nihil delectus accusamus asperiores. Enim est odit maxime. Atque soluta laudantium ipsum ratione.','2009-06-10 18:33:35'),(17,3021155,7,'Fugiat ut architecto quia nesciunt dolore animi ad. Et iure odit saepe repellendus et repellendus. Mollitia impedit incidunt consequatur enim unde. Necessitatibus animi impedit qui in atque vel.','2017-06-11 23:19:20'),(18,38,8,'Voluptatem in vel voluptatem ducimus voluptas. Suscipit in commodi officia ad ut et.','1973-11-08 17:53:58'),(18,525,8,'Est eos ea quaerat voluptatum. Eaque et quo labore laudantium. Quas at minima itaque sapiente dolor. Sequi officia molestiae est ut. Et laborum assumenda qui similique consequatur rerum quos ipsam.','1989-10-10 01:47:54'),(18,9909,8,'Ab eveniet ea possimus ipsam ut molestias. Suscipit quasi qui dolorem ipsa. Et iure sed et error minus.','1970-10-22 01:07:02'),(18,11573,8,'Labore magni incidunt officiis consequatur voluptate laudantium cumque doloremque. Aut sit sit vitae magnam nihil aspernatur. Quis quaerat expedita rem aliquid.','2015-09-29 12:06:43'),(18,28081,8,'Porro asperiores voluptate molestiae sunt enim exercitationem. Consequatur neque aperiam minus dolore dolores. Dignissimos molestias ea molestias ipsa delectus.','2003-12-21 13:36:05'),(18,9266451,8,'Fugiat ab natus consequatur quas. Sit molestias nesciunt occaecati eos voluptatem ut hic. Fuga et eligendi atque omnis repudiandae.','1993-03-18 13:58:46'),(19,10804,9,'Fugit aut magni aut in molestias. Voluptate eaque iusto enim sint facere provident. Ab recusandae quam debitis necessitatibus nisi earum eveniet.','2003-10-14 10:31:39'),(19,76727,9,'Labore quidem est odit recusandae omnis. Temporibus et vero nisi architecto dolorem blanditiis. Perferendis at iusto vel voluptatem natus. Aut vitae sunt ut nihil suscipit. Non ut ab inventore qui rerum architecto.','2006-12-21 09:50:30'),(19,4656651,9,'Quibusdam enim omnis iste aut aut enim. Ipsam suscipit a nihil ut fugit beatae reiciendis. Deleniti quasi incidunt debitis reiciendis.','1988-10-16 03:44:37'),(19,6701735,9,'Aut iste consequatur libero quia. Maxime reprehenderit reprehenderit maiores sapiente laboriosam. Beatae recusandae dolores fuga.','1979-12-28 00:21:46'),(19,27100411,9,'Quia voluptatibus quas hic nihil molestiae. Dolor ullam qui consequatur architecto qui. Illum blanditiis aut provident quia sunt odit earum.','1997-06-10 10:02:12'),(19,208705622,9,'Laudantium hic veritatis minima porro porro nostrum sit expedita. Vitae enim repudiandae optio qui est aliquam. Repudiandae inventore ex sequi ipsum sunt.','2014-02-03 20:25:54'),(20,58,10,'Eos totam eaque eum fugiat sunt. Et eos incidunt doloremque temporibus eius quasi rerum. Aliquam impedit qui magni est enim.','2007-11-29 09:19:25'),(20,564,10,'Consequatur et possimus odit porro recusandae. Animi reprehenderit quas doloremque facere laborum. Qui et quae quod rem pariatur qui.','1971-08-21 19:59:29'),(20,9250,10,'Assumenda est esse ipsam provident et eius in. Iure occaecati quia aut unde corporis magnam odit aut.','1993-08-12 00:28:02'),(20,526816,10,'Sit maiores molestiae id consequuntur id adipisci ut. Reprehenderit sapiente atque et dolores id.','1999-05-10 20:37:16'),(20,726629,10,'Tempore hic sint aut cum distinctio repellendus placeat. Quia perferendis cumque similique. Voluptates libero quia qui nihil.','2012-05-31 23:09:26'),(20,81123823,10,'Aut vel libero vitae voluptatem quas. Voluptatem totam sunt et sit ea.','1976-02-26 01:26:25'),(21,310,1,'Ut maxime nobis nesciunt eum incidunt. Aut doloribus rerum neque totam consequatur nisi. Veniam tenetur nulla repudiandae blanditiis. Nemo perspiciatis quis dolorum cupiditate.','1996-11-22 10:26:01'),(21,8268,1,'Temporibus aut omnis consequatur ipsa consequatur sunt provident cumque. Quos repellat iure voluptatibus eos facere beatae in. Ipsa quo ullam est eveniet molestiae.','2018-06-19 18:33:28'),(21,62586,1,'Veritatis perspiciatis iusto ducimus eligendi sunt voluptatem nesciunt. Et facilis itaque est a non. Minus aut libero officia occaecati laboriosam aut. Saepe corrupti modi minima omnis iusto. Vel omnis repudiandae nam repellat.','1971-09-04 08:29:51'),(21,3300928,1,'Omnis expedita doloribus et corrupti voluptatem consectetur. Facilis et ut modi saepe. Ea illo eum distinctio provident et quo animi. Iste atque commodi alias corrupti.','1986-05-30 09:24:14'),(21,5250630,1,'In dolorum assumenda enim. Laborum praesentium inventore quis nihil iusto ratione. Provident quibusdam laborum id ut saepe in. Sunt perspiciatis blanditiis corrupti nihil dolor. Ut doloremque nihil rerum distinctio eum doloribus nemo.','1981-10-30 09:48:46'),(21,50882732,1,'Doloribus ullam libero alias expedita voluptates laudantium quia. Atque totam excepturi itaque nostrum rem. Quasi voluptas tempora ipsam ut recusandae neque id qui. Et fuga et recusandae dolore.','1985-07-05 01:13:34'),(22,2,2,'Repellendus ab officiis maxime doloremque quis architecto. Nobis aut labore temporibus labore. Magnam vel nisi non fuga suscipit. Dicta nihil molestiae corporis sint cumque.','2004-09-14 12:49:04'),(22,336,2,'Nam officiis ut nam saepe voluptatem repudiandae totam. Placeat quia tempora iusto mollitia nam reiciendis.','2002-06-05 05:21:15'),(22,3866,2,'Reprehenderit ut maxime neque illo neque dolor. Mollitia ullam inventore minima aut. Laboriosam sint id aspernatur et est. Sapiente quibusdam ipsa rerum harum recusandae ut qui.','1985-12-12 01:30:25'),(22,5237,2,'Dolores ut enim quia cum aspernatur culpa. Quidem facilis cumque ullam tenetur. Dolore facilis totam corporis maiores eveniet.','1982-09-06 08:14:12'),(22,879603,2,'Debitis recusandae ducimus vel. Nihil ex ipsam accusantium odit excepturi et laudantium. Voluptas est voluptates atque voluptates quaerat et voluptatum.','1997-09-19 09:31:07'),(22,4384463,2,'Debitis omnis similique ea. Impedit ut quo debitis. Ut voluptatibus maiores incidunt possimus illo quas.','1988-11-30 12:22:12'),(23,15,3,'Voluptas dolorem animi ut id. Doloribus minus qui voluptas odio. Doloribus omnis debitis perferendis sint recusandae omnis.','2010-12-28 19:47:57'),(23,24,3,'Aspernatur eum in doloremque nulla optio. Modi assumenda assumenda rerum. Quos quis excepturi veniam. Optio hic voluptas amet.','1988-01-09 02:44:42'),(23,996,3,'Reprehenderit dolor in voluptatibus maiores adipisci. Delectus rerum ut nobis. Est voluptate enim distinctio quas excepturi ipsa autem. Neque omnis voluptas quidem beatae consectetur temporibus.','1970-08-25 05:39:14'),(23,724443,3,'Et qui sed ducimus at. Delectus commodi et quidem ullam perferendis quisquam odit. Eligendi porro magni quo laboriosam. Amet iste magnam voluptatum iste. Incidunt quidem laboriosam nulla rem.','1986-04-25 12:58:43'),(23,1071503,3,'Qui ut nihil esse et eum molestiae. Cupiditate est eligendi molestiae voluptatem dolorem. Vero quos sed maxime aspernatur.','2018-11-21 08:43:31'),(23,6334891,3,'Eum natus eos aut illo aliquid. Eum explicabo nihil debitis blanditiis tempora labore facilis sit.','1974-09-06 12:46:50'),(24,31,4,'Accusamus optio maxime omnis. Fugiat sint et officia sit reprehenderit. Officiis necessitatibus voluptatem voluptas ab. Ab ad aut aliquid aspernatur molestias quam.','1989-07-09 19:57:18'),(24,808,4,'Excepturi dolorem voluptatum sequi et. Placeat quidem omnis enim. Quo magni assumenda dolores accusamus. Molestias et praesentium porro dolorem autem id.','2016-06-09 07:41:29'),(24,6874,4,'Natus dicta ratione ut nihil. Rerum suscipit officiis animi occaecati iusto. Corporis ipsa ut aut possimus accusamus animi dignissimos. Pariatur quidem nostrum doloribus.','2012-04-27 10:22:39'),(24,9163,4,'Minima voluptatem qui occaecati perferendis sed enim. Laborum enim tenetur magnam eos. Sit quisquam consectetur dolore laborum exercitationem nisi. Nobis libero quod maxime incidunt. Consequatur facere illo est fuga.','2007-09-03 18:17:00'),(24,507024,4,'Et delectus deserunt est dolorem occaecati est sunt non. Voluptatibus nisi labore rerum consequuntur. Molestias et rerum maiores molestiae earum at.','1983-06-22 16:15:08'),(24,5782845,4,'Et quia dicta dignissimos rerum debitis. Beatae voluptatum eligendi iure odit accusantium.','2007-06-20 08:46:53'),(25,9124,5,'Cupiditate nesciunt sunt voluptas. Neque dolores et excepturi eaque alias dolorem adipisci modi. Quia non ex architecto eligendi. Maiores sunt numquam quidem ex qui eos.','1997-07-23 16:48:23'),(25,40370,5,'Nihil sed numquam impedit ut accusantium voluptate dignissimos. Ut et facere blanditiis et illum. Dolor enim veniam velit inventore tempora consequuntur. Natus sit voluptas blanditiis quis perspiciatis illo rerum.','1978-06-25 02:39:30'),(25,2551703,5,'Sit sit saepe impedit maxime occaecati. Aut laudantium quis dolore ut molestias dolorum velit ut. Molestiae debitis praesentium itaque illum. Corrupti impedit modi non consectetur.','1993-11-12 07:45:12'),(25,9318681,5,'Perspiciatis quas consequuntur nostrum eum a. Aut cupiditate non vitae reiciendis. Iusto neque sint illo alias.','1995-02-19 07:54:45'),(25,561370325,5,'Vel illum ut iste non placeat recusandae. Et in molestias sed occaecati et repellendus iure eveniet. Dolore sed et maxime tenetur est consectetur.','2001-05-23 02:54:18'),(25,827203977,5,'Dolores et eos ipsum atque. Illo minima esse voluptatem ab quae. Quam eaque voluptas vel vel quisquam exercitationem rerum. In sed neque placeat non expedita.','1988-11-14 16:44:28'),(26,489,6,'Saepe excepturi rerum dicta omnis. Ut non blanditiis quis tenetur. Reprehenderit vel nostrum eos cumque sapiente et.','2012-09-23 05:29:01'),(26,925,6,'Nobis soluta sapiente laborum aspernatur. Debitis sed quia eligendi odit rem et. Accusantium quisquam quo nesciunt ut eaque non aliquam.','1975-01-21 15:08:41'),(26,7664,6,'Error eos sint eveniet sit. A et in sit minima magni soluta laudantium.','2016-04-03 17:10:28'),(26,1365090,6,'Dolores similique quos nam. Quaerat earum delectus dignissimos velit qui. Distinctio nesciunt nihil dolore placeat maxime. Ratione voluptas et nobis. Omnis quibusdam magni et laborum suscipit.','1971-09-01 07:36:52'),(26,27290348,6,'Voluptatem et consequatur repellendus et. Aliquam nihil dolor quia. Voluptatem qui doloribus omnis nihil. Amet sed officiis nam odio aut voluptas sit.','2016-06-25 02:40:15'),(26,34323191,6,'Quaerat vitae explicabo quasi vero est quibusdam. Recusandae itaque fugit tempora distinctio dolor repudiandae nihil. Occaecati et quaerat est enim dolorem cumque et libero.','2013-09-07 17:40:58'),(27,619,7,'Cum qui at ut hic. Ut vero et dignissimos cum. Eum quos impedit voluptatem illum ex dolor qui minima. Sit blanditiis deserunt iste nesciunt porro et sint optio.','1983-06-04 12:13:11'),(27,61839,7,'Est enim qui officiis quia sunt. Reprehenderit harum soluta et est corrupti. Nisi soluta voluptatem dolorem adipisci eum dolorum illo. Illum mollitia nulla sapiente non. Nihil ex ea reiciendis amet et autem culpa.','2016-09-27 04:38:14'),(27,1863167,7,'Reiciendis aut voluptatem mollitia dolor in itaque eaque. Fugiat nemo qui quae voluptatem. Consequatur accusantium et et. Et at dolor molestiae commodi.','1986-10-22 17:17:29'),(27,3182704,7,'Nam rerum numquam sed ex rem voluptates aspernatur. Nesciunt saepe tempore quos rerum minima. Nam mollitia cupiditate est facere. Ratione minima beatae qui odio autem accusamus.','2006-06-03 05:55:54'),(27,64038320,7,'Sit nostrum et enim dolor maiores omnis est tempora. Odit at neque sit aut. Deserunt corporis omnis earum nihil minus iste neque. Facere ut tenetur non et ab.','1987-03-26 18:22:50'),(27,369498308,7,'Distinctio quia dolores quasi facere consequatur. Unde neque omnis cumque minima.','1994-12-30 07:25:42'),(28,66,8,'Ut eum ducimus ut aut eveniet sint voluptas. A enim aperiam porro rerum nobis neque.','2003-09-01 06:33:09'),(28,215,8,'Recusandae iste veritatis omnis quis a at eveniet assumenda. Aut mollitia repellendus eveniet et natus mollitia est. Ratione et aut similique eius.','1988-04-10 06:06:55'),(28,493,8,'Sed et consequuntur natus harum sint laudantium rem quod. Incidunt molestiae officia perspiciatis. Voluptatum ad corporis fuga aspernatur beatae consequatur ut natus.','1992-01-31 18:48:35'),(28,585,8,'Nam quia excepturi aut aut ut dignissimos. Saepe minima at natus et tempora et. Minus at adipisci numquam dignissimos et ducimus.','2011-11-27 05:16:11'),(28,704678,8,'Facilis sunt doloremque ab corporis est quia vel. Eligendi dolores ipsam cupiditate qui. Illum suscipit harum dolores a. Expedita distinctio nostrum nihil qui labore sunt non. Magnam voluptas fugit magni.','1974-03-25 16:18:33'),(28,844574,8,'Deleniti quis harum et beatae deserunt et. Quia et iure ipsam rerum quod. Repellendus accusantium quo blanditiis maxime enim tenetur voluptatem. Temporibus incidunt exercitationem omnis et.','2004-09-25 18:04:23'),(29,5338,9,'Libero vel deserunt dolor est. Ex recusandae distinctio accusantium at sed. Quos quae qui rem nisi omnis. Id impedit quod ipsa.','1995-04-23 13:39:43'),(29,8498,9,'Praesentium hic quos non qui provident molestiae. Sapiente voluptatibus omnis sit et esse voluptas. Omnis non et ab rem. Qui maxime nesciunt sequi esse ab.','1991-12-15 00:24:53'),(29,246387,9,'Qui quod odio harum ipsum aut sequi dolorem. Tenetur minus numquam commodi omnis. Eaque odit dolores ipsum eius dolorem. Rerum iste consequatur delectus rerum et tempora vel. Fugit ex iure natus libero dolore repudiandae praesentium.','1982-09-01 22:06:34'),(29,637196,9,'Sunt totam non quam eos debitis ad laboriosam. Quis nostrum et quia ducimus quasi rerum quidem voluptatum. Ex aut corrupti maxime maiores id minus ut temporibus.','1974-12-22 01:07:32'),(29,6100598,9,'Hic ut magni ipsum sit in aperiam. Praesentium voluptatibus impedit fugiat repudiandae. Quidem voluptatem voluptas quam error. Cum eum quaerat veniam nulla aut porro.','2016-05-29 02:49:43'),(29,484707006,9,'Eligendi dignissimos tempore consectetur cupiditate facilis. Dolore consequatur id dolor enim. Ea in voluptatem voluptas.','1977-12-03 04:16:27'),(30,62,10,'In animi aut qui consequatur illum. Reprehenderit eligendi cum sit enim velit dolor accusamus et. Quo deleniti labore molestiae et reiciendis expedita ut.','2018-02-08 02:28:32'),(30,526,10,'Animi quam cumque autem eveniet. Libero officiis culpa nesciunt. Possimus aut ut repudiandae unde et vel. Eum alias vel aliquid blanditiis.','1997-09-03 12:57:02'),(30,6072,10,'Qui dolor et modi voluptas cum consequatur occaecati. Eos delectus quaerat ullam esse dignissimos ipsam. Fugiat quia odio rem voluptas ratione.','1987-04-11 13:41:54'),(30,8124,10,'Error dolores eum autem consequatur impedit voluptas. Doloremque officia dolorum unde impedit. Quos natus necessitatibus enim.','1991-11-24 00:10:05'),(30,49801794,10,'Accusamus quibusdam autem rerum. Inventore incidunt animi soluta corrupti dolorem et. Placeat rerum incidunt et necessitatibus a dolorem.','1982-04-14 15:59:31'),(30,60990510,10,'Officia non illum placeat nisi sed rerum. Quas deserunt non hic voluptate ipsa. Tenetur odit culpa quasi ea laudantium aperiam. Nesciunt nemo blanditiis et et rerum eius qui.','2014-11-27 22:43:56'),(31,725,1,'Error ullam ducimus voluptatum. Aut ducimus qui et et. Exercitationem est ut nostrum ut architecto quia tenetur.','1989-01-30 23:11:49'),(31,39949,1,'Itaque enim et accusantium. Cumque odit repudiandae vitae. Assumenda corrupti sed rerum saepe est quos. Velit voluptatibus voluptas aliquid consequatur aut.','1974-11-30 22:10:55'),(31,73945,1,'Suscipit non eum ipsam et occaecati. Nemo dolorem rerum voluptas molestias maiores inventore. Consequatur nobis dolor doloremque ut eum omnis cum voluptatem. Vero dicta omnis natus quisquam consequatur optio. Dolore dolore fuga perspiciatis cum non ipsum.','1997-11-16 18:14:21'),(31,574335,1,'Excepturi quia qui vitae sed. In nihil ex officia saepe tenetur et repellendus. Cumque cupiditate qui omnis.','2006-11-14 23:15:37'),(31,7446327,1,'Nobis porro saepe sed dignissimos. Ipsa accusamus et aut eum similique. Necessitatibus et repellendus distinctio consequatur beatae quas.','2005-04-29 12:06:29'),(31,37076636,1,'Quisquam doloribus ex aut inventore dolore. Omnis mollitia dolore sunt id. Aut deleniti quia rerum dolore maxime velit. Sit harum qui quasi expedita.','1996-08-05 08:40:04'),(32,403,2,'Deleniti vero est sint et a et. Aut ex laborum recusandae id illo in. Autem velit distinctio et corporis.','1987-07-29 22:50:10'),(32,796,2,'Praesentium incidunt non dolores reprehenderit vitae perspiciatis et. Aut qui esse sint dolorum est asperiores sint. Voluptatum placeat suscipit illum eius quidem cumque omnis. Similique aut magni vel doloremque repudiandae eaque excepturi.','1992-01-30 18:43:17'),(32,991,2,'Adipisci vel ut aspernatur neque quia officiis. Dolorum accusantium ut est sed labore sapiente non quia. Veniam non nemo harum beatae. Sit exercitationem veritatis sit minima aliquam aut sint.','1970-03-30 08:00:10'),(32,3768,2,'Minus non facere atque temporibus et repudiandae occaecati excepturi. Voluptate debitis nisi laudantium et possimus adipisci ut. Qui dolore impedit illo qui distinctio qui a iure.','2011-02-24 06:25:38'),(32,73803,2,'Quia est debitis at. Fugiat assumenda et error ut ut perspiciatis animi. Perferendis sit ut illo voluptas quasi reprehenderit.','2019-01-05 17:37:45'),(32,229329,2,'Dolor praesentium maiores maxime atque earum voluptatem laboriosam. Incidunt dolorum et et officiis ea. Est magni dignissimos possimus fuga suscipit numquam. Modi enim recusandae quia non consequuntur reprehenderit.','2014-05-18 08:11:54'),(33,735,3,'Neque voluptatem repellendus facere sunt. Soluta eligendi illo blanditiis quia ut aut consequatur. Mollitia earum ut nisi sed qui et.','2004-05-13 16:43:07'),(33,94652,3,'Deleniti quam ratione non illum et alias est qui. Facere sint ullam est ex commodi sed harum. Molestias repellat similique et cum. Officia inventore minima facilis et cum.','1992-11-13 11:45:36'),(33,27320057,3,'Ut non soluta eius dolore et amet et. Delectus laboriosam expedita vitae neque. Qui debitis asperiores ut omnis. Sit quia tempore voluptatem explicabo non.','1999-07-03 16:39:23'),(33,57291711,3,'Officia molestias minus ullam esse. Id sunt error nesciunt ex magnam et. Cumque tempore repudiandae non quae dolores quam omnis.','2017-12-06 17:19:41'),(33,83208335,3,'Aut animi consequatur voluptatibus tenetur maxime vitae sit maiores. Dolor consequatur corporis quod velit sit aliquid reiciendis. Dolorum perferendis fugit et voluptatem autem non adipisci. Cupiditate ut sint qui laboriosam quis omnis maxime. Velit exercitationem a quisquam et quo.','1972-08-28 00:27:58'),(33,178198083,3,'Ad adipisci atque non et qui iste occaecati ab. Placeat eum accusantium est libero molestiae. Est quaerat est magnam consequatur quia tempora quibusdam.','2005-01-12 05:30:36'),(34,1716,4,'Aut explicabo aut et qui. Cumque quisquam nemo accusantium dolorum corrupti corporis. Omnis accusamus sit quos non.','2009-10-16 11:19:33'),(34,73756,4,'Et et ducimus deserunt et non asperiores ut. Voluptatum nostrum iure fuga. Minima cupiditate optio inventore repellendus voluptas. Est sed odio quis tempore.','1988-08-26 01:05:04'),(34,7245301,4,'Quas quas magnam non similique nam doloribus provident. Omnis sapiente est qui omnis ad enim est reiciendis. In odio temporibus possimus sequi quo. Doloribus voluptatem sit incidunt.','2018-06-22 15:40:11'),(34,8500975,4,'Voluptatibus qui consequuntur quam dicta earum corrupti et. Esse esse tempore iure amet. Quis repellendus sapiente non vero omnis. Placeat et vel voluptatum aut debitis omnis. Molestiae consequatur qui vel.','1976-07-06 20:30:39'),(34,9680308,4,'Aut similique omnis ipsam maxime amet quas cumque. Nihil molestiae eaque optio ratione qui laudantium.','2005-04-03 14:57:50'),(34,192047739,4,'Illum culpa error beatae quasi. Reprehenderit ut neque et optio temporibus. Enim iure quibusdam est officiis exercitationem eveniet asperiores.','2009-09-01 17:00:37'),(35,9,5,'Quibusdam corporis nobis consequatur excepturi tempora aut. Fugiat voluptatem id omnis. Ut quasi possimus molestiae.','2003-08-02 08:54:03'),(35,6942,5,'Aut ut reprehenderit eaque et eos possimus deleniti commodi. Sed laudantium nisi voluptatem accusantium. Quasi alias ut sapiente architecto.','1970-04-14 12:14:08'),(35,28561,5,'Animi voluptatem tempore nesciunt debitis error aut numquam. Inventore sit blanditiis dolor minima quia. Nulla accusantium et quisquam dolorem id quam.','1980-01-03 12:18:27'),(35,834109,5,'Ea totam eum corrupti et omnis hic. Dolorem blanditiis et mollitia quasi nostrum. Eius ullam repellendus deserunt qui omnis labore. Ad totam voluptatem assumenda et omnis necessitatibus. Sed omnis enim provident commodi aspernatur.','1971-12-19 18:28:11'),(35,9345169,5,'Voluptatum laboriosam et ipsam ex magnam tenetur totam. Autem sint omnis ut dolor debitis sit. Doloremque voluptatem hic ab fugit cum consequatur.','1997-02-14 01:32:57'),(35,12798948,5,'Vitae omnis magnam earum voluptate nihil. Rem accusantium et et saepe tenetur velit culpa. Reprehenderit aliquam vitae sed voluptas rerum libero et.','1991-04-04 15:17:52'),(36,57,6,'Voluptates ad nam explicabo. In veniam error quis voluptates aut cumque quo.','1972-05-02 20:37:54'),(36,708,6,'Soluta totam nesciunt neque deserunt hic laborum. Ea cum saepe doloribus ut fugiat. Deserunt autem quibusdam repudiandae quas. Tempore omnis officia voluptatem distinctio ad dolorem.','2000-09-10 15:31:11'),(36,2300040,6,'Facilis occaecati rerum accusantium consequatur. Praesentium beatae eligendi odio soluta sed quis repellendus. Nihil eius quod fugiat sunt.','1994-12-25 00:45:53'),(36,3352567,6,'Velit id rem quaerat quis rerum perferendis nihil. Dolorem voluptates qui ut. Ipsam quasi voluptatem id aut quas soluta. Tempora officia aliquid dolorem sapiente optio sequi delectus.','1990-11-29 22:11:14'),(36,93080515,6,'Iusto error perspiciatis labore voluptatem. Quos asperiores harum expedita. Hic nihil deserunt ut ipsum neque facilis. Excepturi neque reprehenderit harum ex.','1992-10-31 14:05:06'),(36,913524564,6,'Dolor aut voluptas illum. Quibusdam dolores et est ea. Modi ab quaerat voluptate accusantium in reiciendis. Enim quia iure qui ipsam.','1975-10-28 01:39:40'),(37,4557,7,'Id ipsum reiciendis dolores voluptates harum. In modi fugiat laborum est. Voluptatem sed placeat ipsa sit vel quia ut. Est ducimus est quo necessitatibus ad facere velit.','1996-04-10 23:43:40'),(37,93056,7,'Ut excepturi occaecati in beatae. Autem nemo aliquam molestiae doloribus. Eaque eius inventore fugiat tenetur eum. Quaerat maxime ut et vel similique accusamus quia.','2010-05-29 21:41:36'),(37,94964,7,'Est ut quod velit reiciendis quos voluptatem odio. Perferendis et ut quis aut. Minus voluptatem natus et distinctio.','2010-11-13 11:50:02'),(37,5289074,7,'Officiis aut quo porro quo. Sunt eos et enim. Assumenda illo eveniet cum veritatis laboriosam quia. Placeat minima hic amet sint dolores iure.','2007-09-29 07:18:20'),(37,94438332,7,'Sunt accusamus aut explicabo voluptas eveniet culpa. Rem dolorum voluptatum ut officia aut amet natus laudantium. Mollitia minus voluptatem aut minima iusto. Maxime corporis magnam repellendus molestiae perspiciatis.','2016-05-07 02:00:03'),(37,696743757,7,'Ut quo deserunt numquam veniam a voluptatem. Sit quis fuga et consequatur voluptate quisquam. Veritatis delectus facere earum atque repudiandae tenetur. Amet impedit quasi ipsam eveniet.','2006-12-19 23:24:15'),(38,3715,8,'Eum est voluptatum placeat ad velit. Ad ut explicabo adipisci maiores est nisi. Quibusdam qui nihil autem hic aut quas corrupti. Ipsum voluptas accusantium officia est et quasi nostrum.','2001-11-04 09:49:27'),(38,5832,8,'Vero et dolorem laborum est. Nam officiis dolores accusantium repudiandae nisi. Non est neque repellat amet aut.','1978-07-27 07:43:59'),(38,12684,8,'Repellendus ducimus doloribus molestiae. Quis consequatur quo aut quod sint doloribus id autem. Ullam saepe dolor ut cumque voluptatem. Ut distinctio rerum aliquid aspernatur accusantium quaerat sequi omnis.','1980-07-23 09:05:30'),(38,7422754,8,'Dignissimos et laudantium excepturi pariatur modi aut illo. Autem ea vitae ipsa deleniti non. Quia voluptatem optio consequatur excepturi velit molestiae.','2012-12-26 10:16:31'),(38,19749987,8,'Aut iure vel inventore et. Ut dolore asperiores omnis. Quia odit unde reiciendis esse. Sed quis dolorem eaque recusandae aliquid voluptatem earum.','1977-10-02 16:21:58'),(38,39049770,8,'Deleniti dolor sit in quisquam. Qui accusantium voluptatem occaecati dolores aut totam doloremque. Hic ullam alias voluptates ipsam. Saepe sed voluptas odio ut.','1983-09-11 19:13:32'),(39,65588,9,'Consequuntur quia reiciendis ipsa consequuntur. Quia laboriosam rerum quia atque omnis quia repudiandae. Inventore qui ratione qui maiores et et ut. Consequatur at eos explicabo maiores culpa consectetur aut.','1990-06-17 23:56:17'),(39,6193187,9,'Et non molestias non quidem possimus aperiam. Dicta voluptate doloribus dolor sequi numquam. Minus ut exercitationem labore illo aut.','1996-04-14 07:34:30'),(39,6254609,9,'Placeat quis qui atque corrupti eum mollitia. Et voluptates qui totam voluptate nihil deleniti cupiditate. Corporis est repudiandae et expedita soluta eos. Eos explicabo omnis blanditiis animi neque corporis praesentium.','1979-03-22 23:05:56'),(39,86125765,9,'Sunt pariatur aut dolores quas. Modi ut temporibus dolor numquam est autem consequatur. Odit et velit quo. Doloribus facere omnis enim iste vel quos fugiat.','1978-01-29 18:00:04'),(39,145650526,9,'Dignissimos eum sed eum beatae facere. Atque accusamus sed ullam consequatur est quisquam alias. Nobis repellat fugiat deleniti aut corporis reiciendis laboriosam doloremque. Optio pariatur laudantium ut ullam at.','2004-11-06 00:24:18'),(39,256022123,9,'Voluptatibus sed iure et ut esse labore dolorem. Earum et eaque voluptas asperiores nam eaque id. Cupiditate asperiores commodi aspernatur error id voluptatem est.','1986-12-08 15:36:46'),(40,61,10,'Deserunt earum ducimus cumque nulla. Dolor voluptate at fuga reiciendis consequatur. Rem consequatur velit voluptatem officia fugit commodi.','2017-06-13 15:49:25'),(40,100,10,'Consequuntur qui repudiandae saepe quam dolores repellendus. Perspiciatis officia autem qui accusantium enim quia. Cumque perspiciatis voluptatem officiis fuga delectus ea.','1979-06-21 03:34:14'),(40,774,10,'Aperiam error non quae eius. Dolorum nam reiciendis ipsum. Quia enim ut culpa esse molestiae.','1982-07-06 19:54:02'),(40,237883,10,'Repudiandae et tempora hic atque libero. Ea fugiat laborum fugiat architecto possimus. Vero eveniet explicabo quidem possimus debitis ut temporibus non.','1989-06-19 19:57:04'),(40,2775147,10,'Odit quasi ut corrupti. Delectus debitis neque placeat fugit minima eum quia. Cumque et molestiae sapiente.','2012-03-02 16:47:03'),(40,6818656,10,'Illum consequatur mollitia labore sint quisquam exercitationem cum iusto. Id aut vero qui quasi enim mollitia. Possimus vitae enim quisquam debitis possimus. Soluta tempore reprehenderit odio beatae non.','2016-06-29 04:16:32'),(41,16,1,'Ut similique cumque quod eius et. Enim beatae numquam ipsa aspernatur rerum vel qui quos. Possimus asperiores labore sint itaque. Numquam necessitatibus eveniet nisi labore deserunt similique reprehenderit.','2004-06-18 18:56:58'),(41,238,1,'Pariatur saepe quasi aspernatur dicta. Est non voluptatem illo corporis. Quia et asperiores omnis commodi. Rerum quidem aliquid voluptates officiis vero rerum perspiciatis.','2017-05-16 00:18:56'),(41,39908,1,'Tenetur iusto omnis officia aut dignissimos laborum eum qui. Maiores deleniti explicabo numquam repudiandae distinctio in quia. Dolorem consequuntur deleniti et rerum voluptas et ut vitae. Iste sint non quae consequatur.','1972-01-20 05:34:37'),(41,74565,1,'Beatae illo laudantium laborum praesentium quis numquam. Amet quos suscipit consequatur est animi velit ipsa. Ut ipsam consequuntur non.','1996-05-06 10:20:52'),(41,19291916,1,'Molestias eaque delectus distinctio ea nam non. Exercitationem velit et non. Ut pariatur perferendis ab minus autem non ut qui. Facilis inventore ut itaque excepturi non ut ea. Nulla est ut consequatur ut eius tempore.','2004-03-24 11:06:52'),(41,582253996,1,'Aperiam dignissimos asperiores sunt nam cum voluptatibus deleniti. Molestias nemo aut sint vero et. Adipisci magnam vel ea velit quia ipsam rem. Quaerat repudiandae quia vero.','1989-04-03 03:09:40'),(42,892,2,'Veniam quidem adipisci aliquid itaque qui consequuntur qui pariatur. Provident eos ut in voluptates consequatur. Ipsa totam error impedit molestiae consectetur. Iusto et corporis aut.','1996-02-29 16:36:12'),(42,2632,2,'Natus at est blanditiis molestias. Nemo nemo dolores praesentium officiis assumenda voluptatibus nostrum esse. Qui nesciunt est porro neque qui illum culpa hic.','2018-01-26 00:05:23'),(42,645638,2,'Voluptatibus quo dignissimos nihil nam sequi illo optio. Rerum cum tempora eius ipsum fugiat. Repellendus distinctio a fuga voluptas dolor.','2010-04-11 01:46:46'),(42,747584,2,'Quia et est aut blanditiis. Velit earum corrupti dolorum harum iste reprehenderit ut rerum. Qui ducimus enim ipsam qui esse optio magnam.','1977-11-13 18:40:21'),(42,85991418,2,'Perspiciatis possimus est reiciendis modi expedita cum rerum est. Labore quo reprehenderit dolor incidunt saepe molestiae. Quod odio itaque amet quam omnis necessitatibus corrupti error.','1988-06-20 06:54:45'),(42,276998653,2,'Modi autem ad id sequi dolorum qui laudantium. Veniam qui voluptas voluptatem odit. Quia ut maiores est facere praesentium qui magni quia. Voluptatem quis dolore amet omnis a magnam et.','1995-05-11 19:45:48'),(43,32,3,'Provident sint nobis impedit eos ut voluptatem. Et est consequatur explicabo cumque alias labore ratione est. Tempora minima dicta sed quo suscipit.','1988-03-13 04:21:52'),(43,637,3,'Consectetur maiores aut eius sed repellat. Dolorum itaque repudiandae vel esse sit in velit. Odit quibusdam non id sint reiciendis necessitatibus aut odio. Enim est inventore impedit consequatur quam.','2012-06-08 19:26:32'),(43,7198,3,'Et porro velit quos corporis quas. Molestiae sed culpa eius accusantium laudantium cumque aut. Aliquam distinctio adipisci repudiandae consectetur fuga.','1985-11-08 03:49:29'),(43,7762883,3,'Libero omnis ut dolore. Nam reiciendis et aliquid ut dolorem qui dolor harum. Molestiae saepe repellat possimus odio sunt a. Voluptatibus ut aliquam perspiciatis repellat hic.','1972-06-13 05:06:26'),(43,919190943,3,'Aut assumenda sed consequuntur suscipit id est voluptas. Laboriosam facere voluptatum nihil neque et voluptatum rerum. Sed adipisci dolore aut numquam. Tempora facere aut pariatur.','1981-12-15 14:26:04'),(43,986355631,3,'Voluptatem ducimus voluptas quos non. Sunt quibusdam porro voluptate ipsam cum tempore. Ratione omnis voluptatem fuga nemo ea quas in. Quia inventore est quis et laborum aut.','2001-05-10 12:02:28'),(44,5485,4,'Ut est eum exercitationem voluptatem. Nostrum iusto temporibus et qui. Fugit vel doloribus dicta voluptas. Modi reiciendis rerum ullam consequatur harum sunt numquam. Non labore architecto delectus ducimus dolores delectus enim fugit.','1989-05-05 20:54:21'),(44,53232,4,'Nihil consequatur velit modi laudantium omnis. Perferendis consequuntur nihil itaque veritatis et aut. Distinctio quaerat similique unde laborum et aut.','2004-09-25 02:54:23'),(44,602526,4,'Molestiae libero consectetur sed optio aut ut. Sed repellendus nostrum quisquam rem. Fugiat sunt a facere qui aspernatur est nihil at. Est omnis pariatur vero.','2016-10-05 20:40:32'),(44,1858204,4,'Beatae facere facere iure pariatur consequuntur eum. Optio doloremque vel ducimus. Dolor vel dolorum sint aut aut reprehenderit. Et dignissimos culpa fuga inventore tempore.','2019-04-18 00:53:32'),(44,84217723,4,'Fugiat deserunt vitae aut sunt delectus rerum sunt autem. Aliquid dolor voluptatibus quia quis nulla et. Delectus nostrum fuga et temporibus assumenda dolor officiis aperiam. Repellat delectus animi et.','1995-09-10 21:15:18'),(44,898713896,4,'Voluptatum aut aperiam qui ut aut. Laborum et natus quos fugiat quod. Est enim omnis illo autem voluptas magni odio.','1996-02-09 14:31:39'),(45,19,5,'Nulla expedita facilis non aliquid neque. Laborum earum ex corrupti fugit.','2009-09-12 00:04:30'),(45,67,5,'Accusantium voluptatibus ipsa hic laborum. Et possimus aut possimus eveniet ea voluptas hic. Ipsam totam nesciunt rem beatae. Occaecati exercitationem deserunt minus quasi aut optio magnam.','1996-09-18 15:54:58'),(45,79,5,'Quod eveniet perferendis eos voluptatibus eum. Ut nisi cupiditate labore et debitis illum quod. Quisquam aut ut aut rerum.','1993-11-25 19:32:10'),(45,85,5,'Quam pariatur eos eligendi recusandae sapiente consequatur et error. Id tempora ea consectetur culpa accusantium.','1990-05-26 14:14:16'),(45,791,5,'Et aut totam fugit optio et quia tempore. Culpa quam accusamus et nemo. Quia error animi sunt ut at.','2011-03-25 13:06:06'),(45,15725,5,'Vitae sit tempora distinctio non similique vitae. Dolores asperiores tempora sapiente. Corporis nostrum et ea et consequatur corporis ipsam.','1990-02-21 11:16:18'),(46,862,6,'Nostrum qui autem provident alias fugiat omnis. Quo eum labore velit quaerat. Sint necessitatibus quibusdam ut aut dolores non ipsa. Consequatur suscipit minus sapiente sit eligendi est.','1990-03-31 14:32:16'),(46,4920,6,'Animi voluptas sit ut animi rerum. Et consequatur perferendis sit temporibus. Incidunt sapiente corporis suscipit sit corporis facere quia.','1977-10-20 15:36:07'),(46,365784,6,'Est perspiciatis et qui laborum voluptate est facere. Et est vel omnis saepe. Expedita aut iste et rerum voluptatum sit molestiae. Non fugiat aut error quisquam optio.','2007-02-19 20:56:07'),(46,831224,6,'Optio aut ratione et. Facilis in beatae laboriosam ut commodi voluptatem eius. Ducimus est ut laborum sit molestiae. Quia voluptatem earum dolorum nihil qui repellat neque.','1976-02-10 15:13:01'),(46,52476335,6,'Neque occaecati dolore consequatur voluptas dolor. Fuga aliquid distinctio iste debitis sed odit excepturi. Maiores adipisci deserunt fugiat voluptatem tempora quasi facere. Temporibus molestias in dolores.','1979-05-28 06:54:22'),(46,71039196,6,'Quisquam ipsam dolorum ipsa assumenda voluptates totam aperiam sed. Labore qui eum aut qui iusto nam. Laborum exercitationem aliquam quae pariatur maiores vel.','1987-10-10 11:21:50'),(47,77,7,'Et pariatur sunt id quos aut nemo fugiat. Doloremque molestiae sit commodi repudiandae natus aut quam.','1982-03-22 16:43:02'),(47,48022,7,'Pariatur corrupti aut aut pariatur delectus rerum ullam. Consequuntur earum cupiditate culpa mollitia. Corporis qui provident harum optio totam. Aliquam voluptas ut officia vitae.','2016-01-13 03:21:51'),(47,800654,7,'Voluptatem at culpa temporibus sit. Consequuntur est amet voluptate dolorem rerum maxime tempora. Est et est tempore repellat. Esse asperiores sunt mollitia numquam excepturi.','1989-09-02 08:00:26'),(47,29643642,7,'Velit ex distinctio voluptatem aut illo sequi. Aliquam non consectetur officia magnam suscipit aut. Quos magni corrupti et et ipsam omnis.','2007-01-30 13:39:58'),(47,57887668,7,'Autem voluptatem dolor aut alias omnis numquam. Esse error vitae quo. Voluptates sunt eaque error a suscipit asperiores.','2009-04-26 04:04:11'),(47,146987081,7,'Autem laborum ut quia et vel sequi eveniet facere. Adipisci eveniet aut sunt. Soluta consequatur consequatur placeat adipisci voluptatem quos. Hic deleniti et voluptates magni.','1989-04-20 11:35:21'),(48,131,8,'Laboriosam et praesentium autem est id qui repellendus. Et rerum delectus vel esse vel. Iure accusantium possimus architecto omnis ullam blanditiis sed. Consequatur voluptatibus et tenetur. Ipsum fugiat itaque est qui esse.','1988-09-11 01:25:59'),(48,237,8,'Facere eos modi tenetur qui ut. Alias in quo vel repellat. Quia ullam ab porro maxime veniam provident. Impedit reiciendis reiciendis perspiciatis quasi quidem et omnis.','1995-10-03 05:28:37'),(48,4805,8,'Molestiae et dicta praesentium illo vel voluptatem. In nobis omnis repellendus possimus et laudantium aut. Neque et quidem quae voluptatem. Ex distinctio itaque laborum placeat est et tempora.','2005-11-12 16:50:29'),(48,24860,8,'Fuga ut quo dolore dolorem natus assumenda quia sint. Esse facere et corrupti error sit rem. Omnis rerum consequatur deserunt voluptas non nemo. Ab aut autem dicta molestiae.','2007-07-16 00:50:13'),(48,227674,8,'Velit ad dolores fugit sunt. Quidem doloremque explicabo dolor omnis reiciendis quae. Ducimus quasi consequatur totam consequatur eos. A dolor autem itaque sequi.','2014-05-22 11:33:09'),(48,923584229,8,'Veritatis cumque eum nostrum assumenda eligendi esse suscipit. Maxime nostrum repellendus aut amet. Delectus recusandae numquam saepe aspernatur eaque sed aperiam odit.','2001-03-22 13:28:01'),(49,50,9,'In ad laborum qui dicta ad qui. Molestiae culpa eum voluptatem nam amet et labore.','2013-02-23 02:54:11'),(49,550,9,'Voluptas incidunt autem perspiciatis eligendi. Veritatis deleniti et explicabo cumque. Minus atque accusamus consequatur quidem.','1988-01-13 00:55:37'),(49,466443,9,'Veniam magnam eveniet occaecati. Doloremque et voluptate vero. Ipsa suscipit dolor quisquam consequatur iste dolorum recusandae enim.','1983-02-12 21:27:00'),(49,1155263,9,'Rem earum tempore et quos commodi. Sit aut asperiores quia minima voluptatem repellendus. Rem voluptatem incidunt et officiis.','2015-08-21 10:55:43'),(49,1355843,9,'Explicabo dignissimos voluptatem quaerat veritatis ut sit. Quas maiores doloremque enim facilis. Voluptates repudiandae doloribus et repellendus nam blanditiis nobis voluptatum.','2012-06-24 16:46:40'),(49,47268190,9,'Exercitationem et autem voluptate ipsa porro qui saepe. Atque vitae voluptates quia quia ut. Similique et id tempore quas assumenda itaque. Et explicabo dolorem qui dolorem non ducimus accusantium.','2015-11-03 21:24:08'),(50,626,10,'Accusantium et ut et earum. Suscipit dolor iste id dolor harum perferendis. Non quaerat voluptas tempora.','1986-08-17 04:56:04'),(50,4730,10,'Consectetur quis similique voluptas consequatur ullam. Facilis et vel sed et tenetur rem dolorum.','1975-07-09 07:55:41'),(50,59175,10,'Ut molestiae suscipit fuga suscipit deserunt. Accusantium nisi excepturi ab aut reiciendis quis. Incidunt eum nihil id excepturi. Deleniti neque numquam dolorem qui eius aliquam.','1987-04-21 11:37:55'),(50,606638,10,'Incidunt impedit quisquam est. Eligendi consequuntur rerum sed tempora laborum quia earum.','1975-04-21 01:17:19'),(50,2522816,10,'Minima veniam nesciunt corrupti eos sit dolor. Sed quia eligendi cumque numquam. Voluptatem quas fuga veniam autem necessitatibus vitae rem voluptatem. Quia harum repellendus quae aut rerum est non.','1995-12-14 06:18:01'),(50,43850682,10,'Quaerat quam voluptas aliquam natus excepturi earum voluptas. Tempora voluptas et est ex nisi velit mollitia qui. Optio et facere quod veniam eligendi quis voluptates. Laboriosam eveniet distinctio facere culpa.','1980-10-24 14:39:08'),(51,191,1,'Aut eaque adipisci sed consequatur autem expedita quasi. Fugit laboriosam voluptatem enim possimus sit. Libero voluptates accusantium nemo atque. Velit et quaerat placeat in veniam ut.','1996-07-06 14:19:15'),(51,659,1,'Itaque incidunt iure molestias est. Sint odit corrupti debitis consequatur. Ab ut voluptas nam perferendis omnis.','2013-01-22 21:01:00'),(51,8837,1,'Officia sapiente doloremque quae odit sit eligendi. Amet qui expedita iste omnis vel. Eius aspernatur eum et quibusdam consequatur sed est. Non consequatur ut animi ea a exercitationem. Saepe sint eligendi veritatis rerum ad.','1976-04-06 09:43:07'),(51,86664,1,'Vel error beatae consectetur reiciendis explicabo numquam. Ad in quibusdam est soluta nulla. Occaecati natus non dolorem. Voluptas libero deserunt cumque odio.','2005-01-19 19:49:41'),(51,816011,1,'Perferendis aliquam incidunt exercitationem laudantium eum doloribus quam. Qui ab nostrum ut fugiat quae placeat voluptatum accusantium. Qui dolore est sequi aliquid non aut. Possimus sed et non nihil consectetur.','1996-05-18 20:59:06'),(51,77798340,1,'Ut aliquid eum id voluptatem. Qui exercitationem architecto ex similique voluptas sint expedita. Accusantium explicabo veniam quod.','1981-02-17 23:18:27'),(52,10,2,'Assumenda quod a accusamus blanditiis. Possimus eius eaque voluptatem tempora.','2019-07-02 06:58:35'),(52,76270,2,'Animi voluptatem est vero cupiditate possimus sit. Natus laborum corporis et facilis provident. Corrupti ea possimus vel ex molestias.','1993-01-25 14:13:57'),(52,8626127,2,'Eum alias ipsam non. Est et ea autem minus sunt ea. Cumque dicta aut iste vel rerum consectetur. Sit id maiores impedit officia possimus.','2004-01-08 11:45:25'),(52,754447495,2,'Eum quis dolores pariatur omnis molestiae doloremque est. Et illo vero ipsum. Fuga ipsum quia alias pariatur doloremque maxime.','2007-12-07 09:48:52'),(52,831667954,2,'Qui facilis laudantium eveniet. Qui consequuntur et qui et. Quia eos nam ratione. Assumenda exercitationem fugit totam doloremque quas molestiae itaque.','2019-02-21 22:56:44'),(52,983615377,2,'Eos consectetur rem provident temporibus et rerum voluptas. Quas quae delectus veniam dignissimos animi recusandae. Voluptatem autem ullam sint quo enim et necessitatibus. Blanditiis praesentium hic explicabo.','2004-01-12 04:52:33'),(53,464,3,'Ipsum inventore totam ex provident voluptatem quia suscipit. Est ut quam dicta quis enim. Facere beatae non repudiandae maxime rem ut sed.','1997-01-07 02:34:59'),(53,41354,3,'Debitis accusantium saepe omnis ut temporibus in necessitatibus. Illo voluptatibus sed et iusto. Quam sit nam nobis dolor. Distinctio qui et ad quam illum assumenda non.','2003-04-02 18:36:03'),(53,1415356,3,'Aut exercitationem debitis totam debitis ullam ut similique. Necessitatibus dignissimos sed quibusdam tenetur soluta minus qui.','2019-04-22 19:46:23'),(53,11239412,3,'Vel voluptatem velit odio nulla quae ea dolor. Aspernatur voluptatibus omnis dolorem. Dolor est officiis quis.','2017-10-10 15:59:06'),(53,28897421,3,'Adipisci voluptatibus fugit ea sed adipisci. Quis omnis nemo impedit et nam est. Et aut et inventore. Vel dolor aliquam placeat expedita natus soluta possimus.','2012-08-02 01:58:39'),(53,36967873,3,'Soluta hic magnam in nemo est necessitatibus. Quis autem optio qui fugiat dolore quibusdam.','2018-07-04 03:02:06'),(54,84,4,'Nulla enim tempore amet. Dignissimos sed maxime vel ut rem sed et vero. Velit qui ex modi ut possimus aperiam nulla beatae.','1975-03-16 09:09:33'),(54,180118,4,'Impedit sit animi et sit. Adipisci facilis non aut dignissimos non ipsa ut. Qui sunt et dignissimos et doloribus.','1986-02-16 06:25:18'),(54,243183,4,'Eaque neque aut quis architecto repellendus voluptatibus. Aut officiis distinctio consequuntur cum ut officiis maxime assumenda. Magni eius consequatur non necessitatibus temporibus magnam.','1999-10-18 19:50:01'),(54,1083170,4,'Voluptatum voluptatem deserunt sequi molestiae. Repellat laudantium necessitatibus sit consequuntur ut sapiente illo. Facilis ea molestiae ut.','2000-08-14 17:53:12'),(54,63066189,4,'Consequatur aut quo voluptas sed ut omnis. Minima quia nam neque aut libero fugiat excepturi. Necessitatibus officia voluptas dignissimos magni perferendis. Vero vel velit aut minus.','2005-05-04 21:00:35'),(54,881756645,4,'Incidunt veniam aut velit consequuntur architecto. Voluptas magni earum dolor.','1988-02-10 05:15:02'),(55,8,5,'Laboriosam tenetur ut voluptatum rem. Commodi quisquam iusto et et corrupti. Pariatur tenetur voluptatem necessitatibus dolorum rerum.','1988-01-12 18:35:06'),(55,850,5,'Aspernatur labore magni enim et vel. Blanditiis est sed aut quia voluptatem expedita rerum blanditiis. Fugit ad quis ut exercitationem dolor repellat non eum. Necessitatibus minus voluptatem adipisci distinctio. Voluptate soluta ipsa vitae reiciendis.','1984-07-04 18:18:59'),(55,7255,5,'Sed at iste a temporibus dignissimos natus. Repellendus est eaque est voluptate consequatur eos. Perspiciatis nihil quo sit eveniet laborum.','1980-09-22 01:58:07'),(55,9068,5,'Quasi deserunt voluptatem quibusdam. Aut aut dolorem illum corporis dolores sapiente voluptatum. Nulla ut voluptas accusantium animi natus. Deleniti nulla fugit est possimus aut at voluptas ad.','2012-10-01 08:47:35'),(55,8542261,5,'Dolorem qui alias est neque. Atque voluptates autem est tempore voluptatem quisquam. Qui accusantium voluptatibus architecto magnam rerum.','1996-04-09 10:24:29'),(55,395273229,5,'Modi ut dicta nemo sint. Temporibus enim cumque aliquid voluptas. Est incidunt dignissimos error inventore sed eum molestiae.','1995-01-30 20:58:55'),(56,8814,6,'Et exercitationem a distinctio ea. Et alias deleniti eveniet dolores velit rerum repudiandae. Ea quod amet rerum qui esse. Beatae aut aspernatur rerum ex dicta est incidunt architecto.','2013-06-30 13:45:34'),(56,19242,6,'Rem nobis possimus atque sunt nesciunt omnis voluptatem. Ex in maiores aut modi.','1972-08-07 17:00:08'),(56,6406534,6,'Fugiat et qui laboriosam molestias ea dolore illum quidem. Facere magni rerum officia et aut. Consequatur et commodi alias. In voluptate exercitationem nihil eum voluptate nemo voluptatem.','1983-02-23 17:10:01'),(56,7991204,6,'Autem enim recusandae voluptate et aliquam et cum. Dolores enim quia sint dolor. Provident illum occaecati et animi voluptatibus atque at. Numquam dolorum qui qui tempore ea.','1997-10-17 11:03:29'),(56,49255168,6,'Molestias unde dolore voluptas eos. Voluptatem ipsam quia dolorum magnam libero. Sint explicabo laudantium maiores deleniti dicta optio.','1976-05-26 19:43:48'),(56,99596792,6,'Iusto alias provident repudiandae ut. Nihil dolor sunt placeat voluptatum.','2003-09-19 03:22:05'),(57,93,7,'Tempora iure ut qui. Dolor eos qui ab numquam quidem velit doloremque esse. Molestiae labore rem fugiat quod voluptas fugit culpa. Non similique saepe maiores dignissimos est. Sit maxime ipsa adipisci ipsum repudiandae.','1997-04-11 07:15:45'),(57,548,7,'Aut ut temporibus quisquam ex perspiciatis dicta. Beatae sed consequatur veniam voluptas. Pariatur rem et dignissimos sequi. Ab laudantium distinctio molestiae voluptatem.','1986-05-23 18:23:28'),(57,6894,7,'Maxime debitis magni labore rerum itaque aut sunt. Repellendus debitis adipisci eligendi sunt id magni odio. Eligendi quasi doloremque est ipsa est laboriosam eum.','2004-07-10 17:19:29'),(57,254332,7,'Id aut in quam rerum sed. Quia aut qui magni sapiente necessitatibus aut dolore. Atque sint sed dolores aut voluptas consequuntur quod. Dignissimos ab praesentium voluptatem corrupti sed.','2004-02-18 08:45:48'),(57,1980689,7,'Omnis voluptatem magnam atque incidunt est error pariatur error. Temporibus numquam sequi rerum nulla velit ipsam. Repudiandae rerum tempora porro vero quis porro dolores. Qui sit suscipit omnis recusandae voluptatem.','2008-12-09 01:05:39'),(57,96430851,7,'Est suscipit rerum voluptatibus consequatur aut. Quaerat delectus assumenda non. Magni nobis quos qui quia aperiam et. Molestias tempore perferendis excepturi eum ullam aut.','2001-01-31 06:44:14'),(58,4150,8,'Dolore illum cumque sapiente dignissimos. Voluptas delectus libero magni sequi. Deserunt sint corrupti maxime assumenda aut.','2011-03-12 04:42:38'),(58,60387,8,'Omnis et quibusdam et voluptatibus. Reprehenderit aliquid blanditiis rem nam quas enim. Consequuntur ab quae et aut. Omnis quia quisquam magni non repellat iusto et.','2017-01-20 02:40:57'),(58,900151,8,'Ullam hic aliquam reprehenderit consequatur excepturi ut. Aliquam occaecati quis quo atque mollitia. Animi earum a natus natus et illum.','2003-12-13 16:46:35'),(58,8791358,8,'Et eum numquam numquam eum. Assumenda facere minus omnis praesentium. Excepturi saepe veniam est excepturi et deserunt culpa.','2016-12-08 09:51:30'),(58,62527743,8,'Consequatur et voluptas a voluptatem. Repudiandae et doloribus veritatis perferendis. Quaerat beatae delectus aliquam aut sunt accusamus facilis. Molestiae ut laboriosam enim eveniet possimus.','2008-09-06 22:15:21'),(58,85324761,8,'Dolor quasi aut eaque totam eum recusandae. Adipisci quasi alias explicabo minima. Vel necessitatibus vitae ducimus ipsum qui adipisci odit. Ut exercitationem hic molestiae aut.','1978-02-04 10:08:21'),(59,580,9,'Nemo et facere ab officiis. Quidem dignissimos est similique reiciendis sit iure nihil et. Dolor eos repudiandae hic unde reiciendis eius. Et asperiores optio illo totam quia et eos. Quam non aut eos animi quae sint.','1972-02-19 17:44:52'),(59,2336,9,'Nesciunt voluptatum qui sint et. Enim et est architecto ullam dolorem inventore omnis. Voluptas explicabo itaque quod asperiores reprehenderit at.','2011-10-04 20:25:10'),(59,4046,9,'Consequatur et libero amet et. Distinctio aliquam qui et est sed sequi sit. Repudiandae numquam nostrum temporibus ex.','1986-11-12 23:05:01'),(59,9560561,9,'Dolores omnis magnam nobis et accusantium et. Laboriosam labore accusantium asperiores sed quos. Consequuntur dolorem molestiae consequatur voluptatum et sequi.','2015-02-26 05:16:39'),(59,77497953,9,'Molestiae suscipit aliquid et vitae a amet. Et et nobis expedita rem voluptate ab quas totam. Eos quod nam blanditiis modi. Corrupti aut veritatis libero dolor ipsam et repellat eveniet.','1972-05-31 22:31:58'),(59,468049538,9,'Autem nemo ipsam rerum id. Amet ad recusandae perspiciatis laborum. Quia possimus vel blanditiis. Voluptates quasi ab sint rerum dolor blanditiis.','2017-07-23 04:22:57'),(60,53,10,'Sed perspiciatis ut laborum delectus. Vel consequatur tempore non cum dolor maxime.','1973-12-24 02:47:14'),(60,974,10,'Magni atque vero aliquid vel placeat vel sunt. Aut blanditiis voluptatum in aliquam repellendus ea atque. Quas libero est est quod ipsam recusandae. Eos laudantium sit sunt consequatur dolorem fugit impedit.','2012-06-17 21:51:12'),(60,1687,10,'Minus et voluptas voluptatem voluptates voluptatem. Rerum ea eveniet labore officia quam atque et fuga. Eum quibusdam doloribus quia voluptatem ut sed ut. Magnam aspernatur dolor labore ab sit quidem.','1990-10-24 16:34:57'),(60,8110,10,'Voluptatem sunt quam ut dolor. Animi quam et minima molestiae. Voluptate quia saepe aut est itaque id. Aut nisi et dolorem doloremque iusto. In ratione corrupti iure sint.','1971-10-13 22:58:10'),(60,9644,10,'Eaque eaque eaque unde ea sunt dolor vitae optio. Qui quasi minima quae. Praesentium voluptas corrupti ratione beatae architecto optio et. Ipsa dolorem vel enim quis modi sed eum.','2008-10-17 06:07:42'),(60,64997125,10,'In quam unde porro. Qui commodi sed autem.','1994-07-25 07:27:14'),(61,3464,1,'Sit modi et dolorem eveniet reiciendis magni quaerat. Eius veritatis ex optio est velit voluptates. Consectetur voluptate sit deserunt vel cupiditate voluptatem porro. Ex saepe a quidem non deleniti.','2001-12-21 20:09:52'),(61,92801,1,'Exercitationem praesentium debitis illum praesentium exercitationem aliquam aut. Fugiat minima eaque aut omnis est. Magni vel molestiae labore.','1986-11-09 06:39:24'),(61,279668,1,'Aut voluptatum ipsam sequi quis est autem quia. Ullam similique culpa omnis qui et. Aperiam et minima a ipsum in. Id quam voluptas fugiat quia dolorem autem.','2003-09-20 20:35:53'),(61,651079,1,'Odit voluptate aut aliquid autem. At consequuntur esse sapiente sint nulla.','1972-04-19 00:35:06'),(61,75096509,1,'Quasi sunt ducimus qui quidem. Deleniti voluptatibus ab qui sit et. Quidem non qui esse odio commodi quo dolorem.','1999-05-17 19:16:32'),(61,86249501,1,'Quo in voluptatem fuga sunt est voluptates sint. Dolor magni occaecati porro provident maxime. Et commodi ut voluptatem fugiat corrupti iusto non. Aliquid quas fuga eius ut ut. Quas quod eum beatae voluptatem.','2010-06-20 10:49:47'),(62,78,2,'Debitis corrupti perspiciatis aut optio ut earum dolorem ut. Consequatur soluta ullam quos distinctio et. Animi velit impedit commodi tempore facilis magni provident soluta.','2008-08-23 02:10:36'),(62,950,2,'Et autem dolor odio aliquid est. Doloremque vel quae repellat sunt ratione. Accusamus saepe qui suscipit. Consequuntur eveniet iure perferendis repellendus velit facere.','2007-10-25 11:56:49'),(62,34483,2,'Debitis animi illum numquam soluta. Ea cum culpa et ut molestiae placeat officiis.','2013-07-31 00:34:22'),(62,634848,2,'Tenetur sed molestiae quisquam vero. Sed et rerum impedit vel doloribus. Et harum consequatur illum quia reiciendis exercitationem.','1999-01-11 13:50:32'),(62,3850006,2,'Dolor ipsam expedita qui odit. Voluptas ea et porro facilis iusto laboriosam explicabo. Aperiam soluta totam impedit corporis quia quam. Atque reiciendis voluptatem modi.','2015-06-23 10:03:34'),(62,87126509,2,'Voluptas ipsum voluptatem id ut. Sunt cumque nam quia quia. Incidunt minus praesentium recusandae et et quae. Dolores non asperiores qui distinctio.','2007-06-21 20:41:06'),(63,963,3,'Occaecati in molestias maxime. Suscipit optio voluptate eius natus ducimus. Illum deleniti quod quia accusamus sed eos. Illum eum in voluptas molestiae suscipit quod perspiciatis.','2006-08-09 04:30:50'),(63,6196,3,'Totam esse repellat exercitationem. Occaecati error temporibus sit ipsum dolor et voluptates. Voluptas vel minus veritatis mollitia fugiat consequatur expedita. Culpa quisquam laudantium quasi iure dolor eum.','2004-02-15 03:57:29'),(63,7218,3,'Ut animi voluptas id ea modi ipsam in vero. Consectetur voluptate esse dolore porro doloremque molestias iure sed. Expedita ut eos qui blanditiis eum hic repudiandae eius. Veniam quia non architecto est iste est omnis fugiat. Labore et ea alias at numquam placeat est.','2016-04-12 10:42:28'),(63,546112,3,'Et earum magni molestiae magnam. Unde nobis odit qui perspiciatis eos facilis quisquam fugiat. Nisi nostrum odio totam aut similique culpa. Doloremque quisquam voluptatem veniam voluptates ducimus.','2002-07-31 11:59:42'),(63,32015077,3,'Dolorem non ad sunt asperiores asperiores ea. Omnis placeat iure rerum aut omnis pariatur dolorum. Enim fugiat unde sit voluptates.','1988-12-13 12:01:41'),(63,674310175,3,'Nisi et eum voluptatem laborum qui inventore. Ut ea et aspernatur rerum est. Repellat sed optio nihil facilis sunt id ea. Cupiditate vitae et facere iste culpa ut dolore quos.','1972-12-09 17:48:40'),(64,4,4,'Et aut nobis qui. Possimus expedita veniam animi qui mollitia voluptatem. Aliquid nisi aut beatae corrupti.','1993-02-20 22:11:45'),(64,9579,4,'Non ut deleniti hic rem. Quibusdam quos beatae sapiente fuga culpa sed est. Architecto blanditiis sint et et rerum veritatis facere.','2010-09-26 22:14:59'),(64,26937,4,'Reiciendis magni a quis nostrum enim quia veritatis officia. Sint dolorem dolores repudiandae nihil repellat quae est. Laborum et culpa voluptatem eaque consequatur. Asperiores dicta libero corrupti optio. Temporibus quo magnam dolor est sint dolor sint earum.','1978-07-23 04:46:00'),(64,418904,4,'Consequuntur dignissimos enim quibusdam fugit. Et et voluptatem qui provident commodi. Dolor veritatis natus dolores totam laudantium. Id odio exercitationem possimus minima ad rerum quos ea. Consequuntur similique aperiam praesentium unde.','2003-02-05 07:30:19'),(64,5694744,4,'Qui eaque modi accusantium dicta sint tenetur. Similique rem occaecati tenetur eum nesciunt doloribus. Molestiae alias autem corporis nam.','2017-03-26 14:30:59'),(64,32876181,4,'Harum nam aut et magnam at porro cumque. Quam quia qui voluptatem aliquam exercitationem ut porro. Eveniet assumenda quos dolor eos esse magnam fugiat repellat.','2007-11-27 00:42:43'),(65,1139,5,'Blanditiis a est animi deleniti ipsam occaecati placeat. Est dolor natus ipsa veniam. Quia distinctio sed laboriosam vero ducimus et.','1971-12-08 23:51:03'),(65,5559,5,'Iure consequatur dolorem ipsum aspernatur in praesentium atque. Voluptates excepturi quia vitae est earum velit. Nesciunt quibusdam voluptatum dignissimos quidem optio rerum. Repellat quia unde tenetur est non.','1982-07-19 09:25:00'),(65,181853,5,'Sunt sunt laborum quia est consectetur quia. Quos exercitationem autem sit vitae fugit debitis. Iure id deleniti ut omnis.','1972-04-07 14:06:26'),(65,538426,5,'Facilis dolorum alias explicabo. Qui dolor architecto quo et ea. Voluptas accusantium vero et et dignissimos. Quas ad ipsa placeat voluptates quia qui.','1972-03-23 18:32:23'),(65,706626,5,'Dolore eveniet placeat sint qui in qui incidunt. Qui voluptatibus impedit et et. Iusto adipisci quos illum repellendus mollitia dignissimos cum. Eos voluptates vitae ab non ut et odio.','2000-12-11 22:20:36'),(65,15925661,5,'Et ab id nihil enim veritatis consectetur. Voluptatum voluptatem debitis dignissimos quasi quod nam modi. Quia incidunt soluta error corrupti modi veniam.','1976-05-01 21:14:52'),(66,122016,6,'Et est doloremque consequatur maxime qui odit magni. Est autem id ducimus rerum velit aperiam id. Recusandae qui earum eaque quisquam. Nihil exercitationem et alias asperiores ad.','1975-01-10 08:12:20'),(66,899976,6,'Id possimus repudiandae pariatur nesciunt quo. Est dolorum odit facere quis aut.','1982-12-11 09:07:51'),(66,1914196,6,'Cum saepe perferendis delectus fuga. Quia voluptatem quisquam eos quos provident nostrum sint. Voluptas vel et nisi sed doloremque beatae nihil.','1970-08-09 23:34:25'),(66,27240376,6,'Sapiente sunt omnis dignissimos eum. Neque nulla dolores eaque eos qui. Reiciendis autem voluptatem in odit quia. Et et nam dolorum et tempore sit.','1995-08-03 14:56:35'),(66,479915021,6,'Nihil sint reprehenderit dolorem nihil. Aliquam saepe autem rerum qui reprehenderit molestiae.','2004-01-27 05:32:08'),(66,815522915,6,'Ut aspernatur non adipisci eos doloribus ducimus. Omnis qui dignissimos perferendis vero delectus ut. Doloremque ea magnam vitae distinctio. Ut aut pariatur commodi.','1991-12-11 09:25:04'),(67,2987,7,'Enim enim distinctio fuga minus id quia. Omnis ea eum placeat aliquid nostrum debitis. Enim dolore vel nemo at voluptatem ut. Consequatur nemo dolor quibusdam ad tempore voluptatem.','2014-04-02 10:43:56'),(67,7474,7,'Architecto inventore sit vel est quos placeat harum. Aut nihil minus voluptate. Sint enim adipisci ut sed laboriosam excepturi voluptatem.','1993-12-31 18:28:56'),(67,8307,7,'Totam voluptatem corrupti ipsum consequuntur atque quia voluptatem omnis. Et fugiat quibusdam sunt ipsam quaerat et. Odit facere quibusdam magni odit corrupti illum. Reprehenderit cumque dolore rem voluptatem consequuntur.','1991-03-13 15:35:33'),(67,14250,7,'Repudiandae molestiae est voluptatem. Earum doloribus error et est dolor accusamus occaecati. Pariatur distinctio voluptate rerum dolor. Nemo ex expedita iure provident sit ut consequatur.','2010-08-11 11:04:52'),(67,421262,7,'A fugiat quidem soluta blanditiis aut. Maxime non itaque est ab iusto tenetur sit. Eaque dolorum quasi est dolor quia. Explicabo reprehenderit voluptas dolore dolores error quia minima rerum.','1989-04-29 19:12:43'),(67,5196671,7,'Id libero voluptatem qui ratione id. Placeat qui dolor aut ipsum voluptatibus excepturi sint. Maxime facere tempora et non quas sint mollitia sed.','1977-08-11 20:47:06'),(68,83,8,'Qui minus eveniet rerum. Enim corrupti est quis. Laboriosam iste aliquid ipsa fugiat inventore quos quo. Laborum neque ullam omnis qui minus enim esse quasi.','1978-09-24 15:56:22'),(68,220,8,'Et amet repudiandae et ducimus tempore. Minima sed neque consectetur minus distinctio. Quae magni distinctio autem repellendus earum quo.','2010-09-19 11:59:01'),(68,40181,8,'Placeat expedita accusamus facere. Sed temporibus velit occaecati voluptatem. Quia rerum necessitatibus molestiae molestias blanditiis cupiditate qui.','1986-11-26 23:27:06'),(68,66162,8,'Ducimus odio odit quasi nobis. Commodi culpa autem perferendis aut repudiandae doloremque culpa. Quaerat aut velit culpa non error. Corporis ut pariatur voluptas sit sint quis inventore.','1988-02-13 03:32:20'),(68,8922289,8,'Fugit blanditiis praesentium dolor ex ut nulla. Aperiam saepe sed incidunt alias ut. Corporis cumque doloremque voluptatem et expedita qui similique. Ex sint odit autem earum optio labore voluptas sed.','2016-04-15 15:09:19'),(68,674017625,8,'Aspernatur porro atque non voluptatibus nisi maxime incidunt. Eligendi neque et eum sunt. Omnis voluptatem beatae asperiores itaque voluptatum consequatur.','1977-10-22 05:59:21'),(69,6,9,'Enim ab quia voluptatem qui non. Qui similique eaque sunt. Sint blanditiis non voluptatem culpa ad temporibus. Sunt assumenda praesentium a iure.','2001-06-24 19:31:26'),(69,5150,9,'Aut neque laboriosam mollitia sunt minima eum qui. Quisquam et assumenda voluptate eveniet. Voluptates voluptatem et odio eum.','1984-11-12 14:57:59'),(69,82074,9,'Est doloremque eos libero eos nobis qui. Saepe sit sunt sunt voluptates corrupti. Consequuntur consequuntur maxime aut quo ut nemo. Qui consequatur unde quidem officiis consectetur tempore iure rerum.','2013-12-29 10:22:15'),(69,8035323,9,'Porro vel aut iste dolorum. Impedit dolorem praesentium est asperiores aut. Eos fuga sunt odio dolorum rerum nisi. Cumque qui nihil illum voluptas sequi sapiente aut.','2014-10-07 02:29:57'),(69,36135963,9,'Maxime ratione ut sit eum qui deserunt aperiam velit. Dolorum amet ut veritatis tempore itaque. Quibusdam aperiam aliquam et error quis explicabo.','1991-12-23 10:13:08'),(69,559225397,9,'Modi facere a consequuntur quia. Dignissimos aut corporis impedit asperiores excepturi voluptatibus voluptatem hic.','1995-09-01 02:44:40'),(70,4079,10,'Cumque nisi fugit officiis sapiente. Autem dolor eum at ut. A dolores corrupti voluptatem deserunt modi consequatur labore.','1972-06-01 12:36:24'),(70,8709,10,'Itaque quae sit nulla ea distinctio sint consequatur. Et quam eius voluptatum vel dolores fugit provident. Corrupti voluptatem sed voluptas quas laudantium sit. Odio ratione impedit atque incidunt.','1987-04-13 08:51:11'),(70,36313,10,'Odit architecto impedit in quis. Explicabo vitae vero quia deleniti nemo earum voluptates. Qui corrupti accusamus natus aut et a beatae. Autem dolores ullam ipsam sed.','1998-12-05 14:49:04'),(70,4800221,10,'Molestiae repellendus et qui officia harum neque. Dolores nihil maiores at quia. Nulla dolores rerum eius odio.','1987-12-04 23:15:27'),(70,31480342,10,'Enim cupiditate pariatur ex maxime nulla vero et. Beatae esse dolores fugit rerum quia est. Quidem facilis et totam consectetur expedita corporis. Hic ipsam qui ut repellendus soluta.','1971-01-11 18:39:32'),(70,96033370,10,'Cupiditate quas adipisci autem consectetur fugiat tempore dolor. Ut voluptatem eaque beatae quaerat et dignissimos. Accusantium voluptates et doloremque molestiae impedit delectus fuga tenetur. Eius voluptas dignissimos eos hic aut.','1996-04-18 22:03:50'),(71,21,1,'Molestias odit doloremque ut. Omnis est quisquam tempora quasi debitis fugiat ipsam dicta. Distinctio quos iste numquam quis velit. Dolor ut numquam alias adipisci maxime deserunt.','2015-11-19 00:24:25'),(71,71630,1,'Itaque iste animi distinctio illum ut qui. Dolores cum aspernatur dignissimos accusamus enim. Non cumque autem excepturi porro optio. Ipsum dignissimos animi minima quod.','1994-08-21 19:09:48'),(71,8870077,1,'Velit quis assumenda debitis harum explicabo quia nesciunt quasi. Dolor recusandae aut dolor numquam. In amet temporibus excepturi nam perspiciatis ratione.','1988-05-18 19:26:46'),(71,28496872,1,'Earum cumque natus sunt quis provident et. Deleniti error adipisci molestias maiores voluptatum aut sed. Corrupti architecto voluptatem enim itaque molestias omnis eligendi.','1988-08-12 18:33:16'),(71,80014649,1,'Aut soluta et earum ex eos voluptatem. Aut in qui expedita velit.','1982-06-18 14:10:49'),(71,91295829,1,'Sed assumenda molestiae unde aut consequatur ut. Quo non porro rerum mollitia ratione in ipsum quaerat. Et asperiores expedita sit aperiam dolorum expedita. Qui repellendus debitis mollitia.','1989-01-21 22:47:26'),(72,568,2,'Consequatur autem labore nulla sit ab nesciunt velit ut. Sunt magnam voluptatem quibusdam non modi voluptatem maiores. Omnis est dolor optio. Aut earum nemo quo alias dolorem animi rerum vel.','2006-12-08 12:55:49'),(72,3628,2,'Ut deserunt aut architecto asperiores. Sint ad inventore molestiae ducimus ratione. Aliquid et eaque aliquid. Qui placeat velit odit dolor esse expedita rerum.','2007-06-02 07:43:09'),(72,70809,2,'Quo impedit reiciendis commodi porro ad at. Expedita quas incidunt odio exercitationem fugiat nihil magni. Voluptatem itaque nisi quia nisi. Qui aperiam accusantium dolorem nesciunt.','2019-02-05 11:47:39'),(72,307941,2,'Error quia id omnis id quis qui voluptas ut. Voluptatem aspernatur ipsum ut perferendis at recusandae non. Quam illo molestias eligendi molestiae.','1991-02-20 02:13:21'),(72,4328944,2,'Et omnis et necessitatibus vero. Quidem sunt voluptate sapiente nam nulla. Eveniet consequatur et fugit qui. Perferendis et adipisci sint dolorem.','2005-01-04 05:12:18'),(72,85896727,2,'Sit asperiores omnis est et omnis delectus. Quia libero et repudiandae laboriosam. Laboriosam ut occaecati ut magni dignissimos pariatur. Officiis qui illum dolor iure voluptatem maxime. Tenetur eos magni debitis voluptas porro sed vero.','1985-01-26 19:04:23'),(73,858,3,'Aut ab placeat explicabo reiciendis repudiandae et autem. Beatae a culpa minima velit. Harum et quo dicta inventore tempore aut quae. Sed rerum dolores molestias veritatis optio corporis.','1978-08-16 06:07:12'),(73,74940,3,'Quaerat et ipsum sunt aperiam ducimus maxime provident unde. Eaque facere eius sit quas explicabo voluptas explicabo consequatur.','2008-07-08 16:49:04'),(73,77023,3,'Sed autem ipsam ad mollitia corporis. Voluptatem natus voluptatem dolorum sapiente at id sit. Ad voluptatem et laborum illo at ab. Doloribus repellat quos ullam aut.','1974-01-22 00:02:39'),(73,599054,3,'Nemo quaerat ut aspernatur non dolorem aperiam illum. Ullam voluptatem molestias distinctio culpa. Doloremque officiis optio consequatur vel quis. Temporibus ut eos ea odio sed.','2007-01-19 19:58:30'),(73,5259869,3,'Quidem praesentium nihil illum dolor iusto sunt deserunt. Qui consequatur est eaque et. Dolor sit ipsam illum sed voluptatem.','1996-02-16 06:52:15'),(73,193134149,3,'Possimus deserunt consequatur vitae fugiat placeat culpa voluptate. Nihil quis praesentium nihil possimus incidunt occaecati aut. Aut ipsam qui est nisi.','1984-09-30 01:53:23'),(74,144,4,'Et harum autem fugiat earum quia impedit. Error quia eum voluptatem atque nemo saepe. Eaque qui rerum est ut veritatis.','1992-01-24 09:17:41'),(74,9200,4,'Iste rerum molestias officiis qui. A ex non qui hic vitae. Nisi labore nobis tempora natus. Omnis ad rerum et accusantium.','2012-03-07 15:42:12'),(74,9524,4,'Odio in nam quo quis tenetur provident. Voluptatem ex aliquid ea autem et. Exercitationem est consequatur et non inventore. Voluptatum sed nobis reiciendis possimus qui esse.','1986-05-27 20:26:26'),(74,67141,4,'Illo in rerum labore ut omnis occaecati. Eum ut cum voluptatum repudiandae. Repellat odit voluptatibus aliquid qui tempora ab quasi voluptatum.','2017-01-06 19:13:25'),(74,615984,4,'A est sunt expedita quibusdam minus illo et. Corrupti et est nesciunt dolore culpa. Earum dolores at nemo quod ab exercitationem. Perspiciatis et nam et.','2011-05-02 18:05:43'),(74,82024347,4,'Explicabo aut aliquid quos iure. Doloribus perspiciatis ut sint aut rerum et eum. Aspernatur temporibus est officia eveniet voluptatem a. Voluptatem commodi voluptates dolore voluptatum ex.','2007-08-19 13:17:13'),(75,539,5,'Eos adipisci quis quidem voluptas laudantium dolorem. Reiciendis velit facere non velit dolorem nulla hic. Ab veritatis expedita sequi cum quod quis. Est natus voluptas mollitia consequatur molestiae illum omnis.','1974-05-08 15:12:05'),(75,75102,5,'Ut eum ut impedit. Doloremque consequatur molestiae in suscipit aperiam dolorem. Magnam aut qui odit nobis.','1997-04-02 01:43:02'),(75,2962587,5,'Quos reiciendis veniam voluptatem. Atque recusandae adipisci provident deleniti sunt. Sequi voluptate sit ab dolorem voluptatem vero sint. Nihil quae minus enim nisi aut debitis unde magnam.','1988-09-05 19:28:21'),(75,4927126,5,'Ducimus et corporis enim dignissimos. Officiis ut numquam tempore illum. Doloribus quo unde iure libero autem exercitationem qui.','2002-04-28 04:48:21'),(75,9607456,5,'Explicabo omnis praesentium est deleniti dolores. Aliquid delectus tempora et maxime atque consequatur. Voluptatibus nihil quibusdam ut ea asperiores id iure.','1978-11-13 18:15:22'),(75,964736925,5,'Dignissimos earum minima quisquam. Est aut aut voluptas dolorum ut officiis qui.','2007-09-18 21:13:48'),(76,17,6,'Voluptas quia autem tempora cum vel. Occaecati repellendus quaerat maiores et neque aspernatur. Quia eaque sint cupiditate aut. Deserunt modi qui esse quo accusantium fugit optio qui.','2002-12-14 19:46:43'),(76,30,6,'Consequuntur et praesentium aut aut placeat ullam. Exercitationem animi ipsa voluptate quasi. Et deserunt voluptatem delectus.','2000-08-05 15:10:18'),(76,80,6,'Eius eos fugit ut quisquam dolor illum. Quis blanditiis harum sunt id nobis illo. Molestiae dignissimos dolore tempora minus sit maiores.','1983-01-24 23:05:19'),(76,88,6,'Necessitatibus nisi fugit quia perspiciatis tempora est voluptatem. Doloremque dolore dignissimos iste dolorem dolores beatae qui. Eos consequatur aut maiores est. Deserunt voluptas ipsam nobis.','2018-09-05 12:25:04'),(76,15242,6,'Exercitationem tenetur quia sit maiores aut placeat. Voluptate est inventore consequuntur accusantium itaque nam. Illum voluptatem ea in eos.','2001-10-26 19:11:30'),(76,81087,6,'Autem rerum iste recusandae eos. Facilis ut at dolorem dolor ut.','2005-05-11 21:53:16'),(77,212,7,'Qui illum sed ea quam accusamus voluptatem in. Nemo sit perferendis veniam iusto eos illo accusamus deleniti. Fuga quasi nemo repellat. Aut excepturi sit occaecati qui debitis laboriosam rerum.','1980-01-13 18:19:54'),(77,884,7,'Deserunt vel soluta quia mollitia culpa alias. Distinctio officiis minima ex eum culpa. Ex est modi iste laudantium et. Officiis magni in maiores voluptatem omnis.','1995-10-30 23:28:24'),(77,50690,7,'Maiores error optio libero quidem voluptatum sit quia. Libero qui eum est laborum iure repellendus. Officiis consequuntur voluptate voluptates aut. Quis excepturi reprehenderit nihil provident.','2017-05-06 16:04:36'),(77,471874,7,'Officia rem officia consequatur voluptatibus soluta quisquam recusandae. Est dignissimos molestiae quia autem.','1971-09-26 22:24:20'),(77,94037875,7,'Et consequatur iusto quaerat et harum veritatis asperiores sed. Error rerum minima dicta saepe et id corporis unde. Doloribus vel enim eligendi perferendis eaque aut. Nostrum itaque laboriosam aspernatur pariatur culpa ut.','1975-01-03 14:59:32'),(77,116620659,7,'Nobis sunt aut laboriosam maiores iusto officiis. Veritatis molestiae est expedita deserunt sit. Ut autem eum ut perspiciatis voluptas rerum in. Qui inventore et labore est.','1975-01-31 01:59:25'),(78,609888,8,'Odio ut maxime sapiente est omnis sit qui. Illum odio porro ex eligendi natus. Non reiciendis unde reiciendis ad dolorem laborum.','2009-07-13 20:16:50'),(78,6871058,8,'Saepe est quos est iure. Molestias corporis quasi ipsam numquam et unde. Ut ab necessitatibus modi quis fugit nulla.','1986-03-10 17:36:27'),(78,93116367,8,'Et dolor et alias omnis exercitationem vel repellendus. Expedita aut fugiat nesciunt omnis consequatur. Quisquam quidem maxime occaecati omnis et doloribus quod. Nostrum et quidem ea inventore dolor est sit.','1972-11-14 09:38:39'),(78,331738386,8,'Laudantium eveniet est totam reprehenderit est qui. Harum optio nam nam molestiae animi. Voluptatem illum ratione perferendis veritatis amet corrupti.','1990-09-25 17:26:09'),(78,630537596,8,'Non dolorum tempora nobis fugit non pariatur error. Ipsa qui tenetur voluptate et. Inventore maiores perspiciatis qui. Non iusto earum non repudiandae eveniet.','1976-06-17 16:37:14'),(78,957583870,8,'Accusantium expedita cumque quia eum qui odit corrupti omnis. Reprehenderit officia praesentium ullam et soluta omnis. Quia eum cum et et.','1990-03-27 08:18:27'),(79,5107,9,'Expedita rerum qui iure nulla inventore autem. Odio iusto quia dolorem perferendis sint vel et aut. Est perferendis nesciunt eos laudantium.','1984-04-20 02:15:45'),(79,18126,9,'Itaque voluptatem praesentium voluptatem ipsa debitis debitis qui. Ut aut necessitatibus praesentium ut consequatur. A placeat distinctio saepe.','1976-01-19 21:46:58'),(79,256774,9,'Nobis ducimus consequuntur quis. Ut commodi est in ipsam. Est officia asperiores sunt vel nobis et quod.','1994-08-24 02:38:42'),(79,779509,9,'Quibusdam similique et enim non. Possimus voluptate occaecati rem aliquam deserunt natus. Voluptate non ipsa rerum aut nesciunt.','2018-09-23 14:45:02'),(79,5842233,9,'Non accusantium sequi laboriosam est. In debitis voluptas labore facilis eius placeat aut. Id labore vitae qui quam ut eius ducimus.','2008-03-03 03:43:23'),(79,7722150,9,'Praesentium ut error autem tempore repellendus minus sit placeat. Alias fuga nesciunt reiciendis qui ut. Eum molestiae quasi ut vel iste ipsa voluptatem. Ad ut quod debitis dicta consequatur dolorum velit consequatur. Sint fugit sed eum suscipit dolores ullam.','1975-06-04 18:12:38'),(80,92,10,'Tempore ad cumque aut omnis et perspiciatis. Aut et et dolor quia molestias omnis natus. Commodi et rerum quo dolorem eum. Unde debitis similique quia perferendis saepe tempore ut.','2008-03-16 11:03:56'),(80,110,10,'Reiciendis quae dolore architecto est perspiciatis. Dicta ut aut alias aliquam illum. Sit quasi explicabo sint repellendus. Et ut reiciendis saepe velit esse dolor voluptatem maxime.','2018-11-22 05:50:29'),(80,7239,10,'Asperiores sequi dolores minus voluptatem ducimus labore molestiae. Est ad quo consequatur nihil tempora. Illo ut deleniti ut. Corrupti iusto quisquam non incidunt.','2005-01-08 02:25:03'),(80,184881,10,'Vel distinctio nostrum incidunt dolores. Nemo voluptatem rerum et consequuntur voluptatem et quisquam. Sint dignissimos similique quibusdam nemo consequatur nulla in sit. Nisi eos et dolore sit et saepe ea consectetur. Nulla ea ratione temporibus voluptate.','2009-11-08 21:11:17'),(80,680091,10,'Enim ex tempore debitis dolorum qui veniam. Incidunt et cupiditate modi architecto. Ullam voluptatum autem deserunt aliquam nihil.','2016-01-27 07:04:21'),(80,175077558,10,'Similique ut quaerat maxime rerum dicta. Consectetur autem aut sint culpa accusamus.','2013-11-23 03:24:15'),(81,8833,1,'Fuga praesentium expedita tempora optio tenetur magni quae. Ratione numquam a veniam eveniet doloremque voluptate magni ut.','1977-10-18 22:05:27'),(81,16960,1,'Laboriosam eveniet qui consequatur magnam blanditiis officiis. Inventore natus voluptas est odio minus quia. Et voluptas dignissimos a dolor. Sint est similique dolorum odit corrupti autem. Nulla pariatur accusamus aliquam magni consequuntur quo non.','2014-11-02 18:09:06'),(81,478826,1,'Aliquam itaque eveniet non accusamus provident sint quo. Eligendi a doloremque qui saepe. Magni incidunt ut laboriosam. Incidunt excepturi ex animi sapiente omnis temporibus.','2013-04-24 01:02:21'),(81,4738634,1,'Occaecati aliquid dolores nemo ut. Sit ut est delectus qui doloremque quis perferendis. Excepturi occaecati perferendis quia temporibus ab ut vel. Qui et perspiciatis qui odio sint dolor enim.','1993-03-15 20:50:29'),(81,63531880,1,'Sapiente eveniet dolore rerum alias. Laudantium commodi eligendi ad quaerat. Iusto aliquam magni vel laboriosam ratione doloribus qui. Qui neque vero sit exercitationem numquam id qui.','2016-09-06 20:04:53'),(81,63631103,1,'Pariatur possimus asperiores placeat autem quos praesentium. Voluptatem adipisci eos consequuntur maxime. Maxime deserunt quam vero perferendis.','1976-12-23 17:40:10'),(82,8484,2,'Saepe eaque beatae recusandae quisquam. Quasi et quibusdam fugiat debitis possimus. Qui deleniti doloribus quia aut repellat. Cum odit natus magni.','2011-10-16 17:20:59'),(82,32828,2,'Quia totam magni voluptatem dolor corporis perspiciatis. Dolor facere quam sed ut. Sit recusandae et vero odit et corrupti. Consequatur magni voluptatem rerum enim. Corporis architecto magni cum iste enim consequatur quas debitis.','2017-12-01 13:56:26'),(82,68451,2,'Voluptatem aut alias sit dignissimos eum doloremque iusto. Eligendi odio similique et magni. Voluptatem quisquam labore aut delectus rerum. Nihil voluptate aut ab.','2019-03-05 08:15:04'),(82,157946,2,'Enim deleniti illo et non dolores consequatur aspernatur. Cupiditate cum eveniet eveniet rerum et cum. Amet consequuntur ab ullam tenetur omnis voluptatem.','2006-09-17 01:12:39'),(82,7843503,2,'Soluta est reiciendis placeat. Est explicabo aliquid quis nostrum mollitia sint velit. Iure ipsum ullam itaque vero omnis. Qui laudantium est sunt sequi pariatur.','1980-04-09 06:19:01'),(82,35957954,2,'Rerum numquam pariatur deleniti ducimus sed. In quia corrupti tempore tempora quae. Et eum porro cum vel. Molestiae eum qui atque consequuntur dolorem consequatur quia cum.','1986-04-09 09:20:17'),(83,90,3,'Est et sed voluptas deserunt nostrum. Maiores unde eum ex. Deserunt doloremque velit et cum ut expedita perspiciatis. Saepe reiciendis est et recusandae id tempora ut.','2012-05-24 11:08:12'),(83,532,3,'Voluptatem unde dolores sint earum cupiditate sint consequatur excepturi. Autem incidunt ea magnam consequatur commodi magnam sunt. Fugiat quae recusandae et. Id aut praesentium cumque eos sunt eveniet.','1997-06-24 07:28:46'),(83,5635,3,'Sit culpa atque quia distinctio soluta. Ipsum et aut aut iusto non. Saepe blanditiis doloremque qui quasi odit sit eius suscipit.','1983-06-01 22:21:19'),(83,18883,3,'Voluptates laborum placeat eos voluptatem cum ullam. Ea consectetur consequatur minus mollitia deserunt quidem reprehenderit. Accusantium animi veritatis aut. Dolorum est laudantium quas.','1990-07-05 09:12:34'),(83,45351,3,'Quo impedit quo unde enim repudiandae velit. Dolores sit voluptatem consequuntur totam eos. Et quis iste minus eos fugit asperiores dolorem.','2019-04-13 01:15:12'),(83,52366886,3,'Suscipit vitae ad nobis distinctio laboriosam nemo et iure. Voluptas commodi blanditiis eligendi neque. Odio impedit ratione inventore voluptatem sit sequi perferendis. Voluptas aut totam similique fuga.','1989-09-14 17:45:21'),(84,331,4,'Ut consectetur quam laborum sit. Harum unde voluptas atque voluptatum esse voluptatum accusamus exercitationem. Laboriosam corrupti odit sunt aut rerum error.','2008-08-04 09:03:17'),(84,757,4,'Qui earum omnis natus sint rem illum nam sed. Et velit accusamus praesentium consequuntur deserunt saepe. Vel consequatur quis aut voluptates et voluptatem. Odio architecto odio eos est debitis et vero.','1998-07-30 15:26:56'),(84,953,4,'Recusandae sed suscipit commodi saepe ut sapiente. Vel animi reprehenderit rerum. Consequuntur neque voluptatem architecto.','1980-10-18 00:10:09'),(84,118673,4,'Nostrum cupiditate et veritatis consequatur ex. Ipsam iusto quis nihil ea quasi modi ducimus. Eius maiores veniam ipsum id.','1994-04-05 00:13:51'),(84,9311474,4,'Quos voluptatem iure culpa ut recusandae. Aut reiciendis ut amet pariatur sit provident minima. Aut quae dolores velit tempora ratione itaque.','1976-08-13 03:56:31'),(84,670552364,4,'Eligendi harum molestiae qui est et officiis sed. Voluptatibus quis aperiam velit et enim eum. Dicta ducimus odio asperiores expedita et aut beatae. Esse nulla quos dolorem. Tempore ipsa ipsam magni dolorem.','1996-11-06 01:36:38'),(85,43,5,'Quia suscipit dolor cumque rem nulla. Dolor vero unde minima vitae similique. Tempora corporis quibusdam veritatis est nam vel ipsum. Dolore quidem cumque dolor libero fugit.','1987-03-26 02:56:42'),(85,46,5,'Architecto eos quod quia ab quae inventore ipsum. Dignissimos non aut aut eos ab. Ipsum rerum eum aut.','2013-06-30 00:14:01'),(85,893,5,'Corporis id voluptate et consequatur et non aut nemo. Aut inventore ut temporibus sunt architecto accusantium. Ipsum aspernatur maiores id incidunt. Expedita similique ut velit nesciunt. Nesciunt eos ut ut accusamus ullam quas adipisci.','1983-04-15 02:07:58'),(85,20327,5,'Qui ducimus nulla odio aut fuga suscipit id veritatis. Fugiat praesentium dolorem omnis deserunt. Enim dolorem dicta minima voluptates voluptatum officia aperiam.','1986-03-27 02:32:31'),(85,881870,5,'Ipsa ut commodi commodi veritatis distinctio mollitia. Laborum architecto nam consequatur commodi nobis. Quo ratione nihil natus laudantium sed molestias.','1991-06-11 07:59:50'),(85,242789875,5,'Fugiat voluptatem labore qui sed et fugiat optio. Sed maxime voluptatum consequatur. Non dolore nostrum ratione aliquam deserunt vel.','1972-09-16 03:07:22'),(86,94,6,'Atque cum officiis sed praesentium consequuntur sed. Cupiditate est doloribus eum nam praesentium temporibus.','1978-12-03 20:43:29'),(86,190,6,'Inventore delectus ut deserunt ipsum. Ea esse et maiores quis veniam. Veniam maiores repellat est. Corporis iure ut deserunt nihil at eaque et tempore.','2010-12-06 08:22:11'),(86,361,6,'Soluta nostrum eum sint necessitatibus. Quo nisi id et velit ab eos. Distinctio dicta aut dolor repellat. Numquam aut et atque totam mollitia eveniet doloribus.','1988-07-29 08:26:10'),(86,415,6,'Aut ad incidunt dolor dolorem ab ipsum soluta ipsa. Consequatur hic non sapiente est sunt. Voluptatem in cupiditate deleniti omnis assumenda neque distinctio.','2002-09-06 00:28:21'),(86,1356167,6,'Quasi a omnis sit dolor quisquam. Esse molestiae officiis quae hic.','2017-10-15 18:39:16'),(86,54601136,6,'Modi minus at quod. Quidem modi nam ratione aut. Qui saepe doloribus laborum doloremque deleniti impedit numquam tenetur. Tempora porro nemo odit fuga voluptatem. Saepe minima facere in repudiandae delectus.','1975-05-20 06:11:00'),(87,59,7,'Culpa ipsum rerum et quis. Nemo possimus dicta ut aliquid et ea quis. Et tenetur quaerat quisquam ratione qui voluptas. Reiciendis aliquid at aut odit.','1970-04-28 05:04:10'),(87,5496,7,'Dolor maiores velit nostrum similique quis sit dolor. Qui aliquid perspiciatis a dolores. Consectetur et rerum iure sit. Voluptas maiores voluptatem provident doloremque similique totam explicabo.','2010-08-15 05:54:32'),(87,8140,7,'Aspernatur voluptatum qui quaerat. Iste et error est. Voluptate mollitia odio et ut nihil. Voluptatem sequi optio adipisci nihil enim numquam.','1989-12-15 22:58:43'),(87,479032,7,'Nihil quis suscipit ad iure libero est. Soluta accusamus accusantium autem explicabo. Libero commodi molestias facere quo incidunt.','1998-05-04 09:26:29'),(87,788903,7,'Quo totam aut consequuntur et. Voluptate et eum voluptatem reiciendis est. Assumenda fugit qui nam accusamus cupiditate. Nobis veniam quisquam est.','1980-01-02 14:02:52'),(87,434603710,7,'Sed occaecati sapiente labore aut aliquid. Non soluta consequatur delectus cumque quae aliquam. Necessitatibus dolorem voluptatem atque aut repellat.','2003-12-15 06:21:56'),(88,35,8,'Facilis harum dicta dolorem nemo quas. Ut ipsam incidunt ipsa rem et ut asperiores. Aut sit quam voluptatem. Culpa tenetur reprehenderit consequatur impedit optio placeat enim.','1970-08-22 11:26:22'),(88,87,8,'Accusamus dicta tenetur voluptate recusandae at. Voluptatem architecto consequuntur voluptatem laboriosam perferendis sequi laboriosam.','1977-04-01 22:12:22'),(88,2758,8,'Recusandae aut laudantium sed modi. Qui tenetur dolorem laborum sit consequatur. Odio quidem et nam. Est culpa qui a vel sed voluptas.','1971-08-28 20:18:16'),(88,37415,8,'Enim quisquam nihil error autem illum quia vero nemo. Odio saepe excepturi error tenetur quibusdam quidem accusamus. Dolores sunt quidem inventore non eveniet. Suscipit consequatur rerum quia.','2012-04-27 09:09:16'),(88,93648,8,'Magni suscipit eos cum aut ab magnam. Ab quod hic sit et cumque. Nisi reiciendis laboriosam qui consequatur corporis quod.','1989-06-19 00:49:38'),(88,563739,8,'Eos sed harum accusamus aut distinctio. Hic iste exercitationem est laborum assumenda voluptas.','1977-09-17 12:01:12'),(89,54,9,'Minima qui qui consectetur. Nesciunt in quis ut quibusdam. Voluptate quae voluptas rerum ullam quia et.','2009-03-01 13:33:00'),(89,1928,9,'Autem quo nostrum repellat officiis. Et et accusantium sed aspernatur. Et modi doloribus iure tempore reprehenderit aut. Est saepe quia eum placeat aut porro.','1979-11-06 22:39:47'),(89,59829,9,'Adipisci ea asperiores et in blanditiis. Optio quae illo autem temporibus dolor sequi assumenda. Perferendis voluptas consequatur occaecati. Excepturi voluptas porro fugiat.','2003-07-14 23:53:27'),(89,4575344,9,'Sapiente tenetur animi iusto unde deleniti omnis. Est facilis ut enim autem.','2015-06-25 13:19:49'),(89,5987320,9,'Corporis amet nisi ut architecto aut et et velit. Eos earum ut quis optio distinctio adipisci omnis. Aspernatur est et totam cumque dolores molestias accusamus. Tempore non est quam soluta ipsam facilis.','1985-06-10 00:36:14'),(89,617985152,9,'Aut aspernatur sit ea numquam quia rerum aliquid. Neque qui voluptas quaerat ut sed exercitationem et. Eveniet saepe error ut tempora. Nisi hic aut praesentium voluptatem aut earum praesentium.','2006-02-22 21:16:26'),(90,82,10,'Est vel ipsa quis beatae deleniti id consequatur officia. Aspernatur quasi perferendis ex dolores facere magnam rem.','2012-12-17 06:06:51'),(90,167,10,'Cumque sed veniam repellat ab non in. Velit sit dolorem iusto voluptate nisi. Quae enim blanditiis facilis et quia et quo libero. Aut eos non ut ex non distinctio.','2000-02-13 19:16:08'),(90,243,10,'Unde ut totam et ex quaerat. Fuga aliquid maxime quis omnis minima non et. Atque facere tenetur earum esse ut vel ipsam aut.','2003-05-21 18:21:47'),(90,52117,10,'Aliquid sed rerum culpa architecto neque vel inventore. Omnis odit consequuntur deserunt aliquam incidunt ullam id est. Velit id accusantium nobis voluptates est. Accusamus velit qui quia totam voluptatem qui laboriosam. Nihil inventore delectus velit distinctio quisquam non odit asperiores.','2017-04-05 21:49:12'),(90,577743,10,'Dolorum laboriosam omnis eum in. Fugiat perspiciatis nulla vel vel et. Velit expedita magni nihil saepe.','2003-06-21 08:14:27'),(90,2601300,10,'Qui quis laboriosam vero reiciendis laborum. Eum qui et similique facilis consequatur. Facilis qui eligendi minus ea. Et et earum dolorem molestias.','2002-03-22 22:08:27'),(91,34,1,'Voluptatem eius ut dolor ipsum libero. Molestiae nemo nesciunt dolor. Vel illum libero impedit sit maiores odio.','1982-04-01 19:00:57'),(91,952,1,'Sed cupiditate odio quod iure error. Quisquam illum consequatur animi voluptates. Ex autem sed fugit earum ullam.','1976-09-08 16:55:54'),(91,7197,1,'Ut commodi aut iure veritatis dolores soluta excepturi dignissimos. Saepe natus cupiditate illum corrupti. Beatae distinctio soluta adipisci.','1975-08-09 13:49:47'),(91,3170170,1,'Facilis nulla sit enim. Repellat cum cum in repellat modi ducimus voluptas sit. Laboriosam aut tenetur et odio magnam. Nostrum repellat voluptatem quia voluptas.','2019-04-08 23:55:11'),(91,43704254,1,'Adipisci est temporibus voluptatem. Corporis excepturi voluptatum sint recusandae. Laboriosam inventore reprehenderit ratione. Consectetur magnam dicta repellat earum repudiandae.','2013-07-14 06:57:25'),(91,86697090,1,'Hic facilis totam numquam odio tempora aliquam. Quis minima cum suscipit laboriosam pariatur. Aut libero maiores esse quia nihil. Est sint qui alias sunt nam doloremque. Alias sequi provident dolores est.','2006-04-18 20:13:03'),(92,305,2,'Est magnam veniam non quis dignissimos non molestiae. Optio et et dolores aliquam.','1995-05-16 11:18:26'),(92,9967,2,'Sunt necessitatibus omnis minus totam quae. Officiis excepturi sit delectus accusamus sit dignissimos. Deleniti doloremque quibusdam rerum eos dolorem vel sit aut. Placeat voluptas optio assumenda at.','2003-01-12 20:36:12'),(92,57476,2,'Recusandae dolorum atque eligendi et quia voluptas voluptates. Quia non quibusdam iure consequatur inventore numquam. Dolorem delectus aliquam repellendus qui ipsum necessitatibus maiores quo.','2012-09-22 17:04:24'),(92,71204,2,'A recusandae autem fuga eligendi. Enim distinctio id facilis nihil. Qui nihil voluptas et excepturi qui.','2009-09-04 23:07:51'),(92,16760604,2,'Dolor nihil neque natus iusto laborum sunt. In sunt nostrum quisquam. Repellendus possimus voluptas ad qui est dolor nulla.','1981-10-26 02:55:30'),(92,345657768,2,'Provident officia est qui debitis hic. Deserunt explicabo tempore doloremque cupiditate sit. Quo cum modi saepe pariatur quibusdam.','2011-07-21 12:59:18'),(93,3,3,'Autem incidunt aliquam tenetur rerum sit necessitatibus incidunt. Provident omnis ipsam et est maiores non incidunt. Quia perspiciatis dolores quo provident et veritatis aliquam. Impedit voluptatem rem est nulla id est et.','1975-05-23 19:28:25'),(93,7169,3,'Occaecati nam animi dignissimos qui. Voluptates eveniet minima in eos delectus adipisci. Eum saepe quisquam quidem at. Doloremque labore nesciunt sed ex facilis repellat deserunt.','1971-05-22 06:38:57'),(93,6933543,3,'Dicta ipsum aperiam pariatur. Eum magni earum repellat esse eum. Aspernatur neque ea et id.','1986-02-07 16:09:14'),(93,21004108,3,'Enim omnis omnis voluptatem fuga rerum dolores. Cupiditate nobis et nulla excepturi unde recusandae quibusdam. Consequuntur rerum dicta aspernatur.','1989-04-30 12:55:20'),(93,53919301,3,'Omnis aliquam aut adipisci velit labore qui dicta quaerat. Asperiores illum voluptas officia totam. Enim quo quod sed ratione provident suscipit non tempora. Fugit ut nam et quia nisi veniam.','2002-02-21 08:35:02'),(93,896502165,3,'Ut reprehenderit sit aut at deserunt aliquam voluptates. Sint magnam aut qui fugit laudantium nesciunt et. Velit illo fugiat minus.','2019-06-27 18:35:48'),(94,6775,4,'Adipisci tempore eveniet est. Enim ullam eum quis. Totam aspernatur aut nihil distinctio ea aliquid. Porro itaque odio sit optio eos quia.','2019-03-27 09:27:24'),(94,7207,4,'Eveniet voluptas sed a. Quae qui ut eligendi hic enim in eligendi nihil. Enim ad autem autem. Qui accusantium ipsam soluta doloremque sit eaque vel sunt.','2012-08-23 03:21:52'),(94,701709,4,'Veritatis et ratione reprehenderit accusantium voluptas laborum voluptate. Ducimus illo voluptas vitae. Ut ipsam tempora voluptatibus facilis.','2000-03-06 13:17:43'),(94,4677179,4,'Expedita inventore ut vel modi occaecati provident. Ad corporis laborum iusto. Aut dolorum aut quia modi. Consequuntur sit id quidem amet cum non nihil eum.','2014-04-26 04:42:34'),(94,6803644,4,'Omnis adipisci neque quidem cum nostrum nihil. Sed maxime ad aut ut rerum aliquid esse. Qui est possimus in id deleniti corporis quia.','1982-08-24 14:49:38'),(94,18425530,4,'Vel ipsa architecto praesentium delectus molestias suscipit ipsa. Quibusdam qui tempore itaque. Et modi quo quod quam ipsa. Distinctio hic iste laborum eos quis natus doloremque quasi.','2007-10-01 14:30:34'),(95,51,5,'Vel in exercitationem sed voluptatibus reiciendis aut. Modi vel maxime maiores modi est asperiores. Animi minima culpa excepturi nihil corrupti distinctio.','2016-09-30 23:22:27'),(95,388,5,'Aut facere et quas accusantium nesciunt neque voluptatibus. Omnis rerum rem aliquam est. Blanditiis rerum quis voluptate explicabo est beatae aut.','1994-10-25 04:19:10'),(95,31686,5,'Rerum voluptas eum veniam et. Illo rerum qui voluptatem reiciendis laborum. Voluptatem doloremque ad assumenda sint. Consequatur et accusamus voluptatum dolores.','2000-02-16 03:09:18'),(95,97867,5,'Et sed ex vero. Autem accusamus laudantium cum ab vel aut. Ipsum sint nemo corporis est quibusdam aut. Iusto rerum odio et quia ut alias soluta autem.','1985-06-09 18:22:59'),(95,319313,5,'Praesentium consequatur voluptatum exercitationem accusantium repudiandae debitis et. Sequi maxime repellat rerum ipsam. Odit officiis omnis eligendi voluptas dolor illum.','2002-06-04 21:41:56'),(95,637557,5,'Et expedita nisi et a. Voluptate illo similique quod officiis veniam error vel. Eaque et eius blanditiis est totam. Optio est sapiente aut voluptates dolor iste.','1992-08-30 17:14:46'),(96,18,6,'Facere dolores explicabo animi doloribus placeat et quis. Voluptatem maiores nulla dolores fuga quo ratione itaque. Illo commodi ipsa autem et.','1981-09-15 04:11:48'),(96,29522,6,'Non minus esse illo est deserunt repellat voluptatem. Cumque vitae sit dignissimos voluptatem dolor ullam. Quam beatae quos vel aut vero nobis. Suscipit saepe laudantium occaecati quibusdam eligendi magni numquam.','1986-05-18 05:53:19'),(96,68080,6,'Voluptas officiis alias deleniti natus. Facere incidunt laudantium odio sunt nihil. Ut iure libero distinctio voluptate.','1991-07-31 17:14:04'),(96,573173,6,'Nesciunt quia adipisci saepe expedita aut sunt. Vel amet iste dolore reprehenderit et explicabo. Voluptatem non sint ut ipsa reiciendis officiis rem. Excepturi fuga ea sed laboriosam.','1975-01-04 19:13:18'),(96,2237546,6,'Magnam eaque voluptatibus quas ipsa dicta sed. In iure non dolore cupiditate. Ut deserunt officia fugit vitae quo ut incidunt.','1980-04-21 23:17:00'),(96,7895600,6,'Sapiente voluptatem voluptas voluptatum voluptate. Velit placeat aliquam quis. Fugit numquam optio iusto harum. Nemo ut qui autem nostrum.','2013-04-15 17:10:48'),(97,99879,7,'Repellat architecto assumenda error id et debitis fugiat. Eos odit impedit totam velit odio. Rerum dolorum dolorem earum laudantium corrupti quis distinctio voluptatum. Eos eum accusantium dolor rerum non omnis.','1981-09-17 07:53:17'),(97,163080,7,'Alias sit ullam voluptatibus qui id. Voluptatibus quisquam nisi incidunt dignissimos error nesciunt voluptas facilis. Dolores voluptate perspiciatis cupiditate beatae voluptates. Eaque harum asperiores itaque magni et et et exercitationem.','1981-03-26 05:05:03'),(97,6979367,7,'Sed saepe ut optio. Et neque eum debitis voluptatibus esse ipsa. Recusandae id unde voluptatem voluptatem in pariatur id.','1985-11-26 11:29:53'),(97,59932367,7,'Repellendus voluptas aut magnam hic. Dolor sed possimus dolor numquam repellendus. Quod possimus voluptatem consectetur incidunt.','1984-08-14 13:39:49'),(97,79315522,7,'Ut praesentium soluta distinctio assumenda voluptates et. Accusantium tempore temporibus cumque corporis enim unde. Et repellat voluptatem sint. Perferendis vel numquam deserunt aut.','2006-07-22 22:09:14'),(97,749767397,7,'Aut voluptatem nemo odit aut quam. Aut dolor rerum culpa facere. Ullam itaque sed eos maxime beatae odio iste.','1974-05-11 08:20:39'),(98,2035,8,'Recusandae accusamus et accusantium corporis et eos quibusdam est. Doloribus ratione nam hic voluptatem adipisci dolor ipsam enim.','1978-07-06 23:56:23'),(98,8155,8,'Suscipit quisquam consequatur consequuntur rem quis. Est accusantium consequatur ipsam quo expedita odit sed sed. Aut maiores ipsum quidem veritatis. Neque excepturi illum maiores perferendis. Quis odio quia dolores dolorem at eligendi ipsam consectetur.','2015-07-28 05:36:02'),(98,5684766,8,'Veritatis facilis necessitatibus veritatis incidunt. Cupiditate adipisci architecto omnis laborum. Eius vero amet praesentium mollitia sunt.','1987-07-04 04:12:38'),(98,7905725,8,'Quia qui sit amet facere rerum quae dolorum. Doloremque id et laudantium vel est. Quia laboriosam exercitationem est consequatur debitis itaque et. Aut consequuntur harum sint qui nesciunt consequatur.','2006-03-19 04:31:42'),(98,65560532,8,'Nemo sit non molestias animi expedita. Qui cupiditate quia alias sed tempora modi id. Illo impedit atque modi dicta occaecati. Commodi a dicta tenetur aut nam.','2005-01-17 20:01:15'),(98,393983016,8,'Voluptas quasi sunt sed et commodi. Qui deserunt et sit. Et occaecati totam aliquam beatae.','2013-07-07 10:28:20'),(99,33,9,'Cupiditate eveniet eum veritatis nesciunt velit. Sequi at praesentium deleniti iste ea doloribus cum. Omnis non voluptatem porro molestias dolores qui.','2011-05-08 13:53:44'),(99,541,9,'Ex architecto vel ex necessitatibus ea sit magnam. Voluptatem aspernatur vero excepturi recusandae modi in nostrum rerum. Omnis eius est dignissimos velit accusamus ea.','1993-07-08 17:24:03'),(99,4380636,9,'Eos sed sunt repudiandae mollitia nobis odio ea. Dolorem praesentium autem corrupti sed blanditiis. Dignissimos dolores aut rerum cum eveniet. Consequatur placeat explicabo quos nihil consectetur est.','1997-06-07 19:10:31'),(99,7327672,9,'Minima facere officiis accusantium id quo sequi. Et id explicabo non autem eum architecto aspernatur. Nisi maxime qui aut quae natus. Quibusdam id enim tempora molestiae.','1997-06-20 05:46:44'),(99,88053890,9,'Eos est harum eius tempore et et consequatur sit. Temporibus qui voluptatem ut aperiam sint. Quidem esse aut odit hic non. Et dolore accusamus voluptate error adipisci quasi. Pariatur unde eum suscipit rerum.','1973-01-27 02:08:09'),(99,97601578,9,'Itaque facilis iste sunt repudiandae. Nisi voluptatem atque aliquam et repellat officiis. Repellendus accusamus eveniet ea.','1980-09-12 22:36:07'),(100,242,10,'Voluptas dolores ut beatae cupiditate incidunt qui. Aut enim asperiores placeat odio sint voluptas pariatur corrupti.','1976-01-04 04:16:06'),(100,535,10,'Accusantium adipisci consequatur reiciendis beatae quidem atque vero. Deserunt qui animi id delectus id. Beatae soluta fugiat vero omnis ad.','2004-01-21 23:02:50'),(100,3363,10,'Labore occaecati non quia exercitationem. Sint iste in iste excepturi velit. Sit quia minus et et ducimus et porro mollitia. Laborum aut rerum accusamus ratione.','1981-07-11 22:33:09'),(100,4378,10,'Id aut illo et saepe eum reprehenderit non quo. Ut itaque sed placeat. Nemo atque qui eum voluptatem veniam incidunt. Dolorem est velit sed quia. Delectus nobis sint ipsum voluptatum asperiores veritatis dolorem.','1972-01-15 18:11:59'),(100,83758,10,'Eum nulla ipsum enim et dignissimos. Nesciunt voluptatum doloremque aliquid iusto. Harum in iure quidem hic in in.','1982-06-24 04:14:20'),(100,91615226,10,'Ut officiis corporis enim veniam modi quis. Eaque adipisci iusto expedita commodi. Deleniti qui maxime architecto corporis quia quisquam. Libero voluptas commodi sed et sed cumque.','2015-03-18 20:11:38');
/*!40000 ALTER TABLE `comments` ENABLE KEYS */;
UNLOCK TABLES;

--
-- Table structure for table `communities`
--

DROP TABLE IF EXISTS `communities`;
/*!40101 SET @saved_cs_client     = @@character_set_client */;
/*!40101 SET character_set_client = utf8 */;
CREATE TABLE `communities` (
  `id` int(10) unsigned NOT NULL AUTO_INCREMENT,
  `name` varchar(150) NOT NULL,
  PRIMARY KEY (`id`),
  UNIQUE KEY `name` (`name`),
  KEY `communities_name_idx` (`name`)
) ENGINE=InnoDB AUTO_INCREMENT=101 DEFAULT CHARSET=latin1;
/*!40101 SET character_set_client = @saved_cs_client */;

--
-- Dumping data for table `communities`
--

LOCK TABLES `communities` WRITE;
/*!40000 ALTER TABLE `communities` DISABLE KEYS */;
INSERT INTO `communities` VALUES (27,'ad'),(56,'amet'),(44,'animi'),(84,'asperiores'),(65,'aspernatur'),(62,'at'),(15,'aut'),(92,'autem'),(98,'blanditiis'),(39,'commodi'),(81,'consequatur'),(45,'consequuntur'),(64,'corporis'),(80,'culpa'),(46,'cumque'),(58,'cupiditate'),(61,'debitis'),(77,'delectus'),(32,'deleniti'),(38,'deserunt'),(22,'dolor'),(54,'dolore'),(79,'doloremque'),(25,'dolores'),(48,'doloribus'),(30,'ducimus'),(60,'ea'),(31,'eaque'),(11,'earum'),(72,'eius'),(96,'eligendi'),(75,'enim'),(41,'eos'),(89,'error'),(49,'esse'),(10,'est'),(23,'et'),(97,'eum'),(13,'excepturi'),(63,'exercitationem'),(12,'expedita'),(66,'explicabo'),(71,'facilis'),(59,'illo'),(42,'illum'),(86,'impedit'),(40,'in'),(85,'incidunt'),(3,'inventore'),(53,'ipsam'),(43,'itaque'),(24,'iure'),(33,'labore'),(8,'laudantium'),(21,'libero'),(51,'minima'),(2,'molestiae'),(67,'nemo'),(20,'nesciunt'),(36,'nihil'),(28,'nobis'),(73,'non'),(9,'nostrum'),(14,'nulla'),(70,'numquam'),(34,'omnis'),(47,'perferendis'),(57,'porro'),(17,'possimus'),(90,'quae'),(7,'quasi'),(5,'qui'),(94,'quia'),(91,'quis'),(1,'quisquam'),(83,'quod'),(55,'quos'),(93,'ratione'),(69,'rem'),(52,'repudiandae'),(37,'rerum'),(78,'saepe'),(26,'sint'),(19,'sit'),(82,'soluta'),(50,'sunt'),(74,'temporibus'),(87,'tenetur'),(88,'ullam'),(35,'unde'),(68,'ut'),(16,'vel'),(99,'velit'),(4,'veniam'),(6,'vitae'),(29,'voluptas'),(18,'voluptatem'),(76,'voluptates'),(100,'voluptatibus'),(95,'voluptatum');
/*!40000 ALTER TABLE `communities` ENABLE KEYS */;
UNLOCK TABLES;

--
-- Table structure for table `communities_users`
--

DROP TABLE IF EXISTS `communities_users`;
/*!40101 SET @saved_cs_client     = @@character_set_client */;
/*!40101 SET character_set_client = utf8 */;
CREATE TABLE `communities_users` (
  `community_id` int(10) unsigned NOT NULL,
  `user_id` int(10) unsigned NOT NULL,
  PRIMARY KEY (`community_id`,`user_id`),
  KEY `communities_user_id_fk` (`user_id`),
  CONSTRAINT `communities_community_id_fk` FOREIGN KEY (`community_id`) REFERENCES `communities` (`id`),
  CONSTRAINT `communities_user_id_fk` FOREIGN KEY (`user_id`) REFERENCES `users` (`id`)
) ENGINE=InnoDB DEFAULT CHARSET=latin1;
/*!40101 SET character_set_client = @saved_cs_client */;

--
-- Dumping data for table `communities_users`
--

LOCK TABLES `communities_users` WRITE;
/*!40000 ALTER TABLE `communities_users` DISABLE KEYS */;
INSERT INTO `communities_users` VALUES (1,1),(2,2),(3,3),(4,4),(5,5),(6,6),(7,7),(8,8),(9,9),(10,10),(11,11),(12,12),(13,13),(14,14),(15,15),(16,16),(17,17),(18,18),(19,19),(20,20),(21,21),(22,22),(23,23),(24,24),(25,25),(26,26),(27,27),(28,28),(29,29),(30,30),(31,31),(32,32),(33,33),(34,34),(35,35),(36,36),(37,37),(38,38),(39,39),(40,40),(41,41),(42,42),(43,43),(44,44),(45,45),(46,46),(47,47),(48,48),(49,49),(50,50),(51,51),(52,52),(53,53),(54,54),(55,55),(56,56),(57,57),(58,58),(59,59),(60,60),(61,61),(62,62),(63,63),(64,64),(65,65),(66,66),(67,67),(68,68),(69,69),(70,70),(71,71),(72,72),(73,73),(74,74),(75,75),(76,76),(77,77),(78,78),(79,79),(80,80),(81,81),(82,82),(83,83),(84,84),(85,85),(86,86),(87,87),(88,88),(89,89),(90,90),(91,91),(92,92),(93,93),(94,94),(95,95),(96,96),(97,97),(98,98),(99,99),(100,100);
/*!40000 ALTER TABLE `communities_users` ENABLE KEYS */;
UNLOCK TABLES;

--
-- Table structure for table `friendship`
--

DROP TABLE IF EXISTS `friendship`;
/*!40101 SET @saved_cs_client     = @@character_set_client */;
/*!40101 SET character_set_client = utf8 */;
CREATE TABLE `friendship` (
  `user_id` int(10) unsigned NOT NULL,
  `friend_id` int(10) unsigned NOT NULL,
  `status` varchar(20) NOT NULL,
  `requested_at` datetime DEFAULT CURRENT_TIMESTAMP,
  `confirmed_at` datetime DEFAULT NULL,
  PRIMARY KEY (`user_id`,`friend_id`),
  KEY `frienship_user_id_idx` (`user_id`),
  KEY `friendship_friend_id_fk` (`friend_id`),
  CONSTRAINT `friendship_friend_id_fk` FOREIGN KEY (`friend_id`) REFERENCES `users` (`id`),
  CONSTRAINT `friendship_user_id_fk` FOREIGN KEY (`user_id`) REFERENCES `users` (`id`)
) ENGINE=InnoDB DEFAULT CHARSET=latin1;
/*!40101 SET character_set_client = @saved_cs_client */;

--
-- Dumping data for table `friendship`
--

LOCK TABLES `friendship` WRITE;
/*!40000 ALTER TABLE `friendship` DISABLE KEYS */;
INSERT INTO `friendship` VALUES (1,1,'deserunt','1991-08-19 13:46:33','1991-03-02 08:26:03'),(2,2,'sunt','1991-06-14 18:59:46','1997-07-25 05:05:03'),(3,3,'optio','1985-07-18 12:39:00','2005-07-02 08:20:57'),(4,4,'laboriosam','2009-10-31 00:34:27','1978-05-08 01:25:29'),(5,5,'voluptas','1997-01-27 23:09:33','1989-06-04 19:22:59'),(6,6,'est','1997-09-01 18:00:24','1978-11-28 11:43:56'),(7,7,'natus','2009-03-30 21:36:29','1977-03-15 14:15:43'),(8,8,'est','1997-12-01 08:44:21','1978-06-07 20:50:28'),(9,9,'dolorem','1972-02-12 03:22:14','2013-05-25 20:43:25'),(10,10,'qui','1999-12-23 22:52:45','2018-02-12 19:07:29'),(11,11,'repudiandae','2010-11-30 09:15:42','1973-04-18 10:36:10'),(12,12,'laborum','2014-02-09 10:05:54','1979-05-28 00:37:47'),(13,13,'rerum','2010-05-13 23:01:32','1986-10-27 12:18:34'),(14,14,'porro','2007-07-04 17:42:24','1978-01-11 20:29:43'),(15,15,'provident','2015-11-23 16:21:28','1976-04-02 13:22:58'),(16,16,'autem','2019-03-12 15:05:52','1990-05-10 17:50:40'),(17,17,'eius','1990-11-20 04:46:53','2012-05-03 20:05:36'),(18,18,'excepturi','1994-11-26 17:54:17','2016-04-11 10:30:44'),(19,19,'cumque','1998-06-18 15:56:37','1999-08-14 00:08:29'),(20,20,'est','1977-12-12 09:33:33','2007-08-14 03:50:46'),(21,21,'quia','1985-11-29 23:20:23','1992-10-15 16:02:11'),(22,22,'ut','1995-11-16 18:24:16','2008-01-23 20:13:02'),(23,23,'esse','1970-12-14 00:31:53','2018-02-14 16:54:19'),(24,24,'autem','1998-06-26 16:56:01','1993-02-17 09:43:48'),(25,25,'sapiente','1999-12-08 06:54:59','1986-04-13 00:13:58'),(26,26,'ea','1980-12-16 03:58:53','2018-04-05 01:49:40'),(27,27,'veritatis','1975-11-21 15:22:44','1978-06-24 20:16:49'),(28,28,'repellendus','1976-10-28 22:47:45','2018-10-03 02:42:21'),(29,29,'libero','1995-04-02 05:03:42','1999-09-30 22:11:01'),(30,30,'fuga','2006-03-20 22:12:26','1976-06-23 16:09:34'),(31,31,'sint','1981-10-23 18:28:40','1997-02-07 19:08:24'),(32,32,'nihil','1974-02-27 01:44:56','2013-05-19 06:27:49'),(33,33,'eaque','1984-12-16 16:11:53','2016-03-31 16:22:57'),(34,34,'voluptatem','2014-08-07 02:06:50','2000-10-01 01:00:19'),(35,35,'et','1986-11-25 09:24:45','1989-11-28 14:50:41'),(36,36,'nulla','2002-09-23 05:24:22','1997-04-08 13:26:29'),(37,37,'voluptas','2005-09-24 19:57:45','2016-12-15 15:17:53'),(38,38,'tempora','2005-06-10 03:30:37','1975-11-26 20:04:34'),(39,39,'pariatur','1972-09-19 08:24:14','1991-09-23 06:20:32'),(40,40,'eligendi','1993-09-01 13:26:33','2016-03-23 20:11:35'),(41,41,'doloribus','2000-05-03 10:47:36','1978-03-09 10:31:16'),(42,42,'molestiae','2011-02-18 23:29:40','1975-01-21 21:33:31'),(43,43,'eos','1981-09-10 18:04:41','1983-08-09 07:29:40'),(44,44,'odit','1972-11-17 20:51:20','1981-02-02 20:34:59'),(45,45,'qui','2015-01-05 12:46:24','1991-09-15 11:26:19'),(46,46,'eligendi','1994-05-30 00:16:36','1975-03-31 01:48:29'),(47,47,'cum','2005-03-28 21:33:37','2017-11-22 22:53:23'),(48,48,'odit','1987-03-06 14:49:24','1986-10-28 03:13:23'),(49,49,'debitis','1997-01-24 18:38:41','2004-11-25 02:57:47'),(50,50,'est','1977-07-29 10:05:06','1971-12-14 20:12:05'),(51,51,'ut','1988-01-27 02:36:06','2013-11-03 16:54:30'),(52,52,'quasi','1992-01-07 15:58:43','1984-05-07 01:33:07'),(53,53,'quibusdam','2019-05-27 09:09:43','1972-09-25 00:07:09'),(54,54,'aliquid','2018-01-09 22:15:08','1982-08-26 02:10:48'),(55,55,'mollitia','2001-11-15 22:57:12','1979-04-03 03:43:27'),(56,56,'dignissimos','2016-07-04 20:26:48','1990-02-26 20:16:07'),(57,57,'delectus','2017-10-06 00:11:46','1988-04-09 18:19:03'),(58,58,'voluptatem','1997-11-23 15:52:38','1981-09-26 12:02:47'),(59,59,'suscipit','2004-05-17 13:51:53','1976-02-10 16:34:53'),(60,60,'et','1971-07-27 01:52:33','1996-08-12 13:36:44'),(61,61,'alias','1977-07-19 00:49:40','2007-11-30 15:44:33'),(62,62,'nostrum','2005-09-12 08:35:02','1981-10-18 00:16:35'),(63,63,'amet','2013-02-14 04:37:42','2015-12-18 23:49:02'),(64,64,'enim','1993-08-18 03:49:59','2009-08-30 05:24:57'),(65,65,'distinctio','1983-01-10 18:50:36','1976-08-26 20:37:16'),(66,66,'voluptate','2012-07-19 14:57:09','1980-08-02 19:32:33'),(67,67,'fugiat','1970-05-10 06:30:26','1987-01-20 06:10:25'),(68,68,'ut','1970-04-23 03:08:30','2018-09-09 00:12:33'),(69,69,'consequatur','1984-04-24 02:00:01','2012-08-25 20:16:26'),(70,70,'ipsa','2003-10-08 11:54:44','1989-03-15 15:28:08'),(71,71,'cumque','1981-07-24 04:21:51','2015-06-30 21:55:38'),(72,72,'eaque','2005-05-10 08:14:09','1995-09-26 07:59:43'),(73,73,'nesciunt','1979-06-16 12:24:04','1979-08-12 12:10:22'),(74,74,'voluptatibus','2015-03-21 23:45:36','1996-09-10 19:12:04'),(75,75,'neque','2000-05-26 11:39:34','1975-03-08 06:43:06'),(76,76,'blanditiis','2008-04-05 01:12:12','2011-07-10 15:08:15'),(77,77,'tempora','1971-12-07 21:40:17','1981-08-01 04:35:45'),(78,78,'nobis','2003-08-10 18:06:34','2013-08-09 03:45:00'),(79,79,'accusamus','1977-01-27 16:05:17','1985-10-19 15:10:40'),(80,80,'quas','2013-12-20 00:41:03','1987-06-12 16:23:19'),(81,81,'suscipit','2008-05-24 13:35:28','2010-04-15 00:32:30'),(82,82,'qui','1987-08-07 13:20:41','1997-07-03 22:59:44'),(83,83,'libero','1988-12-20 16:31:26','1986-11-29 11:47:24'),(84,84,'quisquam','1996-12-28 18:49:42','2006-07-03 12:38:42'),(85,85,'eum','1995-08-22 22:49:31','1981-08-06 21:50:26'),(86,86,'eum','2018-09-17 18:29:47','1988-06-21 11:49:01'),(87,87,'rem','1976-08-25 01:18:47','2000-09-17 17:34:13'),(88,88,'aut','1972-09-14 06:40:00','1982-09-23 02:10:14'),(89,89,'est','1989-08-26 06:33:19','1985-03-14 00:58:37'),(90,90,'ducimus','2002-11-15 03:16:51','1998-11-26 13:56:27'),(91,91,'suscipit','1998-11-30 18:03:50','2018-04-28 09:57:14'),(92,92,'aspernatur','2004-09-10 16:20:58','2017-08-03 06:35:42'),(93,93,'iusto','1975-07-17 04:20:40','2016-03-21 00:45:51'),(94,94,'commodi','1992-07-04 13:52:27','1994-01-30 08:52:55'),(95,95,'aliquid','1985-09-13 03:55:21','1979-07-25 12:27:02'),(96,96,'ipsum','2014-05-17 10:28:13','1998-02-18 12:12:23'),(97,97,'quia','1985-09-16 01:40:44','2016-02-11 17:30:20'),(98,98,'et','1991-01-30 09:34:23','1978-12-30 19:20:38'),(99,99,'voluptate','2016-05-12 21:47:17','1977-08-01 06:39:04'),(100,100,'eius','1995-09-19 06:39:14','2001-08-04 10:24:44');
/*!40000 ALTER TABLE `friendship` ENABLE KEYS */;
UNLOCK TABLES;

--
-- Table structure for table `likes`
--

DROP TABLE IF EXISTS `likes`;
/*!40101 SET @saved_cs_client     = @@character_set_client */;
/*!40101 SET character_set_client = utf8 */;
CREATE TABLE `likes` (
  `from_user_id` int(10) unsigned NOT NULL,
  `to_subject_id` int(10) unsigned NOT NULL,
  `subject_type_id` int(10) unsigned NOT NULL,
  `created_at` datetime DEFAULT CURRENT_TIMESTAMP,
  PRIMARY KEY (`from_user_id`,`to_subject_id`,`subject_type_id`),
  KEY `likes_subject_type_id_fk` (`subject_type_id`),
  CONSTRAINT `likes_from_user_id_fk` FOREIGN KEY (`from_user_id`) REFERENCES `users` (`id`),
  CONSTRAINT `likes_subject_type_id_fk` FOREIGN KEY (`subject_type_id`) REFERENCES `subject_types` (`id`)
) ENGINE=InnoDB DEFAULT CHARSET=latin1;
/*!40101 SET character_set_client = @saved_cs_client */;

--
-- Dumping data for table `likes`
--

LOCK TABLES `likes` WRITE;
/*!40000 ALTER TABLE `likes` DISABLE KEYS */;
INSERT INTO `likes` VALUES (1,41,1,'1998-08-23 14:23:43'),(1,687,1,'1998-01-04 12:09:25'),(1,1930,1,'1982-08-28 06:13:10'),(1,43119,1,'1988-01-02 05:37:02'),(1,53447,1,'1997-07-23 01:42:40'),(1,6841910,1,'1999-04-24 11:29:47'),(1,8425169,1,'2000-02-18 06:09:05'),(1,61139506,1,'1975-07-09 00:54:06'),(1,542379259,1,'2019-05-12 18:26:54'),(1,858428948,1,'1975-09-22 12:37:19'),(2,90,2,'2003-11-18 16:22:40'),(2,92,2,'1973-01-12 07:44:49'),(2,4677,2,'2002-01-24 13:57:26'),(2,38307,2,'2002-06-08 15:20:14'),(2,422808,2,'1996-06-24 10:03:56'),(2,19173520,2,'1994-08-31 10:15:52'),(2,58087506,2,'2005-09-29 19:01:41'),(2,66323984,2,'1994-04-23 09:32:51'),(2,84434813,2,'1999-09-28 10:30:22'),(2,788481125,2,'2008-02-16 01:05:32'),(3,248,3,'2014-06-02 22:05:22'),(3,9907,3,'1992-03-12 10:57:02'),(3,65956,3,'1988-12-06 18:06:57'),(3,725479,3,'2017-12-05 04:38:04'),(3,727142,3,'2007-04-25 02:00:00'),(3,901376,3,'1991-12-22 21:37:10'),(3,911668,3,'1976-03-19 21:37:41'),(3,7663835,3,'1981-07-16 16:41:09'),(3,69378152,3,'2019-06-03 16:32:01'),(3,70932403,3,'1995-03-09 10:33:54'),(4,36,4,'2008-05-13 15:39:44'),(4,77,4,'1975-12-30 06:09:56'),(4,242,4,'1978-11-18 10:15:24'),(4,327,4,'1987-03-27 01:48:30'),(4,2032,4,'1979-01-02 00:44:10'),(4,27529,4,'1996-12-29 07:36:19'),(4,99587,4,'1999-07-19 06:57:36'),(4,719673,4,'1992-03-11 14:47:26'),(4,33364668,4,'2005-11-25 08:48:24'),(4,35761332,4,'1988-04-04 09:25:18'),(5,876,5,'2003-09-02 10:32:12'),(5,9294,5,'2008-08-15 22:38:16'),(5,147193,5,'2010-06-03 21:41:02'),(5,2596970,5,'2014-04-22 18:01:46'),(5,5340148,5,'2007-09-13 13:20:02'),(5,7892019,5,'2004-04-25 12:19:50'),(5,8405521,5,'1973-09-10 03:28:28'),(5,33710807,5,'1980-04-16 08:32:46'),(5,86724353,5,'1974-02-22 02:44:19'),(5,260663170,5,'2008-09-30 03:36:53'),(6,38,6,'1998-05-18 10:53:12'),(6,75,6,'1992-10-04 23:47:24'),(6,697,6,'1992-05-20 06:35:02'),(6,906,6,'1971-10-22 03:37:37'),(6,3504463,6,'2003-04-01 00:47:49'),(6,4583743,6,'1976-01-06 06:12:59'),(6,26789861,6,'2000-02-01 01:56:12'),(6,29916474,6,'2007-01-31 15:33:24'),(6,86649508,6,'1981-04-18 07:03:30'),(6,786311088,6,'1999-03-11 14:21:48'),(7,0,7,'1998-10-11 16:18:02'),(7,74,7,'2007-07-06 10:16:00'),(7,688,7,'2005-11-21 01:18:26'),(7,43124,7,'1972-02-21 17:16:06'),(7,161156,7,'1971-07-01 14:31:30'),(7,4383722,7,'1970-12-09 10:46:16'),(7,15315569,7,'1982-02-10 04:49:22'),(7,54351187,7,'2000-03-19 10:07:29'),(7,68005589,7,'2018-07-18 21:51:25'),(7,91998152,7,'2016-08-03 14:57:23'),(8,17,8,'2012-03-04 10:23:20'),(8,5621,8,'1970-06-14 16:05:00'),(8,5990,8,'1998-06-22 04:21:48'),(8,7455,8,'2002-02-18 22:11:30'),(8,73946,8,'1985-10-11 18:37:55'),(8,2325649,8,'1991-09-20 10:31:38'),(8,4558930,8,'2004-05-31 04:11:51'),(8,9525579,8,'2012-03-07 11:33:42'),(8,772501598,8,'1975-09-12 09:28:40'),(8,892513548,8,'1991-06-20 16:58:51'),(9,276,9,'1972-03-08 06:08:39'),(9,1023,9,'1989-04-11 06:28:35'),(9,2418,9,'2001-02-11 23:58:09'),(9,4356,9,'1978-08-13 21:55:33'),(9,21496,9,'2007-12-12 21:50:19'),(9,27689,9,'1979-03-28 09:02:04'),(9,43020,9,'1995-11-11 17:05:48'),(9,154524,9,'2011-10-24 21:47:13'),(9,39085141,9,'2002-10-26 09:54:01'),(9,160529626,9,'1988-10-05 15:24:47'),(10,106,10,'2007-10-20 06:58:08'),(10,544,10,'1973-02-13 16:26:05'),(10,481178,10,'2004-11-29 04:23:17'),(10,518704,10,'2012-10-08 07:58:40'),(10,620962,10,'2010-07-21 10:44:29'),(10,1328594,10,'1970-03-14 04:43:17'),(10,9081055,10,'1994-11-17 03:00:00'),(10,166705197,10,'1973-01-12 14:53:16'),(10,506506547,10,'2005-08-31 07:39:45'),(10,522385168,10,'2017-02-16 04:58:05'),(11,1466,1,'2004-07-07 09:09:00'),(11,4176,1,'1999-05-18 12:38:27'),(11,37565,1,'1979-08-20 10:21:31'),(11,206156,1,'2000-02-14 19:26:36'),(11,563958,1,'1972-09-23 05:01:12'),(11,9184778,1,'1989-10-23 00:21:00'),(11,25593762,1,'2008-05-30 10:53:06'),(11,190956314,1,'1973-05-03 07:01:25'),(11,278785335,1,'2006-11-11 12:21:59'),(11,281412383,1,'2009-02-09 10:28:39'),(12,11,2,'1983-02-07 21:33:38'),(12,19,2,'1991-12-10 11:08:37'),(12,35,2,'1993-10-16 14:06:03'),(12,88,2,'1975-02-28 00:17:52'),(12,32341,2,'1994-05-14 08:15:59'),(12,60065,2,'1973-06-01 02:57:43'),(12,2481328,2,'2019-01-02 02:45:05'),(12,8433175,2,'1978-11-07 09:18:17'),(12,8704540,2,'2018-02-28 06:29:52'),(12,556520320,2,'2019-01-07 22:28:21'),(13,31,3,'1996-09-03 23:32:13'),(13,2698,3,'1989-05-20 11:53:01'),(13,96930,3,'2001-09-04 01:23:09'),(13,797295,3,'2006-01-17 02:58:01'),(13,835065,3,'1990-06-19 18:37:30'),(13,4805298,3,'1971-03-15 05:24:43'),(13,9447966,3,'2005-03-16 18:54:53'),(13,20328626,3,'1995-02-16 22:27:40'),(13,667738695,3,'2003-02-03 21:56:39'),(13,937960848,3,'1977-03-29 19:48:55'),(14,111,4,'1979-12-21 20:23:56'),(14,984,4,'1970-12-11 13:59:40'),(14,23631,4,'1971-01-07 14:40:07'),(14,78569,4,'2004-01-04 05:08:22'),(14,105009,4,'1977-08-17 08:19:32'),(14,116658,4,'1972-10-15 12:31:43'),(14,665847,4,'2009-10-30 13:09:12'),(14,4446461,4,'1991-08-17 00:41:03'),(14,22670636,4,'2000-10-26 01:39:08'),(14,95259976,4,'2005-09-02 09:52:15'),(15,1,5,'1971-04-23 07:04:15'),(15,213,5,'1975-01-03 14:08:36'),(15,388,5,'1975-06-05 03:50:51'),(15,1187,5,'1979-01-15 08:33:37'),(15,116249,5,'1977-09-14 17:02:59'),(15,921304,5,'1977-01-07 08:30:12'),(15,3059981,5,'2008-12-04 14:03:34'),(15,7285316,5,'1990-06-25 23:00:36'),(15,64404836,5,'1985-04-18 07:46:44'),(15,328200758,5,'1982-10-26 23:02:29'),(16,5,6,'1988-04-08 20:56:56'),(16,4776,6,'1977-04-04 13:58:24'),(16,26752,6,'1970-06-23 20:35:31'),(16,969701,6,'2010-01-31 05:52:13'),(16,997064,6,'1997-02-20 04:14:30'),(16,2558485,6,'1981-12-27 19:28:12'),(16,6088082,6,'1998-02-16 22:08:33'),(16,225773453,6,'1979-12-30 20:11:34'),(16,804916013,6,'1970-07-27 00:26:56'),(16,973944869,6,'1971-03-04 18:13:40'),(17,8,7,'2011-06-04 09:39:13'),(17,25,7,'1974-11-18 15:09:19'),(17,910,7,'1975-08-06 05:08:44'),(17,1199,7,'1977-07-12 07:31:06'),(17,5362,7,'1978-02-25 06:58:36'),(17,174558,7,'1990-04-05 04:15:10'),(17,655002,7,'1985-03-21 06:29:22'),(17,681392,7,'2004-08-07 07:46:55'),(17,3485293,7,'1976-07-31 01:02:07'),(17,98961194,7,'1985-06-02 22:09:00'),(18,740,8,'2007-01-14 20:19:03'),(18,954,8,'2015-10-18 07:55:47'),(18,3978,8,'1974-04-28 10:12:00'),(18,43608,8,'1999-07-01 07:21:35'),(18,92736,8,'1977-04-10 01:17:28'),(18,627726,8,'1970-05-19 11:37:11'),(18,4717733,8,'1996-07-11 14:43:49'),(18,9500811,8,'1981-08-16 13:17:54'),(18,387807439,8,'1976-01-27 02:21:41'),(18,506633245,8,'1993-03-01 16:33:53'),(19,40,9,'2005-11-23 14:56:31'),(19,6599,9,'2007-08-20 15:34:04'),(19,28233,9,'1998-11-03 21:49:51'),(19,49179,9,'1976-02-05 10:10:17'),(19,66833,9,'2016-07-13 02:05:57'),(19,87633,9,'1995-08-14 08:38:10'),(19,239214,9,'1978-04-16 05:50:56'),(19,7500005,9,'1995-04-11 03:58:37'),(19,22485441,9,'1990-06-02 23:34:39'),(19,581525965,9,'1986-08-31 13:45:01'),(20,39,10,'1975-03-14 01:07:15'),(20,3116,10,'1974-12-25 11:28:10'),(20,7107,10,'1982-08-16 15:56:02'),(20,3446917,10,'2002-09-18 10:25:17'),(20,95072968,10,'1985-08-20 07:07:44'),(20,99720625,10,'2015-09-03 08:59:09'),(20,177040372,10,'2012-12-10 08:16:49'),(20,389482237,10,'2014-11-14 12:51:57'),(20,538754101,10,'2018-01-21 11:46:12'),(20,572804270,10,'1994-02-28 09:08:41'),(21,9,1,'1991-11-24 08:17:30'),(21,486,1,'2001-08-22 04:54:32'),(21,4259,1,'1998-03-18 11:09:50'),(21,6043,1,'1998-07-21 23:09:47'),(21,39584,1,'1988-07-25 17:31:37'),(21,303484,1,'1974-04-08 17:35:39'),(21,96443948,1,'2018-08-31 15:15:26'),(21,114992448,1,'2010-08-28 16:55:53'),(21,213186432,1,'1985-02-25 02:22:15'),(21,998918490,1,'1987-04-04 10:01:34'),(22,3704,2,'1972-02-24 01:22:34'),(22,4571,2,'2016-05-31 14:56:20'),(22,7386,2,'1972-07-24 20:26:54'),(22,36429,2,'2001-02-15 20:01:37'),(22,64576,2,'1996-11-13 17:15:06'),(22,3412642,2,'1984-05-28 17:43:34'),(22,3496173,2,'1999-04-10 01:13:01'),(22,3548948,2,'2008-08-11 15:30:16'),(22,27729039,2,'1996-03-16 03:00:31'),(22,53541132,2,'1998-08-26 08:37:58'),(23,756,3,'2001-05-01 07:29:35'),(23,996,3,'2011-05-15 19:06:06'),(23,4159,3,'1992-06-05 01:53:23'),(23,8641,3,'1982-02-11 02:45:22'),(23,77080,3,'1983-07-23 00:21:51'),(23,245570,3,'1974-11-12 11:47:31'),(23,9644136,3,'1976-12-09 12:20:33'),(23,54618541,3,'2015-01-23 08:06:29'),(23,91328212,3,'1986-06-05 08:58:58'),(23,622085773,3,'1991-02-16 15:06:13'),(24,44,4,'1990-03-27 08:26:25'),(24,135,4,'2018-10-23 01:07:43'),(24,602,4,'1970-07-25 00:15:01'),(24,724,4,'1988-03-01 05:49:24'),(24,937,4,'1989-11-23 03:03:13'),(24,2594,4,'1995-05-11 07:13:10'),(24,3210,4,'2015-08-12 02:51:24'),(24,415178,4,'1993-06-13 17:28:57'),(24,692350,4,'1990-06-28 17:18:41'),(24,2819307,4,'1990-03-17 00:02:43'),(25,7,5,'1979-08-14 12:49:06'),(25,672,5,'1973-11-15 02:18:37'),(25,47689,5,'2010-03-21 01:53:40'),(25,92073,5,'1976-07-13 16:12:34'),(25,430668,5,'2014-07-14 02:21:39'),(25,503895,5,'1996-03-10 17:38:50'),(25,44576793,5,'2000-04-22 11:48:41'),(25,63532565,5,'2012-06-23 23:53:11'),(25,97528350,5,'1997-06-28 01:18:47'),(25,429556848,5,'2002-08-08 02:39:42'),(26,83,6,'2011-06-10 09:07:04'),(26,641,6,'1993-05-05 13:17:27'),(26,6213,6,'2004-06-27 16:31:54'),(26,882300,6,'1991-06-05 18:55:09'),(26,9999414,6,'2009-07-13 04:03:49'),(26,29853313,6,'1970-08-26 21:01:11'),(26,61298643,6,'1970-03-19 21:20:47'),(26,72436640,6,'2011-06-18 06:22:40'),(26,325784432,6,'1982-01-07 15:43:52'),(26,774969957,6,'2014-12-21 22:23:36'),(27,23,7,'1996-06-18 19:49:40'),(27,69,7,'1979-05-22 13:58:29'),(27,974332,7,'2001-05-07 03:53:15'),(27,2042233,7,'1972-08-04 13:51:40'),(27,2779723,7,'2000-08-02 14:51:31'),(27,4350544,7,'1984-08-01 14:52:19'),(27,5262306,7,'1987-12-01 18:59:23'),(27,42010129,7,'1994-08-07 01:40:13'),(27,68933138,7,'1978-01-10 06:22:51'),(27,529220503,7,'1987-02-11 00:39:06'),(28,21,8,'1982-10-02 14:39:51'),(28,344,8,'1982-04-13 22:57:29'),(28,785,8,'1992-04-08 06:18:48'),(28,4636,8,'1986-09-02 10:20:46'),(28,8439,8,'1987-09-10 18:06:48'),(28,164477,8,'2005-01-11 16:46:13'),(28,597162,8,'2000-11-21 03:32:06'),(28,2005258,8,'1984-07-28 09:07:08'),(28,25235273,8,'2001-08-23 07:08:35'),(28,185821354,8,'1987-06-22 09:21:20'),(29,6259,9,'1971-12-25 06:04:21'),(29,298263,9,'2000-08-21 16:47:49'),(29,493961,9,'1975-02-09 17:17:28'),(29,953358,9,'1980-04-24 01:21:09'),(29,3835404,9,'1995-01-21 19:21:06'),(29,7109826,9,'1986-09-12 23:30:26'),(29,51100803,9,'2015-12-12 11:22:59'),(29,609081800,9,'2003-07-10 04:07:24'),(29,758039964,9,'1989-07-13 07:23:39'),(29,911264700,9,'2018-01-03 10:41:16'),(30,84,10,'1988-07-31 21:59:27'),(30,591,10,'2003-02-02 06:38:01'),(30,3971,10,'1987-06-08 19:35:14'),(30,9313,10,'2011-10-19 06:14:33'),(30,205681,10,'1975-05-25 10:59:56'),(30,475656,10,'1987-05-03 22:14:43'),(30,2939067,10,'1980-03-01 12:23:41'),(30,8890025,10,'2004-08-24 21:55:47'),(30,74292821,10,'1988-02-20 15:22:40'),(30,997615600,10,'1970-08-11 21:19:04'),(31,29,1,'2007-05-16 21:31:36'),(31,8822,1,'2017-03-22 10:02:30'),(31,84586,1,'1977-10-27 10:48:05'),(31,632685,1,'1987-08-27 09:24:24'),(31,3178092,1,'2016-10-30 11:24:51'),(31,6955411,1,'2001-08-28 10:10:05'),(31,7062032,1,'2008-05-02 12:29:02'),(31,9494630,1,'1996-05-26 16:01:00'),(31,40130530,1,'1983-07-24 03:45:43'),(31,699364573,1,'1998-11-25 20:58:54'),(32,279,2,'1975-06-13 04:47:42'),(32,846,2,'1992-11-25 18:02:19'),(32,4161,2,'1973-12-19 13:11:32'),(32,4849,2,'1982-06-22 10:53:38'),(32,43345,2,'1971-03-30 23:00:09'),(32,50941,2,'1986-05-20 18:29:00'),(32,891834,2,'1978-04-12 13:29:16'),(32,8819450,2,'2008-09-23 00:27:21'),(32,80184280,2,'1971-05-10 11:32:25'),(32,311858184,2,'1981-07-25 10:29:03'),(33,34,3,'1994-08-05 20:26:55'),(33,118,3,'1979-09-29 06:25:47'),(33,5218,3,'2015-01-24 16:51:22'),(33,5770,3,'2011-08-19 05:19:08'),(33,38651,3,'1995-02-24 19:29:50'),(33,218929,3,'1992-04-30 07:32:14'),(33,2802949,3,'1997-06-19 11:14:49'),(33,63103299,3,'2002-05-27 05:18:04'),(33,79096074,3,'1982-11-07 10:46:28'),(33,98012375,3,'1992-06-02 23:28:57'),(34,56,4,'1999-12-08 16:15:44'),(34,8451,4,'1993-05-29 08:20:11'),(34,9051,4,'1990-05-31 17:57:36'),(34,9609,4,'1978-08-24 11:02:04'),(34,47915,4,'1983-08-31 07:25:40'),(34,197524,4,'2002-06-11 05:38:26'),(34,4652802,4,'2007-11-12 12:18:07'),(34,9719891,4,'1981-05-23 03:10:20'),(34,763083432,4,'1974-04-01 08:15:55'),(34,883320080,4,'1973-04-07 06:24:38'),(35,5285,5,'2013-12-18 09:37:36'),(35,5385,5,'1996-12-18 03:47:22'),(35,13736,5,'1973-01-13 16:22:45'),(35,319864,5,'1992-05-18 06:33:31'),(35,610426,5,'1985-10-28 06:50:58'),(35,943351,5,'2016-02-06 10:20:13'),(35,3134247,5,'1976-05-28 18:22:29'),(35,46148526,5,'2005-09-08 14:46:00'),(35,546031393,5,'1983-05-26 06:44:41'),(35,899047122,5,'2015-10-27 09:50:50'),(36,18,6,'2002-07-23 23:27:30'),(36,769,6,'2014-11-16 20:44:31'),(36,875,6,'1974-05-17 16:23:49'),(36,932,6,'2010-03-01 09:44:48'),(36,47405,6,'2017-02-24 00:02:24'),(36,146313,6,'1989-12-02 17:38:39'),(36,778036,6,'2014-11-02 09:28:42'),(36,6697576,6,'1977-03-14 18:38:27'),(36,73167343,6,'1979-08-07 20:23:34'),(36,690174241,6,'1977-05-17 04:44:30'),(37,8890,7,'2013-10-11 05:27:53'),(37,38133,7,'2013-01-16 12:57:41'),(37,1960061,7,'1985-08-30 01:09:46'),(37,4952112,7,'1984-06-08 02:00:16'),(37,6510541,7,'2019-02-07 07:48:22'),(37,6825564,7,'1984-11-25 15:01:41'),(37,7683846,7,'1976-12-18 07:36:25'),(37,29450223,7,'2009-12-07 05:27:36'),(37,583471674,7,'1999-07-24 06:18:58'),(37,768713148,7,'1991-09-28 17:58:40'),(38,2,8,'2002-09-28 03:07:05'),(38,20,8,'2005-12-27 04:02:13'),(38,1767,8,'2010-10-14 05:33:02'),(38,1816,8,'1982-09-27 06:58:11'),(38,2186,8,'2009-11-02 15:54:23'),(38,4967,8,'2018-12-20 11:20:49'),(38,30814,8,'1987-07-21 20:32:12'),(38,228997,8,'2004-04-03 13:57:48'),(38,482942,8,'1980-02-04 09:00:08'),(38,638087,8,'2010-12-10 02:12:40'),(39,37,9,'1991-07-12 09:39:50'),(39,409,9,'1992-10-19 17:51:30'),(39,841,9,'1986-05-16 17:12:49'),(39,14831,9,'1996-07-02 14:55:25'),(39,550222,9,'2019-04-23 21:15:06'),(39,3645960,9,'2010-04-08 03:44:57'),(39,4937090,9,'2000-05-21 20:02:31'),(39,28225318,9,'1986-06-11 07:04:59'),(39,612756412,9,'2001-01-14 18:31:06'),(39,752339529,9,'2008-07-11 09:27:18'),(40,50,10,'1982-02-03 17:04:09'),(40,60,10,'1979-04-29 22:32:43'),(40,816,10,'1983-10-04 16:13:34'),(40,3904,10,'1985-07-30 06:46:33'),(40,6890,10,'2013-06-23 02:58:27'),(40,77234,10,'1984-03-16 23:50:22'),(40,1907775,10,'2014-12-28 01:49:17'),(40,76087689,10,'2019-05-13 05:02:33'),(40,98389684,10,'1979-07-24 02:33:57'),(40,437401404,10,'1990-12-31 04:12:42'),(41,47,1,'2014-08-21 01:38:35'),(41,3474,1,'1988-06-06 06:02:40'),(41,163655,1,'2007-02-04 11:39:06'),(41,304768,1,'2010-07-20 16:46:34'),(41,351909,1,'1989-05-26 23:41:55'),(41,424037,1,'2017-01-12 23:21:57'),(41,438058,1,'1991-07-14 19:31:31'),(41,490200,1,'1998-11-18 14:46:00'),(41,497716,1,'2005-02-10 07:26:07'),(41,542563,1,'1984-03-24 11:17:35'),(41,577434,1,'1975-10-23 05:05:59'),(41,748206,1,'1984-04-10 18:35:39'),(41,762166,1,'2011-04-28 06:06:06'),(41,794810,1,'2004-12-13 10:05:14'),(41,2713521,1,'1975-12-15 01:49:12'),(41,6499719,1,'1993-04-28 20:06:31'),(41,9998778,1,'1983-02-19 20:23:45'),(41,98162621,1,'1999-07-26 17:28:01'),(41,786337083,1,'1985-08-24 15:14:48'),(41,996432302,1,'1970-10-16 01:38:50'),(42,32,2,'2003-02-15 06:04:34'),(42,201,2,'1971-12-08 08:31:08'),(42,709,2,'1985-06-06 22:42:42'),(42,946,2,'1974-06-06 18:06:48'),(42,3633,2,'1974-09-05 02:29:12'),(42,137993,2,'1988-02-11 09:01:20'),(42,224498,2,'1984-09-28 17:48:28'),(42,363156,2,'1971-07-07 16:18:23'),(42,426017,2,'2007-04-12 08:17:08'),(42,455840,2,'1999-04-23 02:32:15'),(42,656083,2,'2018-06-28 07:33:13'),(42,696541,2,'2013-03-06 04:56:51'),(42,723622,2,'1985-07-26 12:13:58'),(42,784960,2,'2017-06-08 08:46:46'),(42,954386,2,'1991-03-11 12:12:23'),(42,974011,2,'1972-09-24 06:18:58'),(42,76016504,2,'2002-09-08 18:22:35'),(42,397709976,2,'1975-01-28 18:51:40'),(42,527185941,2,'2008-09-09 12:16:10'),(42,917638674,2,'1997-10-13 19:38:02'),(43,89,3,'1983-02-05 04:52:56'),(43,191,3,'1983-10-27 23:40:36'),(43,913,3,'1998-02-17 06:19:58'),(43,21249,3,'1991-12-17 15:22:48'),(43,90317,3,'2019-03-28 22:40:37'),(43,132357,3,'2005-01-30 11:14:18'),(43,190664,3,'2008-06-05 07:11:49'),(43,316991,3,'1978-09-13 05:04:58'),(43,376184,3,'2016-04-23 01:44:29'),(43,468250,3,'1980-07-14 11:49:08'),(43,514834,3,'1972-02-01 08:17:10'),(43,667045,3,'2018-07-10 09:14:15'),(43,716766,3,'1986-11-18 10:02:38'),(43,815021,3,'2016-03-29 08:51:54'),(43,837679,3,'2004-10-23 11:32:56'),(43,850085,3,'1984-03-31 03:10:16'),(43,4390010,3,'1997-08-01 04:33:03'),(43,8316271,3,'2015-08-26 22:21:04'),(43,354314127,3,'1994-08-01 16:56:15'),(43,904148058,3,'2005-06-14 18:05:18'),(44,79,4,'2006-01-20 11:11:12'),(44,3324,4,'2018-07-31 03:49:05'),(44,5597,4,'2010-01-10 17:48:49'),(44,5630,4,'2010-09-07 15:54:07'),(44,6207,4,'1984-05-03 22:17:32'),(44,65489,4,'2013-07-25 21:19:01'),(44,153022,4,'2012-08-22 04:51:23'),(44,226248,4,'1975-10-01 05:43:49'),(44,233397,4,'2002-04-22 08:27:54'),(44,350674,4,'1976-10-01 10:20:08'),(44,370251,4,'1977-07-04 03:28:33'),(44,494774,4,'1981-10-15 00:11:21'),(44,707677,4,'1986-11-22 17:51:14'),(44,833124,4,'1980-09-07 15:47:46'),(44,870585,4,'1981-11-04 14:34:25'),(44,944852,4,'2007-09-02 12:15:47'),(44,7466961,4,'1990-05-05 04:54:49'),(44,8033646,4,'1992-08-16 01:57:40'),(44,9832424,4,'2011-04-20 17:41:13'),(44,500815978,4,'2009-12-14 12:50:20'),(45,48,5,'2017-03-27 07:26:48'),(45,695,5,'1985-02-02 09:46:55'),(45,1152,5,'2007-02-26 12:28:59'),(45,6911,5,'2011-01-27 06:32:48'),(45,9477,5,'2001-06-02 00:24:37'),(45,147766,5,'1990-08-08 22:50:20'),(45,376658,5,'2002-01-20 09:01:32'),(45,446226,5,'1988-01-15 06:47:13'),(45,594076,5,'2004-11-24 07:00:01'),(45,647904,5,'1993-11-15 11:44:55'),(45,686193,5,'1973-09-11 06:33:11'),(45,793331,5,'1975-04-13 04:55:39'),(45,800898,5,'2016-02-04 17:45:12'),(45,891933,5,'1979-12-07 19:28:06'),(45,983225,5,'1991-05-05 12:09:34'),(45,4772816,5,'1984-05-21 13:58:00'),(45,5359843,5,'1987-01-07 17:57:54'),(45,80824610,5,'1982-02-16 11:32:44'),(45,674104571,5,'2017-08-24 19:00:02'),(45,935652874,5,'1974-12-30 12:35:16'),(46,70,6,'1993-04-21 03:19:41'),(46,82,6,'1983-12-21 01:15:13'),(46,751,6,'2017-10-01 00:37:30'),(46,4169,6,'1970-08-22 10:33:46'),(46,208866,6,'1972-06-13 01:05:22'),(46,436841,6,'2008-03-08 11:22:02'),(46,448898,6,'1971-12-05 20:14:20'),(46,456979,6,'2011-10-20 04:22:39'),(46,507303,6,'1995-12-07 12:27:35'),(46,628603,6,'1991-06-01 22:31:52'),(46,634874,6,'1979-01-13 03:56:14'),(46,739609,6,'1988-03-18 04:49:43'),(46,748715,6,'2001-09-03 00:36:15'),(46,809684,6,'2012-09-14 19:04:34'),(46,880371,6,'1985-02-23 06:16:19'),(46,900263,6,'2010-03-02 20:12:48'),(46,4039220,6,'2001-03-12 20:51:28'),(46,73534525,6,'2009-05-29 09:53:25'),(46,89996585,6,'1998-03-28 07:00:55'),(46,435897896,6,'1993-08-27 05:33:10'),(47,674,7,'1979-04-22 20:32:40'),(47,748,7,'1998-10-23 19:19:29'),(47,900,7,'2017-02-17 05:48:49'),(47,987,7,'2007-08-28 12:35:55'),(47,2986,7,'2014-12-01 02:51:44'),(47,3843,7,'2015-12-24 22:32:36'),(47,31939,7,'1981-07-15 12:11:39'),(47,59291,7,'2010-06-20 20:10:41'),(47,62709,7,'2006-10-10 13:23:25'),(47,319371,7,'2003-06-11 04:05:50'),(47,429991,7,'2003-12-01 11:16:22'),(47,475068,7,'1996-03-02 12:53:21'),(47,516001,7,'1998-01-03 12:41:32'),(47,547542,7,'2018-07-20 09:12:47'),(47,596093,7,'1973-06-08 14:46:05'),(47,613353,7,'1987-06-02 06:58:45'),(47,639298,7,'2012-10-21 13:49:10'),(47,670140,7,'1981-11-02 04:04:14'),(47,697348,7,'2018-08-23 11:55:23'),(47,960774,7,'1990-01-12 16:24:43'),(48,71,8,'1978-01-29 13:23:48'),(48,72,8,'1985-11-12 02:23:01'),(48,307,8,'2014-12-27 00:09:18'),(48,7361,8,'1979-04-28 06:47:14'),(48,11554,8,'1980-07-10 19:10:07'),(48,16992,8,'1991-05-23 04:26:22'),(48,21328,8,'2011-12-23 09:29:56'),(48,58768,8,'1992-11-23 16:28:49'),(48,103091,8,'1982-08-25 01:43:24'),(48,149416,8,'1983-06-19 19:27:19'),(48,295826,8,'2004-08-04 07:01:35'),(48,391520,8,'1998-09-18 12:19:03'),(48,451137,8,'1991-12-24 03:17:53'),(48,486397,8,'1997-01-31 00:47:00'),(48,489450,8,'2000-09-11 02:50:28'),(48,827727,8,'2008-05-18 08:45:30'),(48,20537542,8,'1987-01-11 21:25:40'),(48,31745014,8,'1999-03-16 12:08:44'),(48,154380100,8,'2002-12-29 06:43:59'),(48,297222517,8,'1990-04-19 07:53:19'),(49,52,9,'1978-06-14 23:21:01'),(49,1676,9,'1986-06-28 19:43:18'),(49,9983,9,'1978-02-11 02:29:04'),(49,17290,9,'1991-04-17 06:52:07'),(49,59006,9,'1988-12-18 21:31:43'),(49,74277,9,'2017-10-13 22:24:07'),(49,125876,9,'1974-07-30 06:45:07'),(49,196660,9,'2009-08-31 06:39:46'),(49,353536,9,'1988-01-11 02:01:15'),(49,373865,9,'1992-03-17 18:10:16'),(49,691057,9,'1973-01-12 01:18:48'),(49,691446,9,'1986-07-13 05:21:10'),(49,733651,9,'1982-07-21 18:08:21'),(49,742020,9,'1983-01-12 01:52:09'),(49,868975,9,'2016-10-21 18:55:17'),(49,920742,9,'2011-10-24 00:11:50'),(49,2919794,9,'1992-06-12 20:50:10'),(49,32516375,9,'1996-09-30 13:44:41'),(49,98200596,9,'1998-12-17 22:25:43'),(49,867083937,9,'1982-06-25 19:13:58'),(50,57,10,'2009-10-27 21:59:31'),(50,628,10,'1990-11-14 05:41:58'),(50,6108,10,'1999-10-18 11:36:31'),(50,7873,10,'2015-05-15 17:32:15'),(50,42062,10,'1985-09-23 23:34:59'),(50,63887,10,'1988-08-03 11:54:12'),(50,382361,10,'1983-05-15 15:17:13'),(50,461891,10,'2002-08-16 02:18:14'),(50,508182,10,'1998-06-24 13:06:39'),(50,525436,10,'1975-09-06 15:47:11'),(50,527139,10,'1970-01-21 06:17:34'),(50,551170,10,'1983-05-23 16:39:14'),(50,632367,10,'1992-03-03 23:28:18'),(50,672117,10,'1984-06-29 01:36:38'),(50,703490,10,'2003-05-19 06:48:23'),(50,769757,10,'2017-10-02 00:05:46'),(50,866264,10,'1970-04-20 20:25:38'),(50,64672647,10,'2000-01-04 19:47:38'),(50,322709136,10,'1988-11-28 13:50:28'),(50,360435551,10,'1983-03-15 19:11:18'),(51,96,1,'1999-01-24 23:32:21'),(51,262,1,'1985-05-28 02:04:35'),(51,6116,1,'1974-10-06 23:49:46'),(51,6530,1,'2005-07-31 15:06:45'),(51,178319,1,'1995-01-28 05:16:45'),(51,245419,1,'1998-08-25 03:10:15'),(51,375125,1,'1988-07-04 00:12:26'),(51,406950,1,'1972-11-09 18:09:41'),(51,590580,1,'1988-11-07 03:33:18'),(51,777826,1,'1985-06-29 01:54:03'),(51,779910,1,'1997-03-11 05:43:15'),(51,897670,1,'2008-10-04 13:28:00'),(51,918442,1,'1978-11-16 06:23:21'),(51,919152,1,'1980-01-19 06:11:10'),(51,955629,1,'2002-12-18 14:26:26'),(51,9471904,1,'2016-03-01 13:39:12'),(51,77793493,1,'2007-07-28 19:37:43'),(51,427698029,1,'2016-01-30 00:26:41'),(51,620417824,1,'2004-04-16 20:13:49'),(51,733626033,1,'2016-10-18 10:55:54'),(52,14,2,'1976-02-08 07:41:56'),(52,8079,2,'2008-02-09 07:22:54'),(52,14132,2,'2005-07-19 22:19:10'),(52,153778,2,'2003-04-06 12:50:28'),(52,216599,2,'2010-10-17 19:39:26'),(52,259079,2,'1977-05-27 16:21:26'),(52,317322,2,'1985-02-06 02:48:05'),(52,339442,2,'1973-11-18 00:47:49'),(52,419093,2,'1990-09-07 13:46:14'),(52,535630,2,'1998-03-18 14:13:50'),(52,660723,2,'2012-08-14 21:30:08'),(52,671471,2,'1973-10-15 20:31:12'),(52,729796,2,'1991-08-09 05:58:08'),(52,865808,2,'1972-08-19 17:47:00'),(52,883755,2,'2008-09-23 15:07:58'),(52,969437,2,'2008-07-07 00:15:07'),(52,4928562,2,'2010-07-14 06:01:52'),(52,7112252,2,'1979-01-03 18:29:58'),(52,9147843,2,'1982-03-11 13:30:52'),(52,52029555,2,'1978-02-02 19:27:33'),(53,664,3,'1991-12-27 17:15:55'),(53,2488,3,'2005-06-19 12:57:58'),(53,21238,3,'1988-11-10 22:29:55'),(53,76551,3,'2009-02-04 19:39:04'),(53,157309,3,'1989-12-21 20:11:56'),(53,174329,3,'2013-03-01 20:39:47'),(53,177972,3,'1994-09-13 18:14:24'),(53,250097,3,'2003-05-01 00:38:01'),(53,317236,3,'1993-03-19 11:25:34'),(53,434823,3,'1980-12-29 03:21:47'),(53,611044,3,'2018-03-09 20:35:53'),(53,825177,3,'1980-02-25 16:18:26'),(53,875673,3,'1976-10-28 02:01:25'),(53,931761,3,'1994-03-18 23:17:23'),(53,964238,3,'1972-08-24 17:54:18'),(53,4580539,3,'1979-03-17 08:52:37'),(53,4773829,3,'1992-11-20 17:07:09'),(53,35930811,3,'1990-02-03 13:41:13'),(53,59592574,3,'1994-08-19 16:05:42'),(53,343787571,3,'2012-05-09 16:21:29'),(54,742,4,'2012-01-31 00:48:56'),(54,819,4,'1986-03-12 16:58:54'),(54,83061,4,'1997-02-24 11:16:14'),(54,89289,4,'1972-04-27 15:20:59'),(54,139359,4,'1972-05-07 14:52:49'),(54,298116,4,'1996-12-15 15:54:17'),(54,379981,4,'1980-11-04 21:57:57'),(54,429667,4,'1980-01-14 01:26:58'),(54,448210,4,'2013-11-06 05:17:24'),(54,539946,4,'2000-06-19 17:35:26'),(54,691765,4,'2013-10-08 06:33:25'),(54,722268,4,'2005-06-21 19:35:24'),(54,753200,4,'2018-12-08 04:51:46'),(54,807851,4,'1970-01-17 06:17:33'),(54,867937,4,'2010-06-14 02:09:40'),(54,928755,4,'1991-03-29 18:46:49'),(54,968272,4,'1973-02-26 07:06:04'),(54,13693118,4,'1998-06-09 23:32:55'),(54,47093174,4,'1975-08-01 20:19:04'),(54,810030485,4,'2016-06-15 17:59:32'),(55,243,5,'1995-04-01 06:59:58'),(55,646,5,'2002-08-17 03:55:57'),(55,757,5,'1979-06-13 00:39:20'),(55,6686,5,'1998-12-23 08:04:50'),(55,136912,5,'2011-02-09 14:38:07'),(55,141924,5,'2000-12-19 01:08:05'),(55,142979,5,'1999-01-10 14:00:34'),(55,435074,5,'1995-07-25 02:10:48'),(55,581743,5,'2005-12-06 18:48:29'),(55,626050,5,'2008-06-14 15:12:26'),(55,734291,5,'1995-04-22 09:48:00'),(55,843030,5,'2011-05-17 08:05:05'),(55,923348,5,'1981-10-27 13:00:54'),(55,978764,5,'2003-01-01 14:30:47'),(55,8254410,5,'2007-03-13 13:03:55'),(55,58503072,5,'1984-05-21 05:14:39'),(55,85097288,5,'1976-12-17 08:42:37'),(55,304033747,5,'1973-07-23 11:10:26'),(55,447136753,5,'1974-01-22 10:26:34'),(55,734460544,5,'2006-07-23 20:24:14'),(56,415,6,'1974-09-10 08:32:23'),(56,739,6,'2010-03-21 20:14:33'),(56,3973,6,'1998-01-12 22:18:13'),(56,4930,6,'1990-02-16 11:23:03'),(56,148178,6,'1973-03-14 03:44:44'),(56,213282,6,'1990-10-10 09:01:45'),(56,265063,6,'2003-11-13 08:50:41'),(56,280305,6,'1995-03-16 13:50:16'),(56,343859,6,'1973-12-22 09:22:13'),(56,368029,6,'1990-04-11 04:45:08'),(56,394770,6,'1993-07-10 08:56:32'),(56,451215,6,'1993-04-06 21:03:47'),(56,566299,6,'1994-02-01 07:24:42'),(56,594863,6,'1983-08-14 17:00:48'),(56,736594,6,'1972-10-16 10:53:44'),(56,904693,6,'2007-11-28 06:08:26'),(56,957517,6,'2001-04-13 05:16:57'),(56,4024195,6,'2006-03-06 15:59:30'),(56,4444438,6,'2011-04-07 10:42:17'),(56,82133997,6,'1977-03-26 21:39:35'),(57,87,7,'2005-12-09 09:47:08'),(57,93,7,'1981-09-15 09:16:35'),(57,6218,7,'1985-07-10 13:44:41'),(57,11704,7,'2012-12-08 22:34:24'),(57,34367,7,'1984-10-03 00:00:28'),(57,54896,7,'2009-02-25 02:13:01'),(57,89404,7,'2010-10-28 12:17:55'),(57,141772,7,'1983-01-07 16:55:43'),(57,158859,7,'1981-05-16 00:03:12'),(57,337355,7,'2006-10-19 05:03:19'),(57,375993,7,'2018-04-05 22:14:44'),(57,447916,7,'1970-08-08 22:15:13'),(57,483269,7,'1994-11-28 18:47:03'),(57,770651,7,'2019-01-01 13:51:08'),(57,812573,7,'2010-01-16 11:21:52'),(57,891752,7,'1991-11-17 17:37:24'),(57,920451,7,'1992-01-23 16:49:47'),(57,952132,7,'2014-04-11 08:32:30'),(57,90423692,7,'2011-02-24 01:32:29'),(57,763600764,7,'2001-01-23 19:27:08'),(58,33863,8,'2018-09-08 14:38:27'),(58,44111,8,'1976-10-10 08:14:30'),(58,58625,8,'1978-07-11 21:11:52'),(58,132908,8,'2014-05-22 04:17:03'),(58,136682,8,'2008-07-23 04:24:12'),(58,145873,8,'2018-08-15 07:19:40'),(58,150675,8,'1976-03-31 20:59:09'),(58,158489,8,'2007-12-08 19:34:45'),(58,165298,8,'1972-08-27 16:48:05'),(58,311491,8,'2004-02-24 12:30:08'),(58,486370,8,'1974-10-22 15:06:36'),(58,647759,8,'1995-08-04 09:37:53'),(58,689008,8,'1973-04-04 22:22:50'),(58,705134,8,'1985-07-29 18:56:35'),(58,833194,8,'1971-09-27 21:02:25'),(58,898587,8,'1970-08-02 14:33:05'),(58,1507021,8,'2006-06-06 08:52:05'),(58,9943242,8,'1986-09-14 01:26:26'),(58,41700371,8,'2001-05-07 08:23:29'),(58,67410931,8,'1971-04-23 02:07:08'),(59,54,9,'1991-11-03 19:58:06'),(59,76,9,'1986-06-16 13:08:35'),(59,138,9,'1987-03-04 23:50:40'),(59,157,9,'2002-10-08 21:14:40'),(59,4762,9,'2003-07-24 00:47:37'),(59,10443,9,'1982-03-26 17:39:45'),(59,26925,9,'1998-06-29 09:03:00'),(59,85598,9,'1989-07-05 19:08:00'),(59,143892,9,'1987-05-15 20:00:12'),(59,245316,9,'1972-11-17 12:44:24'),(59,255080,9,'1989-05-02 06:55:42'),(59,284178,9,'1971-07-04 19:57:24'),(59,375164,9,'1976-01-30 21:35:09'),(59,441419,9,'1975-05-04 15:25:21'),(59,774713,9,'1999-07-15 05:09:54'),(59,908400,9,'1986-07-22 10:54:46'),(59,19302787,9,'1971-02-02 13:38:26'),(59,20930390,9,'2017-06-01 03:35:36'),(59,435392478,9,'2003-09-04 05:13:15'),(59,631534520,9,'2018-01-01 16:18:16'),(60,94,10,'1991-05-02 22:53:03'),(60,2406,10,'2013-10-29 15:26:56'),(60,4439,10,'1980-09-26 06:58:50'),(60,5171,10,'1983-02-10 14:48:48'),(60,6644,10,'2011-07-13 19:12:49'),(60,6879,10,'1975-11-21 21:45:23'),(60,6994,10,'1973-05-26 14:09:56'),(60,14659,10,'1989-03-12 20:10:23'),(60,20802,10,'1976-10-11 20:34:41'),(60,82041,10,'2001-10-26 06:37:49'),(60,215283,10,'2014-06-19 11:26:44'),(60,293920,10,'2016-01-15 11:08:44'),(60,417391,10,'1984-01-20 01:46:41'),(60,784137,10,'2013-11-22 20:31:17'),(60,793521,10,'2006-12-13 09:07:54'),(60,796161,10,'1985-09-08 07:02:11'),(60,9785873,10,'1985-05-03 03:14:54'),(60,66562811,10,'2003-01-17 11:27:39'),(60,75732585,10,'1976-12-10 06:33:48'),(60,531461120,10,'1996-10-04 09:07:54'),(61,6341,1,'2003-04-19 11:03:00'),(61,50860,1,'1998-11-19 22:33:09'),(61,70495,1,'2015-01-24 01:19:59'),(61,77099,1,'2010-07-14 20:52:40'),(61,83145,1,'2001-02-12 06:55:04'),(61,133939,1,'1978-03-10 22:12:46'),(61,238146,1,'1989-08-01 15:56:07'),(61,307141,1,'1980-10-21 15:19:40'),(61,393284,1,'1972-09-10 10:40:37'),(61,527755,1,'2012-01-14 19:17:59'),(61,584474,1,'1970-12-19 03:38:04'),(61,684797,1,'1975-01-04 11:25:26'),(61,744742,1,'2005-08-03 19:20:41'),(61,753257,1,'2012-10-29 12:18:17'),(61,850794,1,'1989-12-16 21:25:12'),(61,3664827,1,'1997-10-06 11:40:11'),(61,5109663,1,'1991-12-21 21:04:45'),(61,5170978,1,'1997-12-28 04:57:46'),(61,7153150,1,'1983-05-19 03:31:31'),(61,896691844,1,'1971-03-15 00:53:36'),(62,13,2,'2011-05-10 06:08:57'),(62,78,2,'1991-12-03 11:38:07'),(62,186,2,'2002-07-26 08:01:41'),(62,284,2,'2003-05-29 18:38:10'),(62,306,2,'1999-12-04 14:04:22'),(62,689,2,'2017-06-01 09:48:59'),(62,61494,2,'2002-08-11 02:47:51'),(62,93404,2,'1992-08-25 13:43:13'),(62,341429,2,'2017-08-24 04:53:21'),(62,390316,2,'1973-03-11 05:10:18'),(62,440444,2,'1998-01-18 00:20:57'),(62,505785,2,'2000-01-12 16:13:14'),(62,584067,2,'2015-04-26 05:37:06'),(62,613133,2,'2015-11-19 03:15:39'),(62,700385,2,'1996-11-24 02:56:12'),(62,882260,2,'1998-06-11 09:20:31'),(62,923775,2,'1980-11-12 02:29:09'),(62,947095,2,'2005-05-06 00:14:25'),(62,7526327,2,'1997-03-10 18:38:32'),(62,887642320,2,'2004-04-22 19:52:16'),(63,354,3,'1981-03-06 01:05:16'),(63,7282,3,'1989-04-01 09:24:15'),(63,14330,3,'1973-08-02 07:00:52'),(63,112717,3,'1997-10-13 17:37:38'),(63,259187,3,'1985-07-27 19:18:18'),(63,308916,3,'2008-07-10 06:30:31'),(63,369870,3,'1996-02-12 21:03:18'),(63,473399,3,'1976-01-27 08:13:07'),(63,518440,3,'2005-03-04 02:07:05'),(63,546290,3,'2009-06-14 10:11:03'),(63,578212,3,'1991-10-15 23:32:14'),(63,729279,3,'2017-10-26 08:48:34'),(63,918710,3,'1989-10-18 16:30:38'),(63,989554,3,'1983-07-17 04:48:11'),(63,7630440,3,'2000-04-13 13:34:08'),(63,8077836,3,'1994-01-02 12:57:35'),(63,8518334,3,'2007-07-05 15:06:32'),(63,42576926,3,'2012-11-23 09:07:49'),(63,55897143,3,'1986-02-09 17:59:07'),(63,98609212,3,'1989-11-24 10:12:47'),(64,496,4,'2004-06-13 07:52:27'),(64,512,4,'1974-07-10 10:07:56'),(64,2255,4,'2012-08-30 03:26:30'),(64,8748,4,'2012-11-09 09:31:36'),(64,12522,4,'2003-12-03 10:05:36'),(64,54648,4,'1985-09-03 05:27:44'),(64,68468,4,'1998-10-04 16:17:08'),(64,89719,4,'1985-09-20 13:26:43'),(64,94379,4,'1982-07-17 13:04:10'),(64,210818,4,'2007-10-14 00:18:13'),(64,220516,4,'1998-02-12 02:05:54'),(64,221098,4,'2014-02-28 03:37:49'),(64,482128,4,'1971-06-29 18:22:36'),(64,554546,4,'2000-11-22 02:29:26'),(64,647243,4,'1987-07-16 15:23:42'),(64,737023,4,'2000-07-01 05:12:54'),(64,754144,4,'2015-10-24 17:12:28'),(64,801752,4,'2005-10-25 10:22:21'),(64,857267,4,'1977-01-13 05:38:19'),(64,945235712,4,'1980-09-21 14:07:46'),(65,58,5,'2014-10-16 03:28:53'),(65,3258,5,'2013-12-13 14:33:31'),(65,57032,5,'1998-07-17 15:37:15'),(65,63053,5,'1974-03-27 16:14:35'),(65,95553,5,'1982-08-12 18:37:14'),(65,166629,5,'1980-11-09 03:59:28'),(65,268312,5,'1975-08-23 12:54:21'),(65,293074,5,'1993-11-17 10:35:38'),(65,310883,5,'2009-08-01 17:03:21'),(65,392512,5,'1989-11-03 13:13:52'),(65,551199,5,'2013-05-20 05:01:48'),(65,719865,5,'1973-03-05 02:29:18'),(65,746136,5,'1970-01-08 00:54:11'),(65,748873,5,'2011-08-24 18:34:21'),(65,937061,5,'2013-06-07 15:23:44'),(65,996074,5,'1988-06-01 05:41:05'),(65,2754553,5,'1995-01-24 05:26:48'),(65,32837286,5,'1980-05-29 15:32:17'),(65,83374708,5,'2019-04-24 16:29:47'),(65,434410045,5,'1977-04-11 07:53:04'),(66,484,6,'2016-03-31 13:33:04'),(66,4183,6,'2008-04-08 07:22:31'),(66,47539,6,'1975-08-14 09:36:44'),(66,53621,6,'2018-06-05 03:59:56'),(66,174858,6,'1977-09-09 05:31:42'),(66,187320,6,'2000-08-09 22:35:18'),(66,302768,6,'1990-11-23 04:51:17'),(66,396119,6,'1990-08-06 18:57:37'),(66,448205,6,'1996-12-29 06:41:01'),(66,561401,6,'2010-08-06 17:13:51'),(66,704557,6,'1973-04-24 22:17:51'),(66,718829,6,'1976-11-27 22:21:27'),(66,754019,6,'1972-12-03 03:41:53'),(66,876050,6,'1995-08-22 04:19:35'),(66,877393,6,'1992-11-12 05:43:14'),(66,14100869,6,'2017-09-09 16:50:42'),(66,88227359,6,'1994-03-01 00:32:34'),(66,202313844,6,'2018-10-09 15:48:40'),(66,585662888,6,'1973-10-15 09:17:03'),(66,687577649,6,'1998-02-22 02:20:32'),(67,347,7,'1986-01-29 01:51:38'),(67,835,7,'2019-06-24 18:08:00'),(67,43032,7,'1982-12-19 19:13:40'),(67,73321,7,'1978-07-29 23:55:22'),(67,78659,7,'2015-10-18 01:59:13'),(67,79394,7,'2006-03-10 00:14:24'),(67,123333,7,'2000-07-23 18:46:52'),(67,171276,7,'2006-06-26 01:05:48'),(67,174870,7,'1996-12-31 06:01:37'),(67,398893,7,'1975-10-30 10:07:45'),(67,404012,7,'2015-06-02 01:04:08'),(67,413636,7,'2002-04-16 05:36:41'),(67,495056,7,'1989-05-10 15:13:44'),(67,740144,7,'2017-06-20 04:41:57'),(67,808692,7,'2009-02-24 08:28:12'),(67,818270,7,'2004-05-29 22:20:44'),(67,891099,7,'1975-04-09 02:16:57'),(67,3484501,7,'2005-12-15 20:27:51'),(67,3746147,7,'2001-08-17 01:23:24'),(67,92215281,7,'1988-06-17 15:58:43'),(68,1483,8,'2018-07-10 14:12:05'),(68,16365,8,'1998-10-28 13:03:39'),(68,32226,8,'2009-02-08 21:11:01'),(68,33983,8,'1977-08-23 08:13:28'),(68,36564,8,'1977-11-14 04:53:36'),(68,48530,8,'1988-07-16 14:24:30'),(68,56771,8,'2016-07-08 04:05:22'),(68,137425,8,'1974-01-03 03:01:43'),(68,162240,8,'2007-12-09 17:27:25'),(68,177614,8,'1994-06-14 04:13:19'),(68,195855,8,'1990-08-03 04:01:12'),(68,386224,8,'1972-06-15 06:29:41'),(68,419182,8,'1986-03-02 02:21:45'),(68,553952,8,'1988-06-01 08:02:01'),(68,742739,8,'1983-08-04 01:46:40'),(68,786447,8,'1976-07-14 18:28:35'),(68,981756,8,'1992-11-27 04:04:18'),(68,3822095,8,'2007-08-30 13:53:11'),(68,8611500,8,'1977-07-21 09:06:39'),(68,9672497,8,'1974-12-04 14:14:18'),(69,61,9,'2004-11-24 19:59:56'),(69,1880,9,'2005-04-20 08:30:29'),(69,3738,9,'2004-01-07 13:15:34'),(69,4692,9,'1974-05-24 06:10:51'),(69,62401,9,'2007-07-26 17:25:59'),(69,71072,9,'1975-09-29 16:51:17'),(69,319391,9,'2015-05-22 16:01:00'),(69,369383,9,'2010-06-14 02:40:02'),(69,399531,9,'2017-04-16 12:15:33'),(69,476300,9,'1993-07-13 04:07:26'),(69,632252,9,'1981-03-29 04:09:55'),(69,854002,9,'1986-10-03 11:32:03'),(69,857146,9,'2012-09-01 00:16:03'),(69,925440,9,'1991-01-26 17:56:00'),(69,927276,9,'2001-02-14 01:43:55'),(69,929061,9,'2008-06-18 02:05:48'),(69,9432557,9,'1994-04-25 15:07:14'),(69,10341731,9,'2009-01-05 03:34:45'),(69,23915677,9,'2010-08-01 18:25:01'),(69,278531498,9,'1970-05-24 14:41:57'),(70,611,10,'1989-05-08 11:32:12'),(70,692,10,'2017-12-09 16:43:56'),(70,24633,10,'1971-07-27 04:43:24'),(70,39813,10,'1985-09-07 06:26:44'),(70,75028,10,'2018-04-21 09:37:12'),(70,88340,10,'2004-10-21 00:43:23'),(70,158093,10,'1994-04-26 19:27:31'),(70,319930,10,'1984-04-11 20:24:40'),(70,415830,10,'2015-08-20 07:35:52'),(70,505334,10,'2016-07-24 02:33:05'),(70,602722,10,'1980-03-01 22:24:15'),(70,755055,10,'2011-10-04 20:54:47'),(70,803857,10,'1998-08-22 21:45:00'),(70,838730,10,'1998-08-21 20:06:24'),(70,968942,10,'1978-04-30 14:22:27'),(70,978810,10,'1996-08-28 05:36:51'),(70,6459528,10,'2003-11-29 14:28:51'),(70,7211263,10,'1986-08-23 15:30:32'),(70,9982896,10,'1997-11-03 20:54:40'),(70,39894009,10,'1989-03-24 00:14:16'),(71,68,1,'1990-09-23 02:29:22'),(71,541,1,'1980-05-14 02:41:31'),(71,547,1,'2013-03-28 16:59:32'),(71,12794,1,'1974-07-03 03:45:45'),(71,79258,1,'1993-09-29 08:56:30'),(71,223408,1,'1985-03-11 10:24:21'),(71,309132,1,'1997-12-11 09:33:19'),(71,351571,1,'1984-01-11 13:03:48'),(71,357753,1,'1986-02-20 02:23:35'),(71,371226,1,'2017-12-30 10:17:37'),(71,660823,1,'2002-01-30 13:36:10'),(71,859218,1,'1971-12-30 14:39:44'),(71,922353,1,'2014-01-24 17:50:59'),(71,3452110,1,'1974-01-08 09:31:16'),(71,8223434,1,'2001-07-21 04:55:05'),(71,8580537,1,'1986-07-25 11:51:39'),(71,9804278,1,'2012-01-11 04:26:39'),(71,42061323,1,'2016-06-22 09:11:29'),(71,81485717,1,'1998-04-01 19:27:40'),(71,701662484,1,'1975-10-09 12:56:31'),(72,28,2,'2016-09-06 01:06:47'),(72,4264,2,'2018-06-07 03:00:40'),(72,4681,2,'2001-07-04 22:53:58'),(72,32714,2,'2017-10-21 05:01:42'),(72,43438,2,'1991-05-24 03:20:28'),(72,70208,2,'1971-06-27 01:08:30'),(72,149128,2,'2013-02-23 09:30:56'),(72,196338,2,'1977-11-04 10:44:21'),(72,239178,2,'1998-11-15 21:58:06'),(72,295581,2,'1995-10-28 13:50:27'),(72,350446,2,'1993-01-02 01:03:19'),(72,361869,2,'2015-09-17 17:27:31'),(72,583906,2,'1982-08-26 13:22:51'),(72,713886,2,'2018-04-14 15:11:34'),(72,739860,2,'2007-06-24 12:00:24'),(72,808423,2,'2002-03-29 21:18:43'),(72,973204,2,'2007-03-07 18:42:37'),(72,987080,2,'1974-07-29 14:35:30'),(72,42187302,2,'1974-09-21 07:29:01'),(72,350744370,2,'1980-12-17 15:14:59'),(73,45,3,'1995-04-07 08:45:54'),(73,990,3,'1993-12-16 06:56:43'),(73,5780,3,'2012-05-21 04:25:04'),(73,7342,3,'1989-12-03 18:40:42'),(73,27272,3,'2011-06-05 12:45:21'),(73,95563,3,'1996-07-21 19:32:45'),(73,110362,3,'1974-06-09 11:21:18'),(73,531890,3,'1982-08-22 01:35:44'),(73,602214,3,'1995-02-01 12:54:34'),(73,729985,3,'1977-03-14 00:10:27'),(73,771379,3,'2003-12-31 01:57:48'),(73,825741,3,'2011-06-18 01:32:28'),(73,903234,3,'1974-09-16 09:12:12'),(73,933611,3,'1994-06-16 14:10:39'),(73,5635896,3,'1973-10-30 06:48:31'),(73,5880767,3,'1996-06-08 00:54:43'),(73,8214799,3,'1970-04-23 19:48:11'),(73,27238142,3,'2005-08-19 10:01:07'),(73,83487274,3,'1980-04-03 00:58:47'),(73,96868152,3,'1983-05-14 04:50:24'),(74,4,4,'1986-03-10 13:42:46'),(74,6,4,'2008-06-03 01:11:02'),(74,1114,4,'1998-08-01 09:33:28'),(74,9692,4,'1994-05-08 00:34:47'),(74,9834,4,'1980-10-29 09:07:39'),(74,73937,4,'1970-10-25 12:24:04'),(74,154249,4,'2003-09-05 17:15:54'),(74,155045,4,'1998-10-15 03:45:17'),(74,238970,4,'1975-04-18 20:59:05'),(74,251374,4,'2004-01-26 12:12:30'),(74,468545,4,'1977-06-13 12:56:40'),(74,514183,4,'2002-03-20 01:01:48'),(74,732159,4,'1991-01-13 22:06:21'),(74,769990,4,'1997-06-17 20:58:32'),(74,777916,4,'2014-10-22 15:16:41'),(74,792905,4,'1977-02-06 00:45:38'),(74,812608,4,'2008-05-23 08:54:13'),(74,881266,4,'1998-09-29 12:01:31'),(74,965729,4,'1975-01-17 18:53:41'),(74,8714406,4,'1973-04-16 07:15:35'),(75,26,5,'1995-11-04 12:14:11'),(75,7573,5,'1973-10-11 09:35:26'),(75,8118,5,'1999-03-19 14:32:59'),(75,106329,5,'2010-11-27 12:51:14'),(75,283172,5,'1989-07-26 14:59:26'),(75,377266,5,'1986-12-27 00:17:01'),(75,384333,5,'2018-12-24 04:22:33'),(75,477157,5,'2012-11-14 23:03:36'),(75,568062,5,'1992-07-10 08:04:09'),(75,604341,5,'1988-11-17 12:10:47'),(75,781444,5,'2012-03-01 05:00:01'),(75,816106,5,'1972-05-27 20:56:52'),(75,843295,5,'1990-06-18 20:57:07'),(75,914632,5,'2004-07-27 14:54:37'),(75,1488744,5,'1980-03-28 12:13:45'),(75,2926689,5,'1996-09-02 22:42:38'),(75,8616966,5,'1975-11-06 08:36:26'),(75,38176209,5,'2013-02-15 21:47:49'),(75,79166377,5,'2002-08-07 14:24:35'),(75,106676918,5,'1980-01-12 06:58:40'),(76,51,6,'2019-06-14 22:49:40'),(76,170,6,'1984-11-22 17:38:48'),(76,788,6,'1993-05-05 23:35:14'),(76,6194,6,'1992-12-22 05:25:49'),(76,98089,6,'1989-01-22 17:36:29'),(76,160718,6,'1974-08-14 07:58:28'),(76,264818,6,'1975-03-12 18:34:55'),(76,296094,6,'2018-05-28 15:14:02'),(76,476662,6,'1975-06-07 17:16:05'),(76,654617,6,'2001-02-16 19:04:57'),(76,674383,6,'1984-07-29 16:58:46'),(76,679677,6,'1970-10-24 04:26:19'),(76,757936,6,'1991-02-02 18:22:18'),(76,879888,6,'1975-11-17 11:44:54'),(76,6154649,6,'2000-12-14 11:24:15'),(76,12785313,6,'1990-03-28 16:50:10'),(76,72586365,6,'2018-09-09 18:51:18'),(76,82665654,6,'1983-08-03 04:30:49'),(76,468701446,6,'2003-11-29 02:27:04'),(76,982571393,6,'1998-04-15 16:53:19'),(77,112,7,'2017-04-07 01:15:42'),(77,18405,7,'2018-04-01 15:17:09'),(77,63680,7,'1998-01-29 16:55:09'),(77,97996,7,'1977-03-02 05:28:37'),(77,166151,7,'1990-03-28 09:53:29'),(77,411405,7,'2006-08-14 18:16:59'),(77,506917,7,'1997-09-15 06:22:35'),(77,509120,7,'2005-08-09 18:43:42'),(77,527287,7,'2015-12-16 14:14:28'),(77,535194,7,'2005-08-26 11:16:55'),(77,538548,7,'1984-06-28 12:25:55'),(77,540559,7,'1977-03-17 20:04:04'),(77,665475,7,'2013-04-22 14:51:59'),(77,809120,7,'1978-01-05 03:53:02'),(77,929900,7,'1981-06-13 21:27:11'),(77,62649647,7,'1991-03-09 00:21:58'),(77,135687697,7,'1973-06-18 03:37:02'),(77,138216371,7,'1990-04-12 14:12:16'),(77,875203059,7,'1990-12-02 11:34:45'),(77,876590660,7,'2003-03-28 17:04:18'),(78,95,8,'1975-08-02 06:33:40'),(78,556,8,'2003-08-12 18:52:12'),(78,781,8,'1998-05-20 03:01:11'),(78,57301,8,'1980-12-09 19:53:26'),(78,152011,8,'1974-10-25 13:07:02'),(78,241139,8,'1990-04-24 11:40:29'),(78,249744,8,'1976-04-08 00:19:12'),(78,429491,8,'2006-03-28 00:34:48'),(78,473077,8,'2013-03-07 03:14:55'),(78,478178,8,'1991-01-02 15:36:05'),(78,627532,8,'2013-05-28 18:51:39'),(78,769961,8,'1991-07-28 12:22:57'),(78,812283,8,'1979-08-28 20:02:47'),(78,842906,8,'1977-06-07 02:09:59'),(78,880583,8,'1981-07-28 17:32:59'),(78,965375,8,'1996-02-09 12:05:48'),(78,8112092,8,'1997-02-13 12:53:20'),(78,22817586,8,'1976-02-10 01:22:31'),(78,97293543,8,'1996-02-23 13:59:08'),(78,702171631,8,'2012-03-30 18:24:25'),(79,162,9,'2017-01-14 18:00:25'),(79,478,9,'1989-12-01 01:05:56'),(79,743,9,'1983-09-23 10:24:57'),(79,3491,9,'2008-10-30 14:00:41'),(79,59664,9,'2004-12-23 01:31:16'),(79,114751,9,'1985-01-02 14:04:26'),(79,182721,9,'1996-09-21 00:18:57'),(79,231213,9,'2008-10-24 07:10:28'),(79,236908,9,'2012-12-22 07:03:04'),(79,513113,9,'1993-12-31 16:39:13'),(79,602655,9,'1987-07-02 04:16:49'),(79,625139,9,'2013-01-27 19:59:18'),(79,671612,9,'1976-10-13 09:03:47'),(79,831283,9,'1982-08-10 00:53:43'),(79,930374,9,'1972-01-11 07:31:14'),(79,955115,9,'1975-04-16 23:59:56'),(79,4350680,9,'1979-07-18 06:12:19'),(79,8293766,9,'2008-03-26 19:14:36'),(79,92299244,9,'1972-05-14 20:44:42'),(79,682148222,9,'2014-08-31 19:06:25'),(80,8304,10,'2000-12-30 11:37:05'),(80,36431,10,'1988-03-22 13:16:24'),(80,86353,10,'1973-06-17 21:37:26'),(80,222466,10,'1970-09-04 08:21:12'),(80,315931,10,'1979-09-24 22:20:27'),(80,427853,10,'2019-05-19 04:44:28'),(80,475480,10,'1995-12-22 13:14:18'),(80,508512,10,'1975-08-09 20:20:42'),(80,581561,10,'1983-08-14 17:53:57'),(80,602617,10,'2007-08-30 00:02:12'),(80,666957,10,'1992-06-10 02:02:23'),(80,852222,10,'1998-10-14 20:01:09'),(80,923810,10,'2003-12-30 15:21:28'),(80,930874,10,'1997-09-24 19:53:56'),(80,2351332,10,'1981-05-18 03:27:30'),(80,2876642,10,'1997-02-10 10:44:37'),(80,4061113,10,'1980-11-05 03:40:40'),(80,8956958,10,'2008-05-23 01:44:57'),(80,92377490,10,'2011-10-20 03:52:21'),(80,290935583,10,'1982-03-04 05:21:14'),(81,231,1,'2002-04-21 19:09:15'),(81,1436,1,'1990-12-22 05:07:52'),(81,6159,1,'2007-05-23 16:47:06'),(81,6953,1,'1978-05-13 07:56:52'),(81,7039,1,'2017-07-19 03:11:38'),(81,67347,1,'2015-11-10 13:26:24'),(81,72310,1,'1972-06-16 22:55:52'),(81,108012,1,'2005-07-11 07:26:45'),(81,161101,1,'2019-02-18 07:00:39'),(81,171404,1,'1986-03-13 10:15:33'),(81,264895,1,'2003-07-15 04:22:45'),(81,436436,1,'2004-01-19 18:41:14'),(81,698727,1,'2007-11-10 05:47:56'),(81,725210,1,'1970-04-01 22:33:20'),(81,733248,1,'1996-10-26 01:56:03'),(81,910528,1,'1971-12-03 07:40:50'),(81,954831,1,'2003-02-06 15:56:29'),(81,962822,1,'1991-01-24 04:05:04'),(81,7280214,1,'2000-06-30 16:19:24'),(81,99094218,1,'1970-04-26 05:41:21'),(82,102,2,'1986-09-21 04:04:57'),(82,2089,2,'1975-12-30 23:30:29'),(82,2523,2,'2010-01-18 19:34:20'),(82,7765,2,'1970-03-04 14:36:30'),(82,42869,2,'2009-05-09 02:05:55'),(82,68506,2,'2013-07-08 13:07:16'),(82,73843,2,'1975-12-19 03:24:19'),(82,115594,2,'1982-08-04 09:40:25'),(82,197931,2,'2007-01-05 22:19:05'),(82,332311,2,'2017-04-14 14:25:58'),(82,589972,2,'2008-01-05 02:49:09'),(82,666735,2,'1983-02-24 14:50:55'),(82,735002,2,'2017-06-07 22:38:34'),(82,827855,2,'1994-07-14 03:24:50'),(82,842597,2,'1986-07-25 23:42:52'),(82,869894,2,'2014-10-19 15:35:20'),(82,874778,2,'2000-10-26 08:57:24'),(82,954414,2,'1984-06-12 14:00:22'),(82,86751348,2,'2019-05-07 22:39:06'),(82,730273444,2,'2018-11-12 20:33:15'),(83,6386,3,'2002-03-05 04:57:32'),(83,27475,3,'1974-06-21 04:26:35'),(83,83496,3,'2015-01-01 04:24:42'),(83,141923,3,'2005-11-07 10:49:50'),(83,252429,3,'1978-06-27 19:42:21'),(83,271235,3,'1989-02-13 03:30:25'),(83,334070,3,'2006-07-29 06:17:34'),(83,354260,3,'2012-03-29 19:51:32'),(83,431603,3,'1991-06-06 01:46:41'),(83,471802,3,'2008-05-15 10:10:31'),(83,561842,3,'1974-09-25 15:27:33'),(83,576680,3,'1985-07-16 16:42:34'),(83,634925,3,'2011-07-18 16:06:38'),(83,698898,3,'1993-09-27 22:26:51'),(83,977249,3,'2016-05-07 18:23:00'),(83,1171607,3,'2008-11-07 06:03:07'),(83,25005819,3,'1983-05-04 19:39:33'),(83,67107058,3,'2008-10-20 16:37:13'),(83,117158292,3,'1997-03-16 03:49:05'),(83,773674955,3,'1970-06-16 17:17:00'),(84,631,4,'1975-10-17 02:01:05'),(84,762,4,'2012-02-15 01:43:21'),(84,2760,4,'1983-07-10 14:29:13'),(84,7411,4,'1986-07-27 08:40:41'),(84,62841,4,'1998-02-16 14:51:36'),(84,81535,4,'2013-08-23 17:50:43'),(84,232373,4,'2012-06-15 16:25:38'),(84,442404,4,'1991-09-21 04:23:03'),(84,455337,4,'1975-09-18 07:49:29'),(84,464843,4,'1989-03-19 08:49:51'),(84,611146,4,'1994-12-27 10:08:50'),(84,634903,4,'2011-12-12 14:35:40'),(84,740705,4,'2006-07-12 11:01:57'),(84,749814,4,'1970-01-24 08:47:53'),(84,767644,4,'1977-10-18 18:28:12'),(84,779146,4,'2001-01-14 08:15:56'),(84,818231,4,'2007-10-11 03:32:12'),(84,897604,4,'1986-07-19 14:22:47'),(84,21890925,4,'1984-11-29 02:00:07'),(84,133736139,4,'1970-01-18 02:38:49'),(85,66,5,'1991-08-31 21:02:13'),(85,442,5,'2003-08-01 17:21:30'),(85,873,5,'1970-06-27 21:47:43'),(85,5761,5,'1990-04-07 06:01:13'),(85,10386,5,'1997-06-18 09:17:45'),(85,21810,5,'1979-09-25 13:07:34'),(85,22714,5,'1970-05-05 16:33:52'),(85,50919,5,'1981-12-27 08:48:11'),(85,56428,5,'2016-01-16 19:26:55'),(85,113650,5,'2017-05-04 20:34:49'),(85,125586,5,'1971-09-18 17:30:51'),(85,176903,5,'2018-03-15 11:25:55'),(85,316805,5,'2015-08-25 02:23:29'),(85,411524,5,'1999-03-13 19:42:26'),(85,577221,5,'1970-05-31 07:41:20'),(85,900365,5,'1978-08-31 13:27:46'),(85,939300,5,'1990-05-18 11:39:30'),(85,992514,5,'2006-07-11 12:18:12'),(85,59280983,5,'1987-04-21 14:47:15'),(85,279051878,5,'2007-01-23 20:20:04'),(86,432,6,'2011-01-13 03:22:41'),(86,454,6,'1996-12-01 10:32:14'),(86,5055,6,'2008-05-09 12:48:36'),(86,9255,6,'1970-01-12 11:48:47'),(86,46481,6,'2014-07-23 23:11:45'),(86,82241,6,'1993-01-21 20:27:43'),(86,96591,6,'2012-09-06 21:34:13'),(86,203608,6,'1975-07-11 15:18:48'),(86,207339,6,'2003-01-21 06:18:45'),(86,369356,6,'2010-10-12 14:46:59'),(86,452715,6,'1983-03-27 11:49:43'),(86,488903,6,'1981-03-25 01:10:36'),(86,556468,6,'1979-12-23 11:54:02'),(86,799690,6,'1998-09-09 09:42:56'),(86,812527,6,'2007-02-14 12:38:14'),(86,850606,6,'1988-01-24 19:41:18'),(86,872454,6,'1978-01-05 03:58:42'),(86,252960395,6,'1977-01-31 14:47:05'),(86,391041581,6,'1984-09-18 05:32:08'),(86,589941986,6,'2016-10-05 10:29:58'),(87,27,7,'2014-02-10 19:45:55'),(87,855,7,'2017-05-02 20:10:33'),(87,23170,7,'1983-12-28 08:35:04'),(87,43553,7,'1996-09-30 21:56:13'),(87,59793,7,'1983-12-29 05:00:24'),(87,208225,7,'1970-08-09 19:04:22'),(87,239757,7,'1993-07-03 18:27:04'),(87,265642,7,'2015-06-23 01:23:50'),(87,282665,7,'2013-11-18 16:18:18'),(87,408844,7,'1989-12-14 02:37:08'),(87,458792,7,'1981-07-06 03:20:35'),(87,629264,7,'1983-08-26 05:41:59'),(87,733798,7,'1987-01-31 01:04:49'),(87,763145,7,'2010-05-20 01:37:24'),(87,1553296,7,'2008-09-29 13:59:37'),(87,4455907,7,'1987-03-17 11:03:48'),(87,9298997,7,'2001-02-05 02:40:16'),(87,522982385,7,'1989-05-05 06:31:05'),(87,735030903,7,'1986-05-09 04:21:57'),(87,975123686,7,'1986-04-03 13:28:30'),(88,383,8,'1990-07-07 13:56:03'),(88,525,8,'1977-11-04 05:39:33'),(88,799,8,'1984-09-04 12:07:28'),(88,2811,8,'1978-04-20 20:37:57'),(88,33135,8,'2011-09-24 00:47:01'),(88,42655,8,'2005-12-18 21:15:15'),(88,97004,8,'2015-06-20 06:49:51'),(88,106413,8,'1987-08-31 18:17:23'),(88,120537,8,'2018-01-08 21:00:15'),(88,261322,8,'1993-09-22 08:46:36'),(88,450964,8,'2010-01-05 14:21:12'),(88,742552,8,'2004-02-20 01:31:03'),(88,787433,8,'1978-09-20 15:51:02'),(88,794110,8,'1970-01-26 21:08:33'),(88,818192,8,'2014-06-11 11:49:28'),(88,820150,8,'1978-05-25 06:36:07'),(88,841113,8,'1971-09-22 05:04:44'),(88,59665626,8,'1972-06-09 20:22:34'),(88,770198191,8,'2006-12-11 18:31:24'),(88,885122057,8,'2014-05-20 18:47:21'),(89,42,9,'2006-10-26 15:00:39'),(89,98,9,'2010-03-20 09:51:19'),(89,1944,9,'1985-07-09 18:18:00'),(89,9053,9,'2004-06-29 05:41:53'),(89,45303,9,'2011-12-02 15:16:12'),(89,85556,9,'2005-01-11 10:16:53'),(89,229294,9,'2016-06-14 05:31:43'),(89,230261,9,'1974-12-14 09:09:54'),(89,230842,9,'1979-04-02 04:05:51'),(89,237734,9,'2008-07-11 13:45:45'),(89,278348,9,'1983-10-15 23:53:01'),(89,469290,9,'1978-12-11 05:46:09'),(89,489114,9,'1971-05-20 18:31:01'),(89,987119,9,'1987-10-18 00:43:29'),(89,999301,9,'1994-06-13 15:22:54'),(89,5871418,9,'1981-03-13 04:50:26'),(89,6587364,9,'2019-01-09 08:27:51'),(89,9242789,9,'1987-03-14 06:24:46'),(89,90229408,9,'1980-07-01 20:20:39'),(89,525266467,9,'2008-11-29 13:25:51'),(90,550,10,'1986-03-14 03:52:11'),(90,818,10,'1991-12-04 07:46:41'),(90,5377,10,'2018-04-13 06:09:41'),(90,8531,10,'1992-01-10 08:12:05'),(90,21158,10,'2001-09-06 11:40:03'),(90,149861,10,'1985-04-02 18:50:02'),(90,278752,10,'1980-07-08 09:17:57'),(90,329238,10,'1992-09-21 08:42:24'),(90,346550,10,'1981-05-04 05:03:48'),(90,399363,10,'2002-11-16 02:28:38'),(90,551605,10,'2018-04-08 13:40:53'),(90,596783,10,'2006-08-20 23:12:32'),(90,704583,10,'2009-07-18 13:43:24'),(90,783665,10,'2010-06-13 13:58:49'),(90,872159,10,'1975-06-12 04:23:11'),(90,12828810,10,'2014-10-17 21:37:57'),(90,49679734,10,'1997-03-25 02:48:31'),(90,92029677,10,'1982-08-26 04:19:04'),(90,227124122,10,'1976-04-11 23:51:38'),(90,685105516,10,'2015-07-27 03:04:17'),(91,312,1,'1978-05-27 14:54:20'),(91,490,1,'1990-04-30 07:43:44'),(91,5898,1,'1978-11-06 20:24:10'),(91,11953,1,'2000-10-09 06:00:58'),(91,63912,1,'2015-12-10 12:55:36'),(91,98090,1,'2010-07-29 01:50:37'),(91,107353,1,'1981-04-27 22:42:27'),(91,307946,1,'1974-12-16 21:51:03'),(91,332464,1,'2011-06-22 14:51:00'),(91,427430,1,'2013-11-05 14:56:04'),(91,522398,1,'2012-04-20 11:46:11'),(91,600766,1,'1985-03-02 16:59:40'),(91,664027,1,'1993-12-02 20:06:12'),(91,694693,1,'1971-10-22 22:37:09'),(91,794647,1,'1990-10-08 15:46:52'),(91,809289,1,'2011-11-09 14:12:05'),(91,985782,1,'1970-12-21 17:36:20'),(91,7172313,1,'1999-05-23 16:33:06'),(91,9785867,1,'1976-06-15 15:01:33'),(91,88942913,1,'2012-08-20 00:34:43'),(92,16,2,'1990-04-01 02:25:43'),(92,190,2,'1992-11-08 05:13:14'),(92,3673,2,'2007-03-30 10:20:59'),(92,11783,2,'1979-09-21 14:57:40'),(92,100507,2,'2009-02-12 01:15:59'),(92,146513,2,'2004-12-18 20:16:17'),(92,246301,2,'1971-02-14 03:00:49'),(92,279388,2,'2007-12-16 07:57:48'),(92,430472,2,'1974-05-26 03:58:06'),(92,518221,2,'2004-07-01 07:07:50'),(92,642213,2,'1984-02-23 22:38:37'),(92,647061,2,'2016-12-21 16:28:31'),(92,809497,2,'1974-02-28 19:53:19'),(92,872349,2,'2016-04-10 15:14:14'),(92,1416297,2,'2004-12-10 10:11:28'),(92,7276014,2,'1989-09-03 22:40:38'),(92,57945273,2,'1994-05-22 09:33:31'),(92,166304328,2,'2002-08-04 07:28:02'),(92,505037173,2,'2004-05-15 07:34:12'),(92,735989462,2,'2010-01-10 18:49:25'),(93,15,3,'2003-05-03 10:01:54'),(93,796,3,'1979-06-25 02:05:39'),(93,5965,3,'1979-03-15 08:02:38'),(93,8971,3,'2016-05-21 03:49:13'),(93,13914,3,'1983-09-02 12:02:53'),(93,42459,3,'2013-08-06 07:02:18'),(93,49655,3,'2010-02-14 16:07:56'),(93,115474,3,'1974-11-29 19:01:43'),(93,216786,3,'2012-02-13 06:18:50'),(93,314838,3,'2000-07-08 18:51:49'),(93,407804,3,'1991-03-08 22:34:25'),(93,476313,3,'1999-11-10 05:30:50'),(93,528112,3,'1971-08-12 09:09:48'),(93,544216,3,'2000-10-13 10:37:21'),(93,573739,3,'1994-01-17 08:11:07'),(93,665404,3,'1982-09-17 16:53:38'),(93,766359,3,'1977-10-06 10:20:24'),(93,767535,3,'1977-08-15 06:22:06'),(93,864344,3,'1974-02-06 00:14:29'),(93,1263247,3,'2016-11-13 20:36:38'),(94,3,4,'1971-11-22 17:08:12'),(94,280,4,'2003-05-10 05:12:31'),(94,406,4,'2000-04-23 07:44:07'),(94,904,4,'1993-12-13 08:53:43'),(94,54602,4,'1978-01-15 22:21:24'),(94,122079,4,'1970-05-18 16:09:46'),(94,163161,4,'1978-06-25 11:13:17'),(94,209990,4,'1996-11-12 23:11:42'),(94,224724,4,'1983-04-13 16:08:36'),(94,333237,4,'2004-02-08 16:50:59'),(94,341200,4,'2011-02-04 02:14:44'),(94,343144,4,'2012-03-06 05:56:04'),(94,371498,4,'2015-05-12 11:03:18'),(94,630410,4,'1982-04-07 16:21:54'),(94,660724,4,'2017-05-21 10:04:29'),(94,923245,4,'1981-06-01 23:38:41'),(94,4258529,4,'2016-08-31 01:41:22'),(94,4424413,4,'1972-05-15 06:35:52'),(94,206120868,4,'2018-11-25 07:32:19'),(94,734620158,4,'2016-07-06 15:51:40'),(95,30,5,'2017-08-18 00:30:31'),(95,46,5,'2007-05-19 15:50:42'),(95,62,5,'1975-05-03 05:47:09'),(95,85,5,'1975-01-23 10:17:50'),(95,2298,5,'1979-06-26 08:55:08'),(95,3837,5,'2009-09-17 12:35:36'),(95,8307,5,'1995-12-09 05:20:10'),(95,51227,5,'1988-06-16 18:50:36'),(95,52396,5,'2010-09-07 17:04:38'),(95,75769,5,'1984-08-09 00:30:53'),(95,163251,5,'1970-10-21 00:16:01'),(95,620943,5,'1993-01-22 21:25:36'),(95,644175,5,'2004-02-27 20:23:54'),(95,647158,5,'1973-01-05 10:53:47'),(95,697715,5,'2008-02-18 03:52:58'),(95,722470,5,'2007-07-13 04:05:46'),(95,755427,5,'1976-09-25 03:06:26'),(95,927589,5,'2011-01-31 16:09:45'),(95,26073518,5,'1990-05-03 14:50:20'),(95,42608691,5,'2011-10-16 11:08:51'),(96,869,6,'1993-04-04 22:06:42'),(96,1704,6,'1975-07-22 08:51:53'),(96,1784,6,'1978-08-14 06:06:18'),(96,4797,6,'1999-04-09 22:42:07'),(96,40059,6,'1987-04-17 02:12:41'),(96,125748,6,'2004-08-29 15:36:35'),(96,295997,6,'1988-01-04 20:40:46'),(96,356731,6,'1970-12-16 21:58:20'),(96,358024,6,'1980-03-20 22:01:57'),(96,620628,6,'1970-02-24 19:31:40'),(96,686329,6,'1975-10-03 13:38:14'),(96,808824,6,'2002-04-13 09:22:43'),(96,839447,6,'1999-08-03 04:24:11'),(96,844640,6,'2008-08-12 13:44:08'),(96,896098,6,'2014-08-05 21:37:40'),(96,1498852,6,'1980-12-23 00:29:55'),(96,1668514,6,'1991-05-24 04:16:37'),(96,2640238,6,'2014-09-13 00:33:57'),(96,9189534,6,'1996-01-31 16:01:25'),(96,285674237,6,'2011-12-10 19:22:36'),(97,81,7,'2008-07-16 07:50:08'),(97,251,7,'1998-08-18 07:46:42'),(97,704,7,'2017-02-27 09:06:34'),(97,3751,7,'2017-04-11 22:41:36'),(97,4366,7,'1996-02-13 14:35:27'),(97,6000,7,'2005-08-04 02:00:58'),(97,6353,7,'1971-03-15 17:25:33'),(97,149755,7,'1981-02-17 15:21:04'),(97,644144,7,'1987-05-22 22:01:02'),(97,662975,7,'1970-04-03 12:57:05'),(97,698221,7,'1971-01-15 17:40:51'),(97,707247,7,'1986-08-04 16:23:51'),(97,817973,7,'1992-10-14 09:10:02'),(97,856532,7,'2003-12-15 01:07:40'),(97,886416,7,'1995-06-22 23:29:13'),(97,949766,7,'1970-10-01 06:42:17'),(97,968805,7,'2010-10-29 06:03:12'),(97,3636170,7,'1997-01-16 15:06:44'),(97,12165897,7,'1977-09-03 01:49:02'),(97,54925423,7,'1991-01-02 15:51:33'),(98,10,8,'2001-04-20 19:31:53'),(98,183,8,'1993-12-05 04:03:10'),(98,879,8,'1995-08-12 20:56:20'),(98,7461,8,'2013-03-20 06:34:31'),(98,91864,8,'2002-03-18 11:50:20'),(98,112068,8,'1991-01-15 09:24:30'),(98,143969,8,'1975-03-18 06:28:05'),(98,152565,8,'2016-05-24 08:59:42'),(98,155062,8,'1975-10-23 07:18:17'),(98,356390,8,'2019-04-17 09:09:33'),(98,449038,8,'1990-02-12 11:33:22'),(98,694983,8,'1986-06-13 21:19:19'),(98,879319,8,'1979-05-28 12:12:40'),(98,974108,8,'1985-07-23 01:50:13'),(98,993606,8,'1972-08-17 13:11:04'),(98,8456218,8,'2010-02-13 16:19:19'),(98,46782787,8,'1995-06-24 09:23:14'),(98,73852801,8,'2018-12-29 21:27:35'),(98,670633847,8,'2012-05-10 15:45:47'),(98,865702698,8,'1997-10-19 22:55:41'),(99,437,9,'1987-12-16 11:18:15'),(99,548,9,'2005-12-07 14:01:20'),(99,850,9,'1998-05-06 06:12:30'),(99,963,9,'1972-11-07 00:18:11'),(99,2833,9,'1998-08-31 15:06:08'),(99,6456,9,'1977-11-17 12:08:12'),(99,77024,9,'2018-01-19 21:54:20'),(99,162568,9,'1981-08-27 13:05:15'),(99,241956,9,'1992-12-11 22:35:05'),(99,309283,9,'2015-06-19 22:51:11'),(99,374669,9,'1976-06-01 03:28:35'),(99,399173,9,'1974-07-09 23:28:55'),(99,428915,9,'2009-11-28 15:00:41'),(99,610663,9,'1979-01-22 23:03:58'),(99,615070,9,'2004-01-06 00:43:32'),(99,827487,9,'2017-09-18 18:16:13'),(99,997952,9,'2010-06-13 22:05:58'),(99,2048959,9,'1984-05-11 08:12:24'),(99,142920885,9,'1978-07-09 08:05:48'),(99,933452441,9,'1980-05-22 18:46:09'),(100,495,10,'2016-01-27 08:07:54'),(100,772,10,'1995-05-17 22:18:06'),(100,976,10,'1978-10-30 10:07:05'),(100,3866,10,'2013-12-02 03:05:59'),(100,40184,10,'1974-01-03 10:24:40'),(100,46815,10,'1978-12-20 01:33:02'),(100,96535,10,'1981-01-31 01:03:43'),(100,101259,10,'1986-10-07 20:04:57'),(100,107500,10,'1981-04-09 01:45:25'),(100,194401,10,'1993-09-04 03:45:32'),(100,202854,10,'2007-01-06 18:52:44'),(100,226090,10,'2012-03-09 21:59:06'),(100,318038,10,'2008-04-12 13:07:33'),(100,610813,10,'1976-09-04 16:06:53'),(100,670118,10,'1982-11-25 02:59:52'),(100,925210,10,'1996-02-28 13:30:59'),(100,963098,10,'1982-02-09 03:30:11'),(100,11871154,10,'2015-04-22 13:55:30'),(100,54080470,10,'1992-07-31 00:34:28'),(100,191543466,10,'1975-10-26 21:47:53');
/*!40000 ALTER TABLE `likes` ENABLE KEYS */;
UNLOCK TABLES;

--
-- Table structure for table `media`
--

DROP TABLE IF EXISTS `media`;
/*!40101 SET @saved_cs_client     = @@character_set_client */;
/*!40101 SET character_set_client = utf8 */;
CREATE TABLE `media` (
  `id` int(10) unsigned NOT NULL AUTO_INCREMENT,
  `media_type_id` int(10) unsigned NOT NULL,
  `user_id` int(10) unsigned NOT NULL,
  `filename` varchar(255) NOT NULL,
  `size` int(11) NOT NULL,
  `metadata` json DEFAULT NULL,
  `created_at` datetime DEFAULT CURRENT_TIMESTAMP,
  `updated_at` datetime DEFAULT CURRENT_TIMESTAMP ON UPDATE CURRENT_TIMESTAMP,
  PRIMARY KEY (`id`),
  UNIQUE KEY `filename` (`filename`),
  KEY `media_user_id_idx` (`user_id`),
  KEY `media_media_type_id_idx` (`media_type_id`),
  CONSTRAINT `media_type_id_fk` FOREIGN KEY (`media_type_id`) REFERENCES `media_types` (`id`),
  CONSTRAINT `media_user_id_fk` FOREIGN KEY (`user_id`) REFERENCES `users` (`id`)
) ENGINE=InnoDB AUTO_INCREMENT=101 DEFAULT CHARSET=latin1;
/*!40101 SET character_set_client = @saved_cs_client */;

--
-- Dumping data for table `media`
--

LOCK TABLES `media` WRITE;
/*!40000 ALTER TABLE `media` DISABLE KEYS */;
INSERT INTO `media` VALUES (1,1,1,'/c228549cc4e2656b612cd17ad2025559.jpg',6,NULL,'1997-09-27 00:42:24','1999-09-10 22:20:55'),(2,2,2,'/b67c7b6562b99ab966b39c8e33446d5c.jpg',949194,NULL,'2004-03-11 05:38:58','1986-09-10 12:00:43'),(3,3,3,'/8e34971ca57eb5fbd3f5fc4b81ad1a39.jpg',6495071,NULL,'2008-02-08 22:58:33','1986-03-17 13:26:14'),(4,4,4,'/232f47ab813d9fa30df6e684be211981.jpg',808191,NULL,'1977-11-27 20:48:22','2016-08-11 07:02:46'),(5,5,5,'/cb1af0de5560916cc93f74ea54d4c792.jpg',3168,NULL,'2014-05-28 01:21:18','2016-01-31 10:34:02'),(6,6,6,'/8be66499a9842db4bb8883c6c2f41251.jpg',6484,NULL,'2014-03-22 12:56:45','1990-06-14 23:48:22'),(7,7,7,'/d3c31997350bd18a0fae7e60c8de0df8.jpg',21732,NULL,'1988-09-05 09:39:52','2014-03-18 04:41:18'),(8,8,8,'/745d7ad62d6fd21650479cc7596ceedd.jpg',9802,NULL,'1995-07-28 02:46:31','1998-05-12 18:42:16'),(9,9,9,'/ca481d606e6d9e2cf44483b6b9543563.jpg',0,NULL,'2004-03-24 15:29:39','1992-07-13 07:40:24'),(10,10,10,'/b5fb09878b7b2a25779d1def95922b9b.jpg',24475271,NULL,'2002-11-24 04:57:41','1984-05-30 07:57:18'),(11,11,11,'/6f9513c6af59b49c6210037f159ca502.jpg',11900,NULL,'2017-03-17 04:35:32','1998-11-23 17:59:01'),(12,12,12,'/5ffd73ee2dbf0101dd351927abbb3b80.jpg',1905,NULL,'1988-06-06 05:02:11','1972-02-12 02:57:39'),(13,13,13,'/59ada5710f3ae289d9a26ec642be559d.jpg',3427,NULL,'1992-03-16 16:53:24','2016-12-04 13:08:06'),(14,14,14,'/99483bcc64692b5d45d28e0c653f9c16.jpg',84218514,NULL,'1998-11-04 10:22:27','1997-05-21 15:56:47'),(15,15,15,'/61403c64ccce412b8d530d008126b0fb.jpg',706600,NULL,'1979-06-27 15:35:34','2013-02-26 17:14:16'),(16,16,16,'/c25892f8ac2b6b59f6eedc324f34408e.jpg',4359,NULL,'2001-01-29 16:51:46','1996-11-27 06:18:17'),(17,17,17,'/5e44796a90af5fcf2d3fc82c3cb2ff0a.jpg',0,NULL,'2013-02-12 21:12:58','2008-08-19 18:44:27'),(18,18,18,'/53ac0a1f8cfd0c99c58406cca460c42f.jpg',5748335,NULL,'2005-05-22 18:47:40','1984-07-27 11:18:54'),(19,19,19,'/415b5df9e3bc48ac85cc269c15818558.jpg',856,NULL,'1983-03-15 16:46:19','2011-08-14 15:54:14'),(20,20,20,'/4415f2015df4ec826d4b106fdf0df1fc.jpg',81997733,NULL,'1975-10-11 02:41:26','2008-12-04 14:13:16'),(21,1,21,'/f87d45ddfc99f4cc2daf6ae7f594153c.jpg',86,NULL,'2003-07-28 15:39:48','2017-05-17 15:51:37'),(22,2,22,'/1b82326e081d62d45a49fee3f7485211.jpg',552,NULL,'1994-12-19 05:59:43','1995-04-23 00:06:43'),(23,3,23,'/8126e4add912680b29b29f5a8afd0d64.jpg',2188129,NULL,'1989-07-08 21:33:01','2001-01-27 20:53:29'),(24,4,24,'/a268345261a739578fc8ad4f1018d7a4.jpg',55236218,NULL,'1970-03-13 12:11:45','1984-04-27 12:53:18'),(25,5,25,'/5ed8bd03095fc4ec3784069e3660691d.jpg',42092,NULL,'1981-07-16 19:30:13','1971-03-11 00:57:07'),(26,6,26,'/f0172e1b176b0a5bce1eb06d4f6ae839.jpg',80309829,NULL,'2013-07-21 18:42:31','2000-05-01 17:34:26'),(27,7,27,'/3372d8d31f6b8556c5c9684d2445eedf.jpg',2652,NULL,'2007-12-12 22:32:51','1999-09-18 13:43:26'),(28,8,28,'/83406fc2abe680580a0b93d7739249b6.jpg',479189367,NULL,'2007-04-10 10:39:54','1994-05-20 20:47:36'),(29,9,29,'/f283fc310ce47845695a66d03a1a9dd8.jpg',5062266,NULL,'2012-11-28 21:35:51','2017-09-07 05:39:53'),(30,10,30,'/1fe8b3d398646009ff07890f43841a7d.jpg',363,NULL,'1981-02-05 20:01:37','1981-11-19 13:29:20'),(31,11,31,'/a682d2db225935e1cdbff35b35002408.jpg',0,NULL,'1999-03-18 14:07:37','1980-02-08 00:39:50'),(32,12,32,'/fd16ba532fc4f613a159feff3b88f6d4.jpg',294,NULL,'1976-09-06 11:02:53','1982-03-07 07:17:58'),(33,13,33,'/34b5b136edaca39eaaa1acbd2125202e.jpg',0,NULL,'2002-08-11 19:55:45','1972-06-27 18:35:49'),(34,14,34,'/5c27ac609888d0f2adf93b662c91d040.jpg',646932,NULL,'2002-12-09 07:58:23','1978-11-02 18:55:29'),(35,15,35,'/4f257a4946b9e113fe5ba7c4c0e4ca34.jpg',332,NULL,'2018-03-22 13:25:08','1972-04-08 12:19:57'),(36,16,36,'/ff17b025c492add6b46d17056b12d57d.jpg',14247180,NULL,'1970-06-16 00:14:06','1981-06-28 12:16:51'),(37,17,37,'/7b604dcbb8e1b512cf7751aebe8fc7b5.jpg',874,NULL,'1982-01-28 14:35:57','1992-10-02 22:58:11'),(38,18,38,'/14d9a1c323734a97e0f9e8218a140c97.jpg',82,NULL,'1991-06-12 20:10:24','1981-10-11 14:56:48'),(39,19,39,'/dfa861f20b135f44d8410756aef6112e.jpg',20456190,NULL,'1993-10-16 11:41:26','2000-07-05 13:14:22'),(40,20,40,'/7ee275d019a9d495150071d3df407d71.jpg',179969774,NULL,'1972-09-02 22:11:00','2000-01-29 21:19:54'),(41,1,41,'/c4f55438ace0b76459368f8a61ef828d.jpg',2555,NULL,'1992-01-10 15:19:47','2014-01-18 00:58:40'),(42,2,42,'/c2689eeba6e4212959d669cb25bc5a08.jpg',923238210,NULL,'2015-09-22 05:25:38','2008-12-21 10:57:47'),(43,3,43,'/a97f1afcae2e394faaefccdeac3f44a1.jpg',66,NULL,'1977-07-03 03:30:07','2004-06-25 05:51:29'),(44,4,44,'/72969c3dd4ce6468e1b0e2f3faad4e50.jpg',119274002,NULL,'1970-10-27 00:07:34','2003-09-11 08:31:26'),(45,5,45,'/84785f2719321300d33c7b09bb63c024.jpg',55,NULL,'1981-11-25 12:36:17','1983-08-17 12:09:54'),(46,6,46,'/b062a7ff8561de49174bfb5b345e2756.jpg',908911,NULL,'2000-06-25 00:57:34','2005-12-13 23:00:08'),(47,7,47,'/228a389d928af143803b677587552f91.jpg',758915,NULL,'2004-03-04 19:59:19','2014-05-15 03:21:06'),(48,8,48,'/8d4d25d47772be4557f18812b11ae0e5.jpg',833140462,NULL,'2011-03-29 03:10:53','1996-07-10 06:36:59'),(49,9,49,'/724819d6436b99e4fc72fb124d799509.jpg',74102,NULL,'1993-09-19 22:09:10','1994-10-24 00:42:44'),(50,10,50,'/03d149c8b904c7cae692f10c8ae1b399.jpg',951305,NULL,'2003-07-20 01:06:42','2003-12-31 21:10:09'),(51,11,51,'/e14b5fc20cd7f05c11b9463e36eeb3ea.jpg',211,NULL,'1975-05-21 20:10:59','1976-09-28 00:56:58'),(52,12,52,'/dc9633aacb4d620f20d17eb9f891fcca.jpg',50,NULL,'2000-09-25 03:20:19','1978-05-08 20:25:41'),(53,13,53,'/8638151d6977c3a57f4414693d2d5961.jpg',0,NULL,'1997-12-24 12:38:53','2002-02-02 10:54:27'),(54,14,54,'/13838939d053d66ec207e1dcd615569d.jpg',1,NULL,'2015-04-29 18:52:38','2012-06-20 02:47:37'),(55,15,55,'/cff59b1b308036b51b623a5769d9cd81.jpg',21,NULL,'2004-01-16 16:38:05','1977-07-03 04:47:42'),(56,16,56,'/2e4b748645be99775c8a7e448d4b4772.jpg',9,NULL,'1984-06-28 01:43:41','2010-08-25 05:57:05'),(57,17,57,'/bbb21e877c0dd4d2970da890fc387d09.jpg',515451,NULL,'2005-03-21 21:52:17','1997-01-15 16:21:42'),(58,18,58,'/699260fca86c1ce07f859d6fd685764f.jpg',2710,NULL,'1975-04-29 14:45:51','2016-08-17 08:10:54'),(59,19,59,'/8d744e5ce81cb099a12bb0fc372e8171.jpg',7553,NULL,'2004-12-09 10:38:34','1980-11-15 15:50:54'),(60,20,60,'/10ced8c90a127b94bea4497e604a4b54.jpg',573078,NULL,'2000-10-23 00:36:08','1972-10-31 15:38:56'),(61,1,61,'/2ee5dd366cd9290ff06fd77b39cd0d54.jpg',0,NULL,'2017-09-20 02:04:18','1984-03-09 10:46:54'),(62,2,62,'/5c069098a8435be0ccc277093ac3ac75.jpg',0,NULL,'2018-01-06 04:49:04','1976-06-14 08:57:28'),(63,3,63,'/1a5699dc48fd959cbb31e977ef07cd3d.jpg',0,NULL,'2012-03-31 06:46:26','2000-11-29 19:51:51'),(64,4,64,'/155200c9d6d4676b993f762a8adf4cc4.jpg',874124,NULL,'2012-08-26 14:14:53','1989-10-07 09:13:21'),(65,5,65,'/3fbfd8117cb0194986bead7265ee2918.jpg',0,NULL,'1976-10-10 21:11:10','2000-06-20 13:07:11'),(66,6,66,'/ad32f39c443eb1238b92ae264888ac48.jpg',359432446,NULL,'1983-03-25 05:30:50','1979-07-19 03:42:36'),(67,7,67,'/1774c33b264196d5517a1232002fdb45.jpg',859586575,NULL,'2016-05-02 18:28:29','1990-10-27 08:46:35'),(68,8,68,'/35e631e97abed35913a0b6b99ef65bdf.jpg',702767139,NULL,'2016-03-31 14:25:14','1980-11-17 02:45:00'),(69,9,69,'/52d723e81a28e414d6a002bcfe696253.jpg',74449296,NULL,'2005-04-14 17:38:34','2009-08-02 18:51:40'),(70,10,70,'/88acc383d53a266d4a44562b04009fca.jpg',59343806,NULL,'1993-10-27 07:59:02','1973-12-18 00:53:15'),(71,11,71,'/2f44bf7f2865f3de1e1f7bfe2347c801.jpg',4107,NULL,'1998-06-06 21:13:40','1981-08-14 12:41:06'),(72,12,72,'/72763531fc125ff21d001692c70f652b.jpg',8,NULL,'1983-12-31 19:48:02','1981-04-24 12:01:02'),(73,13,73,'/5ec52d7a99d05633078fb338a2ba3f94.jpg',3524,NULL,'1989-12-02 12:47:25','2012-05-08 09:40:15'),(74,14,74,'/40bb34d8bdc841d159c6786abcc4ed4c.jpg',4,NULL,'1990-08-27 09:42:43','1985-04-23 18:20:54'),(75,15,75,'/97b389dca496fc09a77dbca168c8e978.jpg',0,NULL,'2009-11-26 01:30:58','2012-09-02 18:21:01'),(76,16,76,'/e2a427e2e778fde74498084b2589baa2.jpg',3,NULL,'1979-07-05 04:25:48','2013-02-24 11:05:56'),(77,17,77,'/3871c447dc6db8e59e866fbdcc86b41e.jpg',8908,NULL,'1985-11-20 11:49:58','1987-01-01 04:15:55'),(78,18,78,'/68f00a7ae0cc6e6936028a3fa72b620a.jpg',358883237,NULL,'2003-07-20 05:27:31','2016-06-18 09:23:17'),(79,19,79,'/d9230dd37b0ed6fc518dc04fffc3a528.jpg',239041488,NULL,'1980-07-20 08:59:00','1999-11-09 06:37:14'),(80,20,80,'/d3e5ad96380c718b6a43af8c92e2ac08.jpg',0,NULL,'2003-08-21 03:56:14','1988-03-03 02:44:18'),(81,1,81,'/490072a1d51e12327981cc7502a0c685.jpg',522189515,NULL,'1983-12-28 07:58:30','2017-04-05 17:47:49'),(82,2,82,'/19875731d8ae68d231460212ddfc3dc0.jpg',99,NULL,'1992-08-22 17:03:55','2006-08-12 05:16:14'),(83,3,83,'/834df009e11063b49ff1d07b50558a02.jpg',0,NULL,'1972-12-12 19:41:32','2001-01-04 22:36:00'),(84,4,84,'/2fbea282dc391a4c956ec122877921cd.jpg',0,NULL,'1983-02-26 23:57:15','1997-04-19 05:17:21'),(85,5,85,'/cb09ec42d95f1c1139b2f3e92ede3c1e.jpg',47997864,NULL,'1977-08-21 09:35:43','2009-02-02 18:36:06'),(86,6,86,'/635e88cb6e5a73a7db6d14a31dc866f2.jpg',24211221,NULL,'1983-07-21 03:04:29','1979-12-13 15:51:35'),(87,7,87,'/d406451ea939e3a0044a5cce6ccc58a3.jpg',61299749,NULL,'2012-10-30 06:12:06','1978-05-26 13:55:44'),(88,8,88,'/3b3d06c04c5c09b84f435f0b0b15b8a9.jpg',43461,NULL,'1990-04-26 00:39:06','1985-10-10 20:01:55'),(89,9,89,'/3915a39721e4e4dc6c2998cc7733d5ae.jpg',0,NULL,'2016-11-16 04:10:47','2001-05-11 05:55:10'),(90,10,90,'/e320e3c9df94603d50a73f5f8e8b3539.jpg',52,NULL,'2015-08-17 17:28:27','1991-10-03 01:15:15'),(91,11,91,'/a570b6dc41d2a10e45689db5ce2927f3.jpg',5677724,NULL,'2011-03-27 12:26:04','1978-03-21 22:58:37'),(92,12,92,'/5bb3122874f75a9923fa4b1e0a540aba.jpg',119204806,NULL,'2008-02-04 12:02:12','1970-08-24 06:24:08'),(93,13,93,'/601578e4520c8ce0f1ecb5f5ec1961a1.jpg',262,NULL,'1990-09-07 01:01:55','1990-07-05 16:56:00'),(94,14,94,'/298d42bc66a7e0f4d93e1e42bd4af2e1.jpg',77165,NULL,'1972-03-01 04:29:51','2010-09-26 15:47:58'),(95,15,95,'/2233367ecba1603c1906966469a775f5.jpg',57,NULL,'2006-08-04 00:01:59','2017-10-28 00:20:10'),(96,16,96,'/a73b3002e042253c608d0a5a4b70ad5e.jpg',0,NULL,'1980-02-04 20:44:28','1988-09-08 21:48:42'),(97,17,97,'/4b59985f3584075176bd3288fa716e0b.jpg',1463380,NULL,'1985-12-17 21:55:29','1975-06-06 13:06:25'),(98,18,98,'/c44083a04f729be9dfcfde6ecfad30e2.jpg',4,NULL,'1984-04-15 15:52:36','2017-10-03 00:13:25'),(99,19,99,'/efe5a6656e6c8de188bef6740215ff58.jpg',961502,NULL,'1972-04-16 22:41:00','2000-10-17 02:28:42'),(100,20,100,'/56cbb8634a0a01913b7fe8c26850bf2d.jpg',5,NULL,'1982-12-09 22:05:51','1973-04-30 14:47:25');
/*!40000 ALTER TABLE `media` ENABLE KEYS */;
UNLOCK TABLES;

--
-- Table structure for table `media_types`
--

DROP TABLE IF EXISTS `media_types`;
/*!40101 SET @saved_cs_client     = @@character_set_client */;
/*!40101 SET character_set_client = utf8 */;
CREATE TABLE `media_types` (
  `id` int(10) unsigned NOT NULL AUTO_INCREMENT,
  `name` varchar(255) NOT NULL,
  `created_at` datetime DEFAULT CURRENT_TIMESTAMP,
  `updated_at` datetime DEFAULT CURRENT_TIMESTAMP ON UPDATE CURRENT_TIMESTAMP,
  PRIMARY KEY (`id`),
  UNIQUE KEY `name` (`name`)
) ENGINE=InnoDB AUTO_INCREMENT=21 DEFAULT CHARSET=latin1;
/*!40101 SET character_set_client = @saved_cs_client */;

--
-- Dumping data for table `media_types`
--

LOCK TABLES `media_types` WRITE;
/*!40000 ALTER TABLE `media_types` DISABLE KEYS */;
INSERT INTO `media_types` VALUES (1,'video/x-matroska','2002-05-13 11:53:50','2010-09-05 23:55:39'),(2,'application/vnd.adobe.xfdf','1992-09-24 21:58:52','1987-04-13 09:54:55'),(3,'image/x-freehand','1994-04-27 13:52:09','1970-12-24 13:35:27'),(4,'application/vnd.oasis.opendocument.image','2012-10-11 07:33:03','1971-06-10 14:25:46'),(5,'text/richtext','2016-09-13 07:14:51','1994-12-17 14:18:33'),(6,'audio/midi','1972-03-11 00:27:33','1983-03-19 07:41:37'),(7,'application/vnd.oasis.opendocument.database','1999-01-01 06:44:21','2001-07-15 05:28:38'),(8,'image/vnd.fujixerox.edmics-rlc','2018-07-12 02:26:33','2007-06-18 15:57:58'),(9,'audio/x-pn-realaudio','1985-01-13 20:20:40','1991-12-26 23:56:27'),(10,'application/vnd.wolfram.player','1970-06-05 13:05:55','2012-03-03 07:34:24'),(11,'application/vnd.kodak-descriptor','1971-04-02 06:18:20','1970-04-09 15:27:45'),(12,'video/vnd.mpegurl','1982-06-06 07:17:54','1979-03-29 11:06:57'),(13,'application/voicexml+xml','1999-08-18 09:17:52','1996-09-04 20:54:57'),(14,'video/mpeg','2008-09-05 12:21:12','1979-10-13 11:08:00'),(15,'application/json','1980-01-15 21:32:07','1996-02-21 23:30:43'),(16,'application/vnd.uoml+xml','1985-05-10 21:46:56','1997-11-24 00:43:58'),(17,'application/x-debian-package','1974-03-15 08:32:28','1970-01-20 00:37:28'),(18,'application/x-dgc-compressed','2004-06-13 03:43:30','1986-06-18 22:24:42'),(19,'application/vnd.recordare.musicxml','1997-03-03 09:03:28','1976-05-26 06:42:09'),(20,'application/vnd.wap.wbxml','2015-05-07 17:28:02','1978-02-06 19:15:17');
/*!40000 ALTER TABLE `media_types` ENABLE KEYS */;
UNLOCK TABLES;

--
-- Table structure for table `messages`
--

DROP TABLE IF EXISTS `messages`;
/*!40101 SET @saved_cs_client     = @@character_set_client */;
/*!40101 SET character_set_client = utf8 */;
CREATE TABLE `messages` (
  `from_user_id` int(10) unsigned NOT NULL,
  `to_user_id` int(10) unsigned NOT NULL,
  `body` text NOT NULL,
  `important` tinyint(1) DEFAULT NULL,
  `delivered` tinyint(1) DEFAULT NULL,
  `created_at` datetime NOT NULL DEFAULT CURRENT_TIMESTAMP,
  PRIMARY KEY (`from_user_id`,`created_at`),
  KEY `messages_from_user_id_idx` (`from_user_id`),
  KEY `messages_to_user_id_idx` (`to_user_id`),
  CONSTRAINT `messages_from_user_id_fk` FOREIGN KEY (`from_user_id`) REFERENCES `users` (`id`),
  CONSTRAINT `messages_to_user_id_fk` FOREIGN KEY (`to_user_id`) REFERENCES `users` (`id`)
) ENGINE=InnoDB DEFAULT CHARSET=latin1;
/*!40101 SET character_set_client = @saved_cs_client */;

--
-- Dumping data for table `messages`
--

LOCK TABLES `messages` WRITE;
/*!40000 ALTER TABLE `messages` DISABLE KEYS */;
INSERT INTO `messages` VALUES (1,1,'Commodi esse qui ut dolor. Et ad consequatur eos ipsam autem aut. Esse consequatur cum eius quibusdam minima accusamus officiis voluptas.',0,1,'1977-01-08 19:31:36'),(2,2,'Animi explicabo sint tempora aut. Beatae totam quis dignissimos quis et eius. Dignissimos eum ea est expedita magni eveniet.',0,0,'2000-06-29 00:12:43'),(3,3,'Sint autem soluta nihil quaerat vitae voluptatum. Et est dolores fuga animi. Nemo sed dolores provident est fuga autem.',1,1,'1989-12-13 16:09:28'),(4,4,'Corrupti nihil blanditiis culpa ea. Consequatur soluta provident asperiores et optio ipsum dolor. Magnam autem rem velit ab quo dolor.',0,0,'1989-10-06 19:26:22'),(5,5,'Culpa qui voluptas perspiciatis voluptas explicabo et. Tenetur est maxime dolores. Saepe assumenda quasi optio ea minima dolores ab.',1,1,'1971-05-06 23:25:26'),(6,6,'Praesentium repudiandae nesciunt sed occaecati unde impedit. Rerum veritatis perferendis deleniti odit et et possimus. Accusantium vel mollitia quam necessitatibus iusto nostrum vero neque.',1,1,'1975-09-02 14:12:50'),(7,7,'At quidem dolorem repellat necessitatibus laudantium quae. Dolor recusandae voluptas fugit assumenda veritatis est cum. Neque ut sunt at dolores dolor quas repudiandae. Voluptatum perferendis ipsam id autem aspernatur esse modi alias.',1,0,'1988-06-26 04:49:23'),(8,8,'Aut veniam similique sed maxime beatae. Assumenda exercitationem sit recusandae at. Dignissimos libero dignissimos rem illum quidem. Sed ipsam et error ut sed qui voluptatibus sint. Possimus enim veritatis libero.',1,0,'1987-04-24 21:56:50'),(9,9,'Ex et eum fuga rerum. Explicabo consequatur suscipit vel in. Voluptas voluptatem non fugit repellendus repellat doloremque adipisci. Fugiat officia aut qui quo et quia doloribus.',0,1,'2017-02-08 06:24:43'),(10,10,'Quod porro dolorem fugiat amet maiores quia. Dolores a sed et doloribus. Omnis omnis modi qui perferendis ea consequatur quam. Vel eaque suscipit blanditiis et inventore.',0,1,'2005-10-19 18:34:38'),(11,11,'Eum maiores fugit tempora minima est similique ea odio. At exercitationem dolore ut praesentium dolorem explicabo.',1,0,'1995-08-26 20:01:35'),(12,12,'Neque ea dolores perferendis cupiditate voluptatem corporis. Sint sint exercitationem magni ab ex nisi.',1,1,'2013-11-02 02:15:52'),(13,13,'Dolore voluptatem fugiat corrupti quia et vel consequatur voluptatum. Ab deserunt facilis velit aut.',0,1,'2011-07-11 17:16:21'),(14,14,'Aliquid est qui voluptas dolorem voluptatum a aut. Non facere in corporis optio eius neque non pariatur. Velit eligendi ratione quam nobis optio deserunt.',0,0,'2015-10-29 05:26:53'),(15,15,'Omnis tenetur corporis id blanditiis similique. Tenetur ut culpa illo nisi qui dolorem. Dolor laboriosam totam laborum provident. Ut ut voluptatum repellat quidem voluptate autem culpa.',1,1,'1974-06-05 15:09:35'),(16,16,'Vero et quis quos. Eaque expedita ut nam nisi in fugiat. Harum est natus maxime voluptas.',1,0,'1984-06-08 00:05:08'),(17,17,'Est eum sit enim doloremque qui autem omnis rerum. Et sit illum nostrum. In et explicabo dolorum inventore.',1,0,'2015-04-23 17:09:00'),(18,18,'Veritatis esse quia pariatur. Accusantium id ipsam voluptatem voluptatum est. Suscipit veritatis sit esse nemo non accusamus ad. Harum nihil voluptas tenetur occaecati est qui labore. Enim nisi non dolorem dolores est facere voluptate sit.',1,1,'2017-09-15 01:25:23'),(19,19,'Deserunt temporibus laborum fugiat vel rerum rerum vel. Ut officiis vel sequi aut ratione dolorem eos. Voluptas ut doloremque distinctio ea architecto cupiditate.',0,0,'2011-07-07 07:55:43'),(20,20,'Provident blanditiis qui qui iste. Dignissimos eius velit et porro et omnis. Incidunt totam reprehenderit ullam provident qui. Aut totam aut deleniti nihil aut voluptatum eaque.',1,0,'1999-03-31 12:24:11'),(21,21,'Eum similique omnis recusandae non. Et molestiae nesciunt aperiam. Non corporis reiciendis ea laudantium officiis ex.',1,0,'2018-05-06 02:26:28'),(22,22,'Ut in aut et necessitatibus sed illum ea vero. Alias labore sit enim officiis dolorum voluptatem. Rerum et illo qui doloremque blanditiis minima ipsa commodi.',0,0,'1988-03-12 01:23:33'),(23,23,'Et ut neque et voluptatem id quibusdam. Veniam corrupti et debitis consequatur odit atque quia totam. Assumenda enim veritatis illum omnis.',1,0,'1973-04-10 02:15:50'),(24,24,'Dolorem suscipit aspernatur consequatur et. Quae quasi modi unde rerum a maxime non. Facilis eos vero totam officia alias voluptatem voluptas.',1,1,'1982-08-21 14:23:11'),(25,25,'Sint perferendis omnis qui sit aut ullam. Error vero ut officiis omnis itaque. Eos ut fugiat odit et repellendus quod consectetur fugit.',1,1,'1983-07-08 17:14:31'),(26,26,'Aut alias rerum culpa officia doloribus error. Molestiae non esse culpa ut inventore neque ullam laborum. Modi aliquam qui doloribus nemo corrupti dolor tenetur. Consequuntur excepturi nulla dolor vitae culpa distinctio voluptatem.',1,1,'1973-10-18 09:41:35'),(27,27,'Inventore ex vel accusantium a cupiditate porro soluta. Quia eos facere et ullam qui sunt vel. Accusantium nulla sit cupiditate ducimus cum unde eum.',1,0,'1997-01-09 22:47:58'),(28,28,'Rerum molestias et laudantium recusandae omnis. Quas voluptas illo distinctio excepturi repellat et velit. Repudiandae voluptatum quae assumenda optio. Delectus nesciunt vitae incidunt ab quia minima.',1,1,'1981-11-11 03:02:22'),(29,29,'Laborum nam ex molestiae laboriosam eveniet. Repellat doloribus ea deleniti sunt ut sunt libero ipsum. Ex iure omnis dolor maiores nihil et.',1,1,'1976-07-08 04:24:37'),(30,30,'Quas ea consequatur dolores eveniet. Nulla est saepe fuga tenetur. Qui sunt odio maiores nobis. Omnis eum accusantium recusandae necessitatibus nisi.',0,1,'2018-01-12 23:07:04'),(31,31,'Similique et eaque molestiae suscipit. Omnis occaecati nostrum quibusdam id perspiciatis omnis commodi. Voluptatem omnis laboriosam aliquam minima delectus inventore harum rerum. Mollitia ut et est at non occaecati voluptas.',1,0,'2003-05-18 18:29:34'),(32,32,'Cupiditate consequatur quia occaecati quae odio dolorem. Autem dolorem ipsam ducimus quos et.',1,1,'1994-05-26 17:26:13'),(33,33,'Voluptas consectetur qui quo excepturi ad voluptatem. Quia deserunt ut dolores inventore. Inventore dolorum est laudantium facere ut est omnis dolores.',1,1,'1997-06-16 11:10:37'),(34,34,'Harum vero in consequatur amet. Nemo occaecati illum reprehenderit voluptatem quo quia. Facere in possimus corporis eos.',1,1,'1976-08-29 02:19:01'),(35,35,'Sunt debitis libero rerum voluptas delectus a est. Nulla voluptate ut illum fuga. Quod corporis et voluptatem fugit maxime. Perferendis quia quia in.',0,1,'1979-05-21 20:20:48'),(36,36,'Quos cumque consectetur inventore alias. Eum exercitationem delectus enim ipsa. Similique et voluptas delectus quisquam tenetur. Mollitia in ipsum repudiandae sed.',1,1,'1977-03-07 03:27:53'),(37,37,'Non expedita animi quo qui sed quis ut. Veniam et eveniet sequi quam rerum accusamus enim. Doloremque nam quos nemo quam ut nihil voluptatibus sed. Tempora quidem ea amet repellat.',1,1,'2004-12-22 05:00:25'),(38,38,'Saepe ea delectus ad ipsam velit. Cupiditate vitae aperiam quos mollitia voluptas. Saepe amet maxime ipsa vel ipsa sunt.',1,0,'1983-12-17 02:42:18'),(39,39,'Sed ipsam reiciendis omnis minima omnis rerum adipisci vel. Voluptas explicabo repudiandae voluptatum asperiores. Eaque vitae saepe eius rerum.',0,1,'1976-05-09 01:49:01'),(40,40,'A voluptas occaecati sed est. Inventore dolorem distinctio qui qui molestiae sapiente. Repudiandae tempora ea blanditiis quisquam nemo ea animi. Soluta aut quis et saepe.',0,0,'2009-07-03 04:07:09'),(41,41,'Vel sapiente ut dignissimos quo. Tempora et voluptatibus consequatur iste. Veniam exercitationem corporis qui eveniet ut quisquam.',1,0,'2003-08-31 20:38:41'),(42,42,'Non quam voluptas ad maxime consequatur. Blanditiis quidem adipisci sit mollitia et et exercitationem. Animi deserunt cupiditate quisquam ut quia quisquam.',1,0,'2007-01-12 08:33:33'),(43,43,'Dolor reprehenderit voluptates deserunt debitis adipisci consequatur. Nulla et quos pariatur et et. Quia magnam accusamus rerum. Alias nesciunt voluptas consequatur rerum sit.',1,0,'2018-12-29 22:57:13'),(44,44,'Quidem doloremque blanditiis libero non dolor aliquam dolor. Vitae in expedita provident temporibus. Nulla aperiam vel sint odio dolorum. Cum distinctio voluptas cupiditate.',0,1,'2001-06-09 09:31:02'),(45,45,'Incidunt explicabo quos qui. Sed voluptatem voluptatem est aliquam non quia maxime. Sit cumque dolor provident illo quo. Vel est ut deleniti sequi natus.',1,1,'2012-06-02 06:53:38'),(46,46,'Corporis quaerat id libero ut aspernatur voluptate excepturi et. Atque sint tempore et rerum deserunt distinctio iusto. Accusamus est eligendi facilis est omnis ut. Cupiditate perferendis tempora autem soluta quibusdam eaque.',1,0,'1994-01-31 15:15:23'),(47,47,'Quia qui saepe consectetur rerum eum rerum aliquid. Nam aspernatur incidunt temporibus tempore. Fugiat rerum veniam nobis iure fugit ex quis perspiciatis.',0,1,'2017-10-01 15:03:19'),(48,48,'Ut nostrum impedit maxime vitae. Maxime saepe deleniti aut nihil quidem excepturi blanditiis. Officiis et omnis ea nesciunt distinctio.',0,1,'1977-08-26 01:38:30'),(49,49,'Dolorem voluptatem vel consequuntur exercitationem placeat dolore. Est molestiae non qui dolor autem quia voluptatem. Vel aliquid et sapiente minus qui et corporis. Tempora tempora autem rem ut necessitatibus est quia.',0,0,'2004-10-21 01:21:36'),(50,50,'Nostrum esse enim magnam fugiat dignissimos quia laborum. Vel inventore accusantium nam dolores voluptatem dolor ducimus. Dolorem omnis ad vel qui quis facere aperiam. Eos quo vitae qui ullam est in tenetur eos.',0,0,'1996-01-05 23:08:19'),(51,51,'Optio corrupti ad dolor odio. Porro ut quia nostrum deserunt. Atque a amet in hic laudantium magni adipisci. Id non eveniet eius aliquid reprehenderit architecto sunt.',0,0,'2009-06-04 11:19:54'),(52,52,'Repellat molestiae officiis expedita. Pariatur mollitia facere omnis molestias et. Id tempora ea magni sunt eaque qui asperiores. Officiis et voluptatem et non adipisci officiis ut perspiciatis.',0,1,'1973-10-14 17:28:48'),(53,53,'Optio voluptatibus quas quaerat nihil facere iure quis. Eligendi accusantium harum modi ut quis occaecati quae cupiditate. Atque vel dignissimos saepe fuga dolorem dolorem.',1,1,'1984-03-04 12:19:27'),(54,54,'Qui accusamus officiis dolores vel. Qui laudantium debitis nostrum et aut illum esse. Occaecati autem tempora animi fugiat. Alias debitis velit et distinctio temporibus eaque ratione.',1,1,'1978-04-22 14:19:47'),(55,55,'Quo ullam perspiciatis minima. Animi necessitatibus quae qui non eum. Quis quas possimus nobis necessitatibus. Amet mollitia ullam officiis consequatur possimus veritatis asperiores.',0,0,'1995-04-11 10:57:23'),(56,56,'Ut libero non voluptatum debitis. Sit dolorum excepturi officiis vel natus. Et velit impedit nobis similique et.',0,1,'2018-04-02 09:20:36'),(57,57,'Numquam architecto in nisi facilis laborum possimus. Quo dolores quia dolore doloremque pariatur quasi. Fugit voluptatibus necessitatibus aut veniam aut.',1,1,'2019-07-05 16:22:38'),(58,58,'Et quam enim qui odio doloremque aliquid molestiae mollitia. Est consequatur officiis accusantium culpa dolor ut. Eos a non reiciendis est cumque. Fugit commodi veniam quam nostrum nisi architecto quisquam praesentium.',1,1,'1984-07-09 09:47:39'),(59,59,'Ipsum repellat modi id voluptas voluptates. Vel ut quia perferendis error fugit ipsum similique. Voluptatum mollitia officiis molestiae minima eum aut. Et hic accusamus eligendi sint voluptatem. Minima et ut quo rerum sit est.',0,0,'2016-04-24 07:10:24'),(60,60,'Fugiat hic autem ab et. Fugiat dolorem doloremque incidunt ex velit.',0,0,'2003-04-12 06:10:43'),(61,61,'Qui quos commodi cumque ab alias amet. Explicabo nesciunt quia eum voluptas inventore corrupti magnam. Accusantium est ex temporibus ut enim consequuntur. Harum suscipit quasi totam quia autem ut ullam perferendis.',0,0,'1982-03-15 19:22:16'),(62,62,'Et ea ratione eius dolorem dolorem. Error recusandae ratione est facilis sequi est. Ut qui delectus hic a.',0,1,'2001-02-20 00:03:49'),(63,63,'Aliquid sapiente tempora et quo rerum similique. Dolorem alias repudiandae qui fugit voluptas est nam qui. Ea voluptas repellendus doloribus eligendi ducimus alias.',0,0,'2010-07-18 19:19:34'),(64,64,'Et rem est aut repellat excepturi voluptatibus similique reprehenderit. Rerum est cupiditate eaque optio sunt. Ut quas iusto voluptatem explicabo.',0,0,'1999-07-05 21:13:44'),(65,65,'Vitae velit veritatis quos doloremque et maiores quis. Et id laboriosam dolorem error inventore. Ipsa voluptas harum optio cupiditate voluptatem vel.',0,0,'1981-07-02 18:04:47'),(66,66,'Ex iure commodi pariatur dolor. Dicta dolores natus est dolor corrupti autem. Nihil sed a qui voluptas ut.',0,0,'2003-04-22 09:07:31'),(67,67,'Dolor quis qui quia quia. Amet incidunt consequuntur ipsum ut doloribus id veniam quasi. Ut modi sed voluptates itaque sequi quia. Et cupiditate aperiam voluptatem omnis.',0,0,'2012-10-24 20:17:41'),(68,68,'Neque dolorem voluptatem nihil molestiae. Veniam error culpa dolorem facere et vel.',1,1,'2000-07-24 13:28:13'),(69,69,'Atque nihil magnam expedita quia inventore nemo. Molestiae et quo libero possimus excepturi harum. Voluptate totam odit quis illo quibusdam sunt aspernatur.',0,1,'1991-10-03 23:22:23'),(70,70,'Possimus cumque commodi repudiandae debitis molestias aut pariatur nihil. Quo explicabo modi rerum quam veniam. Alias vel molestiae ad rerum aut culpa.',0,1,'1991-06-11 09:58:03'),(71,71,'Doloribus ad optio quasi natus ut. Voluptatibus iusto sunt commodi odit. Qui vero et aliquid sunt fugit et eligendi.',1,1,'2003-12-09 05:36:33'),(72,72,'Soluta aspernatur est et corporis tempore consequatur qui. Voluptatem corrupti consequatur aut iure.',1,1,'1983-09-12 13:54:03'),(73,73,'Possimus deleniti ullam consectetur omnis. Inventore qui maxime tenetur unde. Amet nobis sed tenetur voluptas. Dolores autem dolores numquam ut id quia.',0,1,'1985-08-21 20:34:27'),(74,74,'Quisquam voluptates rerum consectetur. Et enim libero modi ut voluptate dolores. Et sed necessitatibus autem qui et.',1,1,'1972-06-24 20:00:24'),(75,75,'Consequatur facilis porro repudiandae soluta. Occaecati ipsa magni iusto est quas. Sunt aliquam sunt porro quidem suscipit sunt.',1,1,'1973-10-01 21:50:42'),(76,76,'Eligendi illo molestiae et sed autem. Aperiam iure temporibus impedit animi minima aperiam distinctio deleniti. Maiores repellat consectetur sit accusantium harum vel excepturi.',0,1,'1985-12-31 14:28:49'),(77,77,'Eveniet maxime sunt esse quia provident quis. Recusandae porro atque error ab similique eligendi id voluptatem. Eveniet eum assumenda et ut.',0,1,'1991-01-13 02:02:13'),(78,78,'Aut quis nulla rerum. Velit deserunt voluptas est vel.',0,0,'1973-08-06 19:21:58'),(79,79,'Dolorem ut aperiam reiciendis quo corrupti qui. Optio provident sed omnis totam aut. Quisquam unde earum voluptas sit. Ipsam dolor at quidem quo omnis in.',1,0,'2008-05-12 03:15:41'),(80,80,'Quibusdam vitae nam rem nihil. Earum fuga esse voluptas autem aut quae quidem illo. Et laboriosam itaque eaque corporis fugiat nulla quis. Magnam est ipsa ea voluptatem.',0,1,'2007-08-30 21:13:06'),(81,81,'Blanditiis amet consequuntur odit dolorem ut adipisci quisquam eius. Tempora sed fuga cupiditate facere sint. Sunt aut adipisci quaerat dolores excepturi laudantium odio et. Minus laborum nemo inventore praesentium consequuntur et. Dolor dolorem excepturi aut non aut deleniti ratione dolor.',0,0,'1992-09-23 19:23:18'),(82,82,'Soluta voluptates nemo sint odit. Eos sunt eligendi ipsum voluptatibus qui quidem. Explicabo eos magnam qui quos excepturi et.',0,1,'1982-03-20 02:35:18'),(83,83,'Qui quos sint quam voluptates non. Quis qui voluptate id vel ab id earum. Perferendis est dolorem temporibus quis itaque perspiciatis eum.',0,1,'1977-03-12 03:33:21'),(84,84,'Facere qui quibusdam omnis consequatur. Fuga aliquam placeat est dolorem facere.',1,1,'2008-12-17 02:32:20'),(85,85,'Non qui reiciendis sunt nesciunt. Perferendis dolores a quis occaecati. Et iure temporibus reprehenderit doloremque sed blanditiis officiis.',0,0,'2005-12-22 04:36:47'),(86,86,'Suscipit et quo ut quidem nihil. Quia odio corporis voluptatibus omnis asperiores dolorum animi. Dolor omnis quaerat temporibus error temporibus. Facilis voluptatem repudiandae molestiae soluta non hic mollitia non.',1,1,'1998-06-10 13:47:56'),(87,87,'Et iste harum esse animi. Distinctio nihil consequatur quasi nisi illo inventore sed. Dolorem adipisci vitae quas molestias fugit. Et sint totam cumque assumenda eos ab et.',1,1,'2018-02-28 06:26:14'),(88,88,'Perspiciatis quibusdam nihil molestiae illum et. Quia qui nostrum vero corrupti inventore totam.',1,1,'1980-11-12 02:40:39'),(89,89,'Corporis nisi aut vel eum delectus. Accusantium non asperiores et tempora possimus perferendis. Quod mollitia eum ratione quasi.',1,1,'1974-07-19 02:48:50'),(90,90,'Qui ea adipisci sit nesciunt. Reiciendis magnam voluptas quo non ex quod quisquam. Numquam quos excepturi quo molestiae.',1,0,'2011-03-05 10:35:25'),(91,91,'Aut eaque qui quia perspiciatis natus nihil vero. Incidunt est et amet.',1,1,'2015-11-10 22:22:35'),(92,92,'Et voluptas quasi in. Voluptates ab officiis soluta autem dolores. Quo aliquid voluptatem ratione quia voluptatem accusamus. Officia nesciunt aut saepe doloribus.',1,0,'1981-02-22 14:11:12'),(93,93,'Quia quaerat quidem reprehenderit quas iusto et illo maiores. Architecto inventore delectus non excepturi quas rerum autem et. Sit ex aut accusantium nulla numquam. Eum qui enim magni voluptate beatae at nisi.',1,0,'1990-06-30 20:01:27'),(94,94,'Laudantium id consectetur vitae dolores sapiente. Exercitationem quos harum dolore praesentium adipisci unde animi. Exercitationem aut eligendi quia quas aperiam exercitationem praesentium. Aut facere cumque sit.',1,0,'2009-11-27 06:31:30'),(95,95,'Et minima ipsa ut deserunt. Nihil saepe commodi sequi ducimus sunt veniam nostrum. Placeat amet doloremque et est.',1,0,'2008-11-21 13:01:25'),(96,96,'Sapiente velit enim veniam deleniti pariatur temporibus voluptatum. Et et voluptatem dicta qui. Et ea maiores consequatur et facere veniam tempore beatae. Quidem rerum molestiae velit quibusdam porro. Incidunt saepe illum omnis assumenda odit.',1,1,'1972-05-19 09:32:44'),(97,97,'Beatae rerum repellendus sequi optio. Quibusdam veniam ea tempore non amet culpa quis. Fugiat et rerum aliquid est. Sit laborum quis qui.',1,1,'1982-02-08 22:19:02'),(98,98,'Est velit id facilis eius eum. Error quia temporibus doloribus eum. Quo voluptas omnis porro repellat sint officiis.',1,1,'1972-10-04 02:26:08'),(99,99,'Eos commodi numquam quisquam aut est officia non. Doloribus temporibus cumque eos reiciendis optio. Illum blanditiis dolorum unde soluta et debitis. At tempore similique fugit ut alias.',1,0,'1995-08-24 06:53:01'),(100,100,'Excepturi porro quasi harum ut consequatur hic nobis ut. Qui nam maiores et quaerat.',0,0,'1977-12-08 15:59:07');
/*!40000 ALTER TABLE `messages` ENABLE KEYS */;
UNLOCK TABLES;

--
-- Table structure for table `photo_albums`
--

DROP TABLE IF EXISTS `photo_albums`;
/*!40101 SET @saved_cs_client     = @@character_set_client */;
/*!40101 SET character_set_client = utf8 */;
CREATE TABLE `photo_albums` (
  `id` int(10) unsigned NOT NULL AUTO_INCREMENT,
  `name` varchar(255) NOT NULL,
  `author` varchar(255) NOT NULL,
  PRIMARY KEY (`id`)
) ENGINE=InnoDB AUTO_INCREMENT=151 DEFAULT CHARSET=latin1;
/*!40101 SET character_set_client = @saved_cs_client */;

--
-- Dumping data for table `photo_albums`
--

LOCK TABLES `photo_albums` WRITE;
/*!40000 ALTER TABLE `photo_albums` DISABLE KEYS */;
INSERT INTO `photo_albums` VALUES (1,'et','doloribus'),(2,'tempora','voluptate'),(3,'reprehenderit','exercitationem'),(4,'vero','voluptatum'),(5,'et','non'),(6,'corporis','non'),(7,'facere','consequatur'),(8,'possimus','itaque'),(9,'non','nihil'),(10,'illo','qui'),(11,'tenetur','voluptas'),(12,'ducimus','rerum'),(13,'suscipit','est'),(14,'esse','distinctio'),(15,'repudiandae','eaque'),(16,'commodi','est'),(17,'incidunt','quo'),(18,'velit','corporis'),(19,'delectus','a'),(20,'sed','consequuntur'),(21,'sequi','quia'),(22,'fugiat','aliquid'),(23,'eos','eius'),(24,'aspernatur','nisi'),(25,'eveniet','ea'),(26,'voluptates','voluptates'),(27,'non','maxime'),(28,'voluptatem','quae'),(29,'eaque','id'),(30,'quis','totam'),(31,'provident','beatae'),(32,'distinctio','accusantium'),(33,'dolores','id'),(34,'eos','voluptate'),(35,'numquam','tempora'),(36,'ducimus','rem'),(37,'et','facere'),(38,'amet','et'),(39,'cupiditate','aut'),(40,'et','unde'),(41,'ut','fugiat'),(42,'rerum','modi'),(43,'ut','inventore'),(44,'eum','quae'),(45,'similique','nesciunt'),(46,'maiores','sunt'),(47,'illum','et'),(48,'enim','est'),(49,'voluptatem','nobis'),(50,'vero','est'),(51,'harum','sequi'),(52,'sed','impedit'),(53,'iusto','numquam'),(54,'aut','illum'),(55,'ullam','quae'),(56,'natus','possimus'),(57,'cupiditate','veritatis'),(58,'eos','ab'),(59,'ut','quidem'),(60,'nulla','dolorem'),(61,'voluptate','aut'),(62,'ex','ea'),(63,'expedita','sint'),(64,'eos','aut'),(65,'sint','facilis'),(66,'accusamus','vitae'),(67,'tenetur','impedit'),(68,'id','et'),(69,'et','numquam'),(70,'rerum','numquam'),(71,'sed','quae'),(72,'aliquam','magni'),(73,'velit','quisquam'),(74,'aperiam','soluta'),(75,'minima','dolor'),(76,'nihil','aut'),(77,'dolor','sed'),(78,'inventore','adipisci'),(79,'id','quas'),(80,'tenetur','iusto'),(81,'repudiandae','iste'),(82,'quia','nemo'),(83,'officiis','blanditiis'),(84,'eligendi','fuga'),(85,'accusantium','alias'),(86,'consequuntur','eveniet'),(87,'aliquam','dignissimos'),(88,'assumenda','ab'),(89,'est','qui'),(90,'perspiciatis','autem'),(91,'neque','consequatur'),(92,'eaque','ut'),(93,'rerum','explicabo'),(94,'possimus','odio'),(95,'amet','quas'),(96,'fuga','sed'),(97,'est','reprehenderit'),(98,'tempora','sed'),(99,'et','eos'),(100,'accusamus','corporis'),(101,'nisi','inventore'),(102,'omnis','dolor'),(103,'omnis','modi'),(104,'dolores','aut'),(105,'odio','molestias'),(106,'quia','fuga'),(107,'illo','aperiam'),(108,'explicabo','est'),(109,'aut','in'),(110,'necessitatibus','eaque'),(111,'voluptatem','quidem'),(112,'qui','quia'),(113,'vel','et'),(114,'magnam','nostrum'),(115,'sapiente','quas'),(116,'qui','et'),(117,'error','ex'),(118,'adipisci','est'),(119,'inventore','hic'),(120,'dolorum','facere'),(121,'possimus','aut'),(122,'reiciendis','laborum'),(123,'iste','hic'),(124,'autem','repellat'),(125,'dolor','quasi'),(126,'repellat','quo'),(127,'quod','quasi'),(128,'ut','et'),(129,'quia','soluta'),(130,'veniam','et'),(131,'ab','natus'),(132,'itaque','inventore'),(133,'corrupti','repellendus'),(134,'illum','dolorem'),(135,'id','voluptates'),(136,'voluptate','qui'),(137,'qui','cum'),(138,'iusto','vel'),(139,'accusantium','ipsum'),(140,'nemo','saepe'),(141,'est','et'),(142,'dolorum','tempora'),(143,'quaerat','quidem'),(144,'dolores','qui'),(145,'esse','veritatis'),(146,'sit','fugit'),(147,'pariatur','est'),(148,'ut','ullam'),(149,'ratione','laboriosam'),(150,'ab','molestiae');
/*!40000 ALTER TABLE `photo_albums` ENABLE KEYS */;
UNLOCK TABLES;

--
-- Table structure for table `profiles`
--

DROP TABLE IF EXISTS `profiles`;
/*!40101 SET @saved_cs_client     = @@character_set_client */;
/*!40101 SET character_set_client = utf8 */;
CREATE TABLE `profiles` (
  `user_id` int(10) unsigned NOT NULL,
  `sex` char(1) NOT NULL,
  `birthday` date DEFAULT NULL,
  `hometown` varchar(100) DEFAULT NULL,
  `photo_id` int(10) unsigned NOT NULL,
  PRIMARY KEY (`user_id`),
  KEY `profiles_photo_id_fk` (`photo_id`),
  CONSTRAINT `profiles_photo_id_fk` FOREIGN KEY (`photo_id`) REFERENCES `media` (`id`),
  CONSTRAINT `profiles_user_id_fk` FOREIGN KEY (`user_id`) REFERENCES `users` (`id`)
) ENGINE=InnoDB DEFAULT CHARSET=latin1;
/*!40101 SET character_set_client = @saved_cs_client */;

--
-- Dumping data for table `profiles`
--

LOCK TABLES `profiles` WRITE;
/*!40000 ALTER TABLE `profiles` DISABLE KEYS */;
INSERT INTO `profiles` VALUES (1,'1','1970-05-17','South Carolina',1),(2,'2','1982-09-05','Ebertton',2),(3,'2','1985-08-03','East Johnniebury',3),(4,'1','1979-10-04','Angelostad',4),(5,'1','2015-03-06','Germainefort',5),(6,'1','2015-07-29','New Holdenmouth',6),(7,'1','1978-01-29','Lake Leonieshire',7),(8,'2','2003-03-12','Quintenberg',8),(9,'1','2012-08-29','Cyrilhaven',9),(10,'1','1970-06-12','Angelachester',10),(11,'2','2019-02-15','Kelliechester',11),(12,'2','1988-05-18','Jameyshire',12),(13,'2','1993-09-06','West Irvingburgh',13),(14,'2','2017-08-01','New Skylachester',14),(15,'1','1981-09-06','Allenetown',15),(16,'1','1989-02-09','Tremblayburgh',16),(17,'1','2005-03-11','Thielville',17),(18,'2','1996-01-12','Malikaside',18),(19,'1','2008-02-19','North Isaias',19),(20,'2','1978-02-16','Gutkowskiside',20),(21,'1','1990-08-31','New Bailee',21),(22,'2','1985-04-15','Carsonport',22),(23,'1','2014-03-06','South Francis',23),(24,'2','2001-05-24','Port Lonny',24),(25,'1','2009-06-29','South Irving',25),(26,'2','2006-12-15','Dibbertton',26),(27,'2','2015-12-01','Port Emile',27),(28,'1','1996-06-13','Mayaland',28),(29,'2','1997-01-04','Dennismouth',29),(30,'1','1987-11-22','Liamburgh',30),(31,'2','1991-09-19','West Davidfurt',31),(32,'1','1986-10-03','Klockoborough',32),(33,'2','1990-03-23','West Alfonzo',33),(34,'1','1985-08-01','Kimberlyton',34),(35,'1','2009-03-05','South Roosevelt',35),(36,'2','1996-04-12','Reesehaven',36),(37,'1','2014-11-10','East Dejah',37),(38,'2','1972-11-18','Port Rahsaanchester',38),(39,'2','2000-12-14','Macchester',39),(40,'2','2007-06-13','Klingmouth',40),(41,'1','1984-03-08','Huelmouth',41),(42,'1','2000-10-01','Lake Brantchester',42),(43,'2','1981-09-24','Hartmannbury',43),(44,'2','2016-11-12','New Abigayle',44),(45,'2','2018-03-27','West Finn',45),(46,'2','1990-08-10','Odellstad',46),(47,'2','2008-12-27','Spencerburgh',47),(48,'2','1974-02-17','Simeonberg',48),(49,'1','1974-06-14','Maximeview',49),(50,'2','2010-12-01','West Lenore',50),(51,'1','2005-12-04','West Lomatown',51),(52,'2','2015-03-07','Jerdeberg',52),(53,'1','2001-12-19','New Williemouth',53),(54,'2','2002-07-24','Creminton',54),(55,'2','1992-11-13','Bartellbury',55),(56,'1','1979-08-03','Jacobimouth',56),(57,'1','1997-05-05','Port Mekhiside',57),(58,'2','2003-04-27','South Ole',58),(59,'1','2003-12-05','Port Idaborough',59),(60,'2','1976-12-13','Eichmannfurt',60),(61,'2','1984-01-06','Croninview',61),(62,'2','1979-01-09','Keyshawnside',62),(63,'1','1970-08-13','Bodeport',63),(64,'2','2004-05-13','Alessandroburgh',64),(65,'2','1989-10-27','New Richard',65),(66,'1','1994-05-01','Jenkinsville',66),(67,'1','2012-12-07','Precioustown',67),(68,'2','2011-02-03','Germainechester',68),(69,'1','2004-10-20','West Zakary',69),(70,'1','2012-05-29','Lake Kelley',70),(71,'2','2007-10-29','North Freddy',71),(72,'1','1981-10-24','West Fern',72),(73,'1','1987-08-19','East Pierce',73),(74,'1','1980-05-18','Lizethland',74),(75,'1','1991-06-23','Port Karine',75),(76,'2','1980-03-01','North Katlynnmouth',76),(77,'2','2008-02-24','Lake Imogene',77),(78,'1','1971-08-28','Lake Maynard',78),(79,'2','1988-10-23','West Wileymouth',79),(80,'2','1979-12-24','Kiehnport',80),(81,'2','2006-12-12','Gustberg',81),(82,'1','2009-06-05','Norrisport',82),(83,'1','1989-07-08','Lake Alexaneton',83),(84,'1','2010-11-05','North Jenniferbury',84),(85,'2','2012-05-18','West Nat',85),(86,'2','1985-07-12','Walshhaven',86),(87,'1','1980-12-09','Vitaton',87),(88,'2','1996-03-17','Laurencehaven',88),(89,'2','2011-11-12','Marielleburgh',89),(90,'2','1987-04-05','Rowenaborough',90),(91,'1','1996-03-19','West Patience',91),(92,'2','1999-02-22','Hayesshire',92),(93,'1','1993-01-29','East Edgardobury',93),(94,'1','2008-10-29','Gersonville',94),(95,'2','1971-11-20','Cummingshaven',95),(96,'1','2009-12-22','Hirthefurt',96),(97,'1','2013-05-26','Port Lelahaven',97),(98,'1','2007-04-25','Quintentown',98),(99,'2','2000-07-11','East Elmore',99),(100,'2','1996-07-15','North Annamarieton',100);
/*!40000 ALTER TABLE `profiles` ENABLE KEYS */;
UNLOCK TABLES;

--
-- Table structure for table `subject_types`
--

DROP TABLE IF EXISTS `subject_types`;
/*!40101 SET @saved_cs_client     = @@character_set_client */;
/*!40101 SET character_set_client = utf8 */;
CREATE TABLE `subject_types` (
  `id` int(10) unsigned NOT NULL AUTO_INCREMENT,
  `name` varchar(255) DEFAULT NULL,
  `created_at` datetime DEFAULT CURRENT_TIMESTAMP,
  `updated_at` datetime DEFAULT CURRENT_TIMESTAMP ON UPDATE CURRENT_TIMESTAMP,
  PRIMARY KEY (`id`),
  UNIQUE KEY `name` (`name`)
) ENGINE=InnoDB AUTO_INCREMENT=11 DEFAULT CHARSET=latin1;
/*!40101 SET character_set_client = @saved_cs_client */;

--
-- Dumping data for table `subject_types`
--

LOCK TABLES `subject_types` WRITE;
/*!40000 ALTER TABLE `subject_types` DISABLE KEYS */;
INSERT INTO `subject_types` VALUES (1,'odio','1985-05-13 14:35:26','1992-05-25 04:00:40'),(2,'eos','1987-05-23 06:57:38','2010-06-05 18:35:47'),(3,'delectus','1996-06-16 00:01:23','2018-06-17 23:24:38'),(4,'facilis','2018-12-24 09:56:14','2014-11-04 18:13:42'),(5,'et','1976-05-02 09:06:02','1991-04-23 05:27:24'),(6,'veritatis','2011-11-03 17:58:31','1979-02-10 01:37:36'),(7,'ipsam','1983-05-11 09:48:59','1982-04-25 15:36:37'),(8,'voluptates','1971-04-27 13:07:31','1980-08-18 03:47:49'),(9,'accusamus','1990-03-26 21:14:03','2009-04-07 07:50:17'),(10,'ratione','2005-12-20 05:31:24','1986-11-15 07:17:28');
/*!40000 ALTER TABLE `subject_types` ENABLE KEYS */;
UNLOCK TABLES;

--
-- Table structure for table `users`
--

DROP TABLE IF EXISTS `users`;
/*!40101 SET @saved_cs_client     = @@character_set_client */;
/*!40101 SET character_set_client = utf8 */;
CREATE TABLE `users` (
  `id` int(10) unsigned NOT NULL AUTO_INCREMENT,
  `firstname` varchar(50) NOT NULL,
  `lastname` varchar(50) NOT NULL,
  `email` varchar(120) NOT NULL,
  `created_at` datetime DEFAULT CURRENT_TIMESTAMP,
  `updated_at` datetime DEFAULT CURRENT_TIMESTAMP ON UPDATE CURRENT_TIMESTAMP,
  PRIMARY KEY (`id`),
  UNIQUE KEY `email` (`email`),
  KEY `users_firstname_lastname_idx` (`firstname`,`lastname`),
  KEY `users_email_idx` (`email`)
) ENGINE=InnoDB AUTO_INCREMENT=101 DEFAULT CHARSET=latin1;
/*!40101 SET character_set_client = @saved_cs_client */;

--
-- Dumping data for table `users`
--

LOCK TABLES `users` WRITE;
/*!40000 ALTER TABLE `users` DISABLE KEYS */;
INSERT INTO `users` VALUES (1,'Claudia','Ferry','sbatz@example.org','1972-07-26 12:19:31','1977-07-13 15:39:47'),(2,'Modesta','Gleason','taufderhar@example.org','1971-01-20 05:53:36','1971-09-10 11:08:18'),(3,'Adalberto','Kuhn','whomenick@example.net','2010-03-04 08:25:28','2004-11-17 05:47:18'),(4,'Xander','Jaskolski','maxime36@example.net','2015-03-04 22:29:29','1997-05-27 07:00:03'),(5,'Brock','Bogisich','nokeefe@example.com','1972-07-02 03:24:46','2019-07-06 18:13:06'),(6,'Magali','Mayer','rwalter@example.com','1977-11-26 00:43:13','2011-11-02 03:26:37'),(7,'Dayne','Gaylord','claudie39@example.net','2010-01-13 21:48:12','1972-07-21 11:01:10'),(8,'Otha','McKenzie','montana.ratke@example.org','2006-11-18 19:40:15','1993-11-30 02:22:22'),(9,'Merl','Stehr','cpfeffer@example.net','2014-01-04 21:32:25','1978-08-13 05:00:38'),(10,'Jarrell','Hoeger','ophelia.mcglynn@example.com','1998-04-04 19:34:55','1995-11-19 08:03:31'),(11,'Helene','Welch','rblick@example.org','2005-04-10 01:35:12','1986-01-15 11:24:15'),(12,'Elsie','Schmitt','ondricka.zander@example.org','1977-11-16 16:20:56','2002-07-25 18:39:07'),(13,'Haley','Thompson','ivy.howe@example.org','2011-08-07 02:32:47','2003-10-13 20:36:50'),(14,'Miller','Strosin','gisselle.mcclure@example.com','1993-05-18 11:27:10','2004-05-29 22:52:33'),(15,'Norris','Eichmann','randall51@example.com','1984-07-20 11:37:34','1973-05-06 09:08:06'),(16,'Jedediah','Corwin','nicolas.henri@example.net','1992-12-30 20:24:35','2006-03-16 08:49:23'),(17,'Daniela','Stamm','reichel.laurie@example.org','1990-02-13 19:54:59','2006-03-29 18:19:20'),(18,'Hulda','Schmeler','garret.hessel@example.org','2014-07-05 06:52:42','2001-03-26 22:01:20'),(19,'Maximillia','Cummings','herman.emiliano@example.com','1972-11-10 15:54:53','1999-12-15 17:28:02'),(20,'Hannah','Bartoletti','denesik.rylee@example.org','1975-03-07 14:29:39','1987-09-11 22:15:55'),(21,'Camron','Hodkiewicz','augustus20@example.net','2011-03-09 18:06:59','1977-05-03 11:42:18'),(22,'Jonas','Becker','guillermo44@example.org','1999-06-09 14:20:22','2014-12-27 23:37:25'),(23,'Natalie','West','fisher.hector@example.com','1984-07-30 16:40:01','1972-07-19 08:35:46'),(24,'Hellen','Collier','ettie.stracke@example.com','2004-05-13 14:59:41','1976-08-09 00:13:19'),(25,'Stacy','Greenholt','bgleichner@example.org','2017-04-10 07:06:02','2018-04-30 07:00:38'),(26,'Keven','Hessel','leuschke.rico@example.org','1992-01-12 12:49:00','1980-07-09 12:19:33'),(27,'Savion','Keeling','maryse.torphy@example.org','2003-06-15 01:35:04','2015-03-11 22:18:51'),(28,'Una','Schmidt','molson@example.com','2003-02-03 06:20:51','2019-03-06 16:34:03'),(29,'Glen','Anderson','alfredo82@example.net','2006-07-19 07:59:00','1980-05-16 21:11:57'),(30,'Maximillia','Reynolds','dkuhic@example.org','1985-03-17 02:49:26','1982-03-28 14:30:05'),(31,'Kadin','Morissette','alysa.schmeler@example.com','1998-05-27 12:33:29','1973-07-12 00:20:06'),(32,'Ned','Flatley','jamie.harris@example.com','1984-06-26 22:06:12','2001-10-04 20:14:05'),(33,'Vicenta','Heidenreich','jaeden.hoppe@example.org','1997-04-18 07:34:01','2009-02-03 00:00:59'),(34,'Levi','Kutch','sylvia31@example.com','1986-09-04 05:18:58','1995-07-24 20:52:42'),(35,'Kennedy','Langworth','daniel.rolando@example.org','1986-01-24 02:36:20','1978-04-21 19:15:21'),(36,'Buford','Nader','cecil.herman@example.com','2017-01-25 11:58:39','2009-06-02 06:46:26'),(37,'Holly','Larson','raven.kertzmann@example.net','1989-11-02 19:03:38','2012-11-24 19:38:49'),(38,'Kathryne','Auer','gwendolyn97@example.net','2017-05-29 07:21:29','2018-01-25 01:00:24'),(39,'Solon','Gutkowski','mitchell.laney@example.org','1970-06-22 00:03:43','1979-08-27 06:25:03'),(40,'Judah','McKenzie','may35@example.net','2011-08-29 08:05:57','2010-07-24 18:46:31'),(41,'Myrtis','Schaden','ogaylord@example.net','1977-09-19 00:04:09','1984-04-10 08:47:40'),(42,'Ottis','Lakin','amya42@example.org','2016-12-22 02:57:55','1993-05-31 12:51:32'),(43,'Favian','Rosenbaum','wgleichner@example.com','1990-06-29 22:27:12','1975-01-25 22:18:49'),(44,'Willa','McKenzie','kurt.bernier@example.org','1990-10-11 10:55:30','1988-12-31 17:18:19'),(45,'Jamil','Abshire','remington29@example.org','1988-12-20 14:52:20','2004-09-30 23:42:12'),(46,'Sheila','Thompson','herman90@example.com','1979-10-29 18:45:10','1992-10-26 07:20:18'),(47,'Ollie','Shields','ehane@example.org','1977-06-05 08:21:13','2015-07-14 14:25:45'),(48,'Joyce','Stracke','glenda71@example.net','2011-06-21 23:43:44','1974-07-11 08:21:17'),(49,'Lamar','Harber','elizabeth.kub@example.org','1972-05-17 23:29:32','2017-02-13 22:31:23'),(50,'Prince','Reichert','bessie49@example.org','2019-04-13 12:45:02','2005-10-03 02:49:37'),(51,'Rachael','Pollich','hester69@example.net','2003-07-14 01:43:13','1997-02-28 16:50:33'),(52,'Obie','Roberts','dickens.summer@example.net','1992-07-18 06:32:24','1982-03-06 12:53:22'),(53,'Leonie','Towne','hand.shirley@example.com','1996-09-01 18:39:50','2014-12-11 07:10:43'),(54,'Carroll','Yundt','evelyn.marvin@example.com','1992-08-31 13:06:44','1976-09-27 16:27:10'),(55,'Onie','Nader','vzemlak@example.com','2001-10-29 08:50:27','1993-07-13 13:18:17'),(56,'Maria','Cole','pparker@example.org','1984-10-22 02:44:49','1973-08-19 15:59:42'),(57,'Chadrick','Schowalter','apouros@example.com','2000-10-21 12:39:00','1985-11-13 23:07:01'),(58,'Ethel','Predovic','yhills@example.org','1990-03-14 14:56:58','2012-02-03 22:08:11'),(59,'Jessie','Stoltenberg','claude76@example.com','1991-03-29 23:16:35','2007-04-25 23:57:27'),(60,'Travis','Jacobson','lucie.ruecker@example.com','1986-06-09 00:00:44','1973-08-09 01:54:38'),(61,'Elsa','Mueller','nigel65@example.net','2006-02-22 14:40:42','1978-04-06 23:56:16'),(62,'Lavonne','Doyle','gregorio19@example.net','1971-09-26 02:03:53','1984-08-10 04:57:24'),(63,'Webster','Russel','bode.orin@example.net','2011-02-17 17:23:30','1992-08-06 01:50:25'),(64,'Christ','Kessler','trinity75@example.com','2016-09-05 01:34:56','1984-03-01 14:22:32'),(65,'Alec','Kuhn','katarina43@example.net','1972-03-22 21:00:15','1991-08-24 03:24:43'),(66,'Francis','Gerhold','volkman.elody@example.org','1986-04-14 13:59:47','1989-10-20 03:50:59'),(67,'Lilly','Rippin','moen.alexander@example.org','1985-03-08 03:44:25','1979-06-20 03:56:18'),(68,'Vladimir','Rutherford','fae.runolfsdottir@example.org','2004-01-29 06:39:38','2004-02-12 01:11:52'),(69,'Lucy','Waters','beryl65@example.net','1982-05-28 03:01:56','2004-02-11 23:38:00'),(70,'Miguel','Barrows','qcormier@example.org','2012-10-01 05:23:54','2016-06-15 16:57:18'),(71,'Darwin','Wiza','ferry.ulices@example.com','2016-04-14 05:28:31','1972-02-25 22:44:21'),(72,'Jaron','Nolan','zack.lind@example.org','1973-02-10 15:48:16','2018-03-16 03:16:24'),(73,'Karson','Weimann','ctrantow@example.com','1988-08-17 20:43:33','1975-08-14 17:35:14'),(74,'Amir','Schoen','mohammed.sporer@example.net','2003-11-09 01:10:56','1992-03-19 10:18:14'),(75,'Stanford','Dickinson','nwaters@example.com','2013-05-30 00:04:35','2014-11-21 15:11:51'),(76,'Sammie','Barrows','mohara@example.org','1975-04-11 07:20:19','2019-07-06 18:13:06'),(77,'Kraig','Christiansen','vcronin@example.net','1999-09-14 14:01:06','1975-10-31 02:36:13'),(78,'Daisy','Heller','whitney.ziemann@example.net','2011-06-15 07:04:53','1973-12-01 08:22:07'),(79,'Allan','Spencer','claudie20@example.org','1995-06-04 05:19:33','2014-09-25 00:28:30'),(80,'Malika','Ryan','lenna03@example.com','2001-12-31 03:08:37','2000-12-12 07:21:09'),(81,'Raphaelle','Glover','purdy.lonny@example.com','1989-07-19 09:07:20','1990-01-25 15:04:09'),(82,'Maud','Price','alysson88@example.org','1984-11-21 13:04:10','1989-03-10 15:31:20'),(83,'Delmer','Brakus','carmela45@example.net','1971-01-03 01:14:35','2018-10-10 09:22:46'),(84,'Bo','Kohler','hamill.pamela@example.com','1999-04-13 01:50:53','1999-03-17 05:17:03'),(85,'Mazie','Feil','cruickshank.pattie@example.com','2001-05-14 13:50:58','1980-12-03 05:40:53'),(86,'Patience','Beatty','victoria22@example.org','1978-01-26 02:25:03','2015-11-22 02:19:18'),(87,'Filiberto','Sipes','verner26@example.org','2010-05-22 13:11:11','1993-06-27 21:32:02'),(88,'Leopold','Hirthe','sarmstrong@example.org','1979-11-16 03:05:56','2001-09-23 14:33:21'),(89,'Silas','Walker','price.golda@example.com','1989-07-30 05:17:18','1994-03-04 18:14:24'),(90,'Lacy','Upton','diana09@example.com','1976-04-19 11:45:33','1998-11-09 04:03:06'),(91,'Marion','Daniel','goldner.mylene@example.com','1979-01-03 07:32:27','2009-01-04 22:55:13'),(92,'Elise','Bergstrom','shanna19@example.org','1983-02-03 08:28:03','1976-09-19 12:04:26'),(93,'Freda','Funk','ublick@example.com','2001-09-20 16:11:59','2001-07-11 20:12:33'),(94,'Lewis','Lueilwitz','schmeler.sigurd@example.com','2003-04-16 09:21:37','1996-06-12 20:39:34'),(95,'Elmer','Kemmer','donny.jast@example.org','1975-06-01 22:12:06','2007-11-12 06:34:33'),(96,'Eliseo','Hermann','fabiola88@example.net','1979-10-02 22:49:42','2010-09-08 10:54:40'),(97,'Izaiah','Spinka','xmcdermott@example.com','1978-03-31 07:30:35','1987-09-06 00:28:11'),(98,'Monte','Roob','trussel@example.org','1994-07-02 12:29:10','1992-05-06 09:23:40'),(99,'Gonzalo','Becker','flatley.monroe@example.com','1973-01-19 17:25:22','1973-06-24 09:44:39'),(100,'Gerry','Bailey','harris.gladys@example.net','2016-02-03 23:27:50','2000-11-11 05:03:24');
/*!40000 ALTER TABLE `users` ENABLE KEYS */;
UNLOCK TABLES;
/*!40103 SET TIME_ZONE=@OLD_TIME_ZONE */;

/*!40101 SET SQL_MODE=@OLD_SQL_MODE */;
/*!40014 SET FOREIGN_KEY_CHECKS=@OLD_FOREIGN_KEY_CHECKS */;
/*!40014 SET UNIQUE_CHECKS=@OLD_UNIQUE_CHECKS */;
/*!40101 SET CHARACTER_SET_CLIENT=@OLD_CHARACTER_SET_CLIENT */;
/*!40101 SET CHARACTER_SET_RESULTS=@OLD_CHARACTER_SET_RESULTS */;
/*!40101 SET COLLATION_CONNECTION=@OLD_COLLATION_CONNECTION */;
/*!40111 SET SQL_NOTES=@OLD_SQL_NOTES */;

-- Dump completed on 2019-07-06 18:50:17
